name,slug,url,source,product_count,crawl_date
"Agrecoe(Qiqihar) Bioengineering Co.,Ltd",agrecoeqiqihar-bioengineering-co-ltd,https://ifanca.org/companies/agrecoeqiqihar-bioengineering-co-ltd/,company_profile,,2026-10-04
"Amano Enzyme Manufacturing (China), Ltd.",amano-enzyme-manufacturing-china-ltd,https://ifanca.org/companies/amano-enzyme-manufacturing-china-ltd/,company_profile,,2026-10-04
"Anhui BBCA Biochemical Co., Ltd.",anhui-bbca-biochemical-co-ltd,https://ifanca.org/companies/anhui-bbca-biochemical-co-ltd/,company_profile,,2026-10-04
"Anhui BBCA Fermentation Technology Engineering Research Co., Ltd",anhui-bbca-fermentation-technology-engineering-research-co-ltd,https://ifanca.org/companies/anhui-bbca-fermentation-technology-engineering-research-co-ltd/,company_profile,,2026-10-04
"Anhui BBCA Vikang Pharma Co., Ltd.",anhui-bbca-vikang-pharma-co-ltd,https://ifanca.org/companies/anhui-bbca-vikang-pharma-co-ltd/,company_profile,,2026-10-04
"Anhui Dangshan Haisheng Fresh Fruit Juice Co., Ltd.",anhui-dangshan-haisheng-fresh-fruit-juice-co-ltd,https://ifanca.org/companies/anhui-dangshan-haisheng-fresh-fruit-juice-co-ltd/,company_profile,,2026-10-04
"Anhui Dongtai Agriculture Science Development Co., Ltd.",anhui-dongtai-agriculture-science-development-co-ltd,https://ifanca.org/companies/anhui-dongtai-agriculture-science-development-co-ltd/,company_profile,,2026-10-04
"Anhui Fanrong Biotechnology Co., Ltd.",anhui-fanrong-biotechnology-co-ltd,https://ifanca.org/companies/anhui-fanrong-biotechnology-co-ltd/,company_profile,,2026-10-04
"Anhui Fubore Pharmaceutical & Chemical Co., Ltd.",anhui-fubore-pharmaceutical-chemical-co-ltd,https://ifanca.org/companies/anhui-fubore-pharmaceutical-chemical-co-ltd/,company_profile,,2026-10-04
"Anhui Hegeng Biotech Engineering Co., Ltd.",anhui-hegeng-biotech-engineering-co-ltd,https://ifanca.org/companies/anhui-hegeng-biotech-engineering-co-ltd/,company_profile,,2026-10-04
"Anhui Jinbang Medicine Chemical Co., Ltd.",anhui-jinbang-medicine-chemical-co-ltd,https://ifanca.org/companies/anhui-jinbang-medicine-chemical-co-ltd/,company_profile,,2026-10-04
"AnHui LongKing Biotechnology Co., Ltd.",anhui-longking-biotechnology-co-ltd,https://ifanca.org/companies/anhui-longking-biotechnology-co-ltd/,company_profile,,2026-10-04
"Anhui Redpont Biotechnology Co., Ltd.",anhui-redpont-biotechnology-co-ltd,https://ifanca.org/companies/anhui-redpont-biotechnology-co-ltd/,company_profile,,2026-10-04
"Anhui Tianrun Chemicals Co., Ltd.",anhui-tianrun-chemicals-co-ltd,https://ifanca.org/companies/anhui-tianrun-chemicals-co-ltd/,company_profile,,2026-10-04
"Anhui Tianyin Biotech Co., Ltd.",anhui-tianyin-biotech-co-ltd,https://ifanca.org/companies/anhui-tianyin-biotech-co-ltd/,company_profile,,2026-10-04
"Anhui Tiger Biotech Co., Ltd.",anhui-tiger-biotech-co-ltd,https://ifanca.org/companies/anhui-tiger-biotech-co-ltd/,company_profile,,2026-10-04
"Anhui Tiger Biotechnology Co., Ltd.",anhui-tiger-biotechnology-co-ltd,https://ifanca.org/companies/anhui-tiger-biotechnology-co-ltd/,company_profile,,2026-10-04
"Anhui Tiger Vitamin Development Co., Ltd.",anhui-tiger-vitamin-development-co-ltd,https://ifanca.org/companies/anhui-tiger-vitamin-development-co-ltd/,company_profile,,2026-10-04
"Anhui Tiger Vitamin Industrial Co., Ltd.",anhui-tiger-vitamin-industrial-co-ltd,https://ifanca.org/companies/anhui-tiger-vitamin-industrial-co-ltd/,company_profile,,2026-10-04
"Anhui Xinzhou Marine Biological Products Co., Ltd.",anhui-xinzhou-marine-biological-products-co-ltd,https://ifanca.org/companies/anhui-xinzhou-marine-biological-products-co-ltd/,company_profile,,2026-10-04
"Anhui Yuansen Biological Technology Co., Ltd.",anhui-yuansen-biological-technology-co-ltd,https://ifanca.org/companies/anhui-yuansen-biological-technology-co-ltd/,company_profile,,2026-10-04
"Anji Ruizhi Biotechnology Co., Ltd.",anji-ruizhi-biotechnology-co-ltd,https://ifanca.org/companies/anji-ruizhi-biotechnology-co-ltd/,company_profile,,2026-10-04
"Ankang Jinmao Biological Engineering Co., Ltd.",ankang-jinmao-biological-engineering-co-ltd,https://ifanca.org/companies/ankang-jinmao-biological-engineering-co-ltd/,company_profile,,2026-10-04
ANKER INDUSTRIAL FLUIDS LIMITED,anker-industrial-fluids-limited,https://ifanca.org/companies/anker-industrial-fluids-limited/,company_profile,,2026-10-04
"Baoding Weifull Food Co., Ltd.",baoding-weifull-food-co-ltd,https://ifanca.org/companies/baoding-weifull-food-co-ltd/,company_profile,,2026-10-04
"Baron (China) Co., Ltd.",baron-china-co-ltd,https://ifanca.org/companies/baron-china-co-ltd/,company_profile,,2026-10-04
"BC Foods Gansu Co., Ltd.",bc-foods-gansu-co-ltd,https://ifanca.org/companies/bc-foods-gansu-co-ltd/,company_profile,,2026-10-04
"BC Foods Shandong Co., Ltd.",bc-foods-shandong-co-ltd,https://ifanca.org/companies/bc-foods-shandong-co-ltd/,company_profile,,2026-10-04
"Beijing Jingfeng Pharmaceutical(Shandong) Co., Ltd.",beijing-jingfeng-pharmaceuticalshandong-co-ltd,https://ifanca.org/companies/beijing-jingfeng-pharmaceuticalshandong-co-ltd/,company_profile,,2026-10-04
Beijing LYS Chemicals Co Ltd.,beijing-lys-chemicals-co-ltd,https://ifanca.org/companies/beijing-lys-chemicals-co-ltd/,company_profile,,2026-10-04
"Beijing THTD Technology Co., Ltd.",beijing-thtd-technology-co-ltd,https://ifanca.org/companies/beijing-thtd-technology-co-ltd/,company_profile,,2026-10-04
"Beijing Topotu New Materials Co., Ltd.",beijing-topotu-new-materials-co-ltd,https://ifanca.org/companies/beijing-topotu-new-materials-co-ltd/,company_profile,,2026-10-04
"Beijing Yingmao Pharmaceutical Co., Ltd.",beijing-yingmao-pharmaceutical-co-ltd,https://ifanca.org/companies/beijing-yingmao-pharmaceutical-co-ltd/,company_profile,,2026-10-04
"Beiwei 47 (Yi'an) Green and Organic Food Co., Ltd.",beiwei-47-yian-green-and-organic-food-co-ltd,https://ifanca.org/companies/beiwei-47-yian-green-and-organic-food-co-ltd/,company_profile,,2026-10-04
"BeSpring Chemical Co., Ltd.",bespring-chemical-co-ltd,https://ifanca.org/companies/bespring-chemical-co-ltd/,company_profile,,2026-10-04
"Better World Naturals Co., Ltd.",better-world-naturals-co-ltd,https://ifanca.org/companies/better-world-naturals-co-ltd/,company_profile,,2026-10-04
Blue Pacific Flavors (Suzhou) Co. Ltd.,blue-pacific-flavors-suzhou-co-ltd,https://ifanca.org/companies/blue-pacific-flavors-suzhou-co-ltd/,company_profile,,2026-10-04
"Botanikind Shanghai Co., Ltd.",botanikind-shanghai-co-ltd,https://ifanca.org/companies/botanikind-shanghai-co-ltd/,company_profile,,2026-10-04
"CBC (Shanghai) Trading Co., Ltd.",cbc-shanghai-trading-co-ltd,https://ifanca.org/companies/cbc-shanghai-trading-co-ltd/,company_profile,,2026-10-04
"Changchun Bloom Xeon Import and Export Co., Ltd.",changchun-bloom-xeon-import-and-export-co-ltd,https://ifanca.org/companies/changchun-bloom-xeon-import-and-export-co-ltd/,company_profile,,2026-10-04
Changchun Lubolier Vegetable Seedoils Ltd.,changchun-lubolier-vegetable-seedoils-ltd,https://ifanca.org/companies/changchun-lubolier-vegetable-seedoils-ltd/,company_profile,,2026-10-04
"Changshu Coatex Additives Co., Ltd.",changshu-coatex-additives-co-ltd,https://ifanca.org/companies/changshu-coatex-additives-co-ltd/,company_profile,,2026-10-04
"Chiping Shengkang Foodstuff Co., Ltd.",chiping-shengkang-foodstuff-co-ltd,https://ifanca.org/companies/chiping-shengkang-foodstuff-co-ltd/,company_profile,,2026-10-04
"CHNV Technology Co., Ltd.",chnv-technology-co-ltd,https://ifanca.org/companies/chnv-technology-co-ltd/,company_profile,,2026-10-04
"Chongqing Chuandong Chemical Group Co., Ltd.",chongqing-chuandong-chemical-group-co-ltd,https://ifanca.org/companies/chongqing-chuandong-chemical-group-co-ltd/,company_profile,,2026-10-04
"Chongqing Danqing Biological Technology Co., Ltd.",chongqing-danqing-biological-technology-co-ltd,https://ifanca.org/companies/chongqing-danqing-biological-technology-co-ltd/,company_profile,,2026-10-04
"Chongqing Fish Well Preserved Vegetable (Group) Co., Ltd.",chongqing-fish-well-preserved-vegetable-group-co-ltd,https://ifanca.org/companies/chongqing-fish-well-preserved-vegetable-group-co-ltd/,company_profile,,2026-10-04
"Chongqing Joywin Natural Products Co., Ltd.",chongqing-joywin-natural-products-co-ltd,https://ifanca.org/companies/chongqing-joywin-natural-products-co-ltd/,company_profile,,2026-10-04
"Chongqing Transdream Technology Co., Ltd.",chongqing-transdream-technology-co-ltd,https://ifanca.org/companies/chongqing-transdream-technology-co-ltd/,company_profile,,2026-10-04
"CJ (Shenyang) Biotech Co., Ltd.,",cj-shenyang-biotech-co-ltd,https://ifanca.org/companies/cj-shenyang-biotech-co-ltd/,company_profile,,2026-10-04
"CNJ Nature Co., Ltd.",cnj-nature-co-ltd,https://ifanca.org/companies/cnj-nature-co-ltd/,company_profile,,2026-10-04
"COFCO ChongzuoJiangzhou Sugar Co., Ltd.",cofco-chongzuojiangzhou-sugar-co-ltd,https://ifanca.org/companies/cofco-chongzuojiangzhou-sugar-co-ltd/,company_profile,,2026-10-04
"Co-Transcend Biotech (Xiamen) Co.,Ltd.",co-transcend-biotech-xiamen-co-ltd,https://ifanca.org/companies/co-transcend-biotech-xiamen-co-ltd/,company_profile,,2026-10-04
"Dachan Liangyou Foods (Shanghai) Co., Ltd.",dachan-liangyou-foods-shanghai-co-ltd,https://ifanca.org/companies/dachan-liangyou-foods-shanghai-co-ltd/,company_profile,,2026-10-04
"Dacheng Liangyou Food (Tianjin) Co., Ltd.",dacheng-liangyou-food-tianjin-co-ltd,https://ifanca.org/companies/dacheng-liangyou-food-tianjin-co-ltd/,company_profile,,2026-10-04
"Dalian Haibao Biotechnology Co., Ltd.",dalian-haibao-biotechnology-co-ltd,https://ifanca.org/companies/dalian-haibao-biotechnology-co-ltd/,company_profile,,2026-10-04
"Dalian Haibao Foods Co., Ltd.",dalian-haibao-foods-co-ltd,https://ifanca.org/companies/dalian-haibao-foods-co-ltd/,company_profile,,2026-10-04
"Dalian Haixiang Food Co., Ltd.",dalian-haixiang-food-co-ltd,https://ifanca.org/companies/dalian-haixiang-food-co-ltd/,company_profile,,2026-10-04
"Dalian Luck Fine Chemical Co., Ltd.",dalian-luck-fine-chemical-co-ltd,https://ifanca.org/companies/dalian-luck-fine-chemical-co-ltd/,company_profile,,2026-10-04
"Dalian Zhudao Foodstuffs Co., Ltd.",dalian-zhudao-foodstuffs-co-ltd,https://ifanca.org/companies/dalian-zhudao-foodstuffs-co-ltd/,company_profile,,2026-10-04
"Dandong Grand Ocean Foods Co., Ltd.",dandong-grand-ocean-foods-co-ltd,https://ifanca.org/companies/dandong-grand-ocean-foods-co-ltd/,company_profile,,2026-10-04
"Dandong Shenghai Foodstuff Co., Ltd.",dandong-shenghai-foodstuff-co-ltd,https://ifanca.org/companies/dandong-shenghai-foodstuff-co-ltd/,company_profile,,2026-10-04
"Daqing Shansong Biological Products Co., Ltd.",daqing-shansong-biological-products-co-ltd,https://ifanca.org/companies/daqing-shansong-biological-products-co-ltd/,company_profile,,2026-10-04
Dasherb Corp.,dasherb-corp,https://ifanca.org/companies/dasherb-corp/,company_profile,,2026-10-04
"Datong CRRC Coal Chemicals Co., Ltd.",datong-crrc-coal-chemicals-co-ltd,https://ifanca.org/companies/datong-crrc-coal-chemicals-co-ltd/,company_profile,,2026-10-04
"Datong Heneng Activated Carbon Co., Ltd.",datong-heneng-activated-carbon-co-ltd,https://ifanca.org/companies/datong-heneng-activated-carbon-co-ltd/,company_profile,,2026-10-04
"Datong Jinsheng Haoda Coal Industry Co., Ltd.",datong-jinsheng-haoda-coal-industry-co-ltd,https://ifanca.org/companies/datong-jinsheng-haoda-coal-industry-co-ltd/,company_profile,,2026-10-04
Deqing Kangle Fine Chemical Factory,deqing-kangle-fine-chemical-factory,https://ifanca.org/companies/deqing-kangle-fine-chemical-factory/,company_profile,,2026-10-04
"Dongguan Baoxing Lubricating oil Co., Ltd.",dongguan-baoxing-lubricating-oil-co-ltd,https://ifanca.org/companies/dongguan-baoxing-lubricating-oil-co-ltd/,company_profile,,2026-10-04
"Dongtai City Spirulina Bio-engineering Co.,Ltd",dongtai-city-spirulina-bio-engineering-co-ltd,https://ifanca.org/companies/dongtai-city-spirulina-bio-engineering-co-ltd/,company_profile,,2026-10-04
"Guangxi Mingli Chemicals Co., Ltd.",guangxi-mingli-chemicals-co-ltd,https://ifanca.org/companies/guangxi-mingli-chemicals-co-ltd/,company_profile,,2026-10-04
"Dongying Hi-tech Spring Chemical Industry Co., Ltd.",dongying-hi-tech-spring-chemical-industry-co-ltd,https://ifanca.org/companies/dongying-hi-tech-spring-chemical-industry-co-ltd/,company_profile,,2026-10-04
Easy Open Lid Industry Corp Yiwu,easy-open-lid-industry-corp-yiwu,https://ifanca.org/companies/easy-open-lid-industry-corp-yiwu/,company_profile,,2026-10-04
"Ecolab (Taicang) Technology Co., Ltd.",ecolab-taicang-technology-co-ltd,https://ifanca.org/companies/ecolab-taicang-technology-co-ltd/,company_profile,,2026-10-04
"ETG (Tianjin) Food Ingredient Co., Ltd.",etg-tianjin-food-ingredient-co-ltd,https://ifanca.org/companies/etg-tianjin-food-ingredient-co-ltd/,company_profile,,2026-10-04
Ferguson (Wuhan) Biotechnologies Ltd.,ferguson-wuhan-biotechnologies-ltd,https://ifanca.org/companies/ferguson-wuhan-biotechnologies-ltd/,company_profile,,2026-10-04
"FLEXBO (Tianjin) Logistic System Hi-Tech Co., Ltd.",flexbo-tianjin-logistic-system-hi-tech-co-ltd,https://ifanca.org/companies/flexbo-tianjin-logistic-system-hi-tech-co-ltd/,company_profile,,2026-10-04
"FUJIAN COMHONY BIOTECHNOLOGY CO., LTD.",fujian-comhony-biotechnology-co-ltd,https://ifanca.org/companies/fujian-comhony-biotechnology-co-ltd/,company_profile,,2026-10-04
"Fujian Huanong Food Co., Ltd.",fujian-huanong-food-co-ltd,https://ifanca.org/companies/fujian-huanong-food-co-ltd/,company_profile,,2026-10-04
"Fujian Liyuan Active Carbon Industrial Co., Ltd.",fujian-liyuan-active-carbon-industrial-co-ltd,https://ifanca.org/companies/fujian-liyuan-active-carbon-industrial-co-ltd/,company_profile,,2026-10-04
"Fujian Nanping Green Pine Chemical Co., Ltd.",fujian-nanping-green-pine-chemical-co-ltd,https://ifanca.org/companies/fujian-nanping-green-pine-chemical-co-ltd/,company_profile,,2026-10-04
"Fujian Province Fuzhou Foreign Trade Frozen Food Factory Co., Ltd",fujian-province-fuzhou-foreign-trade-frozen-food-factory-co-ltd,https://ifanca.org/companies/fujian-province-fuzhou-foreign-trade-frozen-food-factory-co-ltd/,company_profile,,2026-10-04
"Fuping Zhonglu Fruit & Vegetable Juice Co., Ltd.",fuping-zhonglu-fruit-vegetable-juice-co-ltd,https://ifanca.org/companies/fuping-zhonglu-fruit-vegetable-juice-co-ltd/,company_profile,,2026-10-04
"GABIO Co., Ltd.",gabio-co-ltd,https://ifanca.org/companies/gabio-co-ltd/,company_profile,,2026-10-04
"Gansu Fanzhi Pharmaceutical Co., Ltd.",gansu-fanzhi-pharmaceutical-co-ltd,https://ifanca.org/companies/gansu-fanzhi-pharmaceutical-co-ltd/,company_profile,,2026-10-04
"Gansu Sandi Phytochemical Co., Ltd.",gansu-sandi-phytochemical-co-ltd,https://ifanca.org/companies/gansu-sandi-phytochemical-co-ltd/,company_profile,,2026-10-04
"Gaomi Ruifeng Foods Co., Ltd.",gaomi-ruifeng-foods-co-ltd,https://ifanca.org/companies/gaomi-ruifeng-foods-co-ltd/,company_profile,,2026-10-04
"Geneham Pharmaceutical Co., Ltd.",geneham-pharmaceutical-co-ltd,https://ifanca.org/companies/geneham-pharmaceutical-co-ltd/,company_profile,,2026-10-04
Glassven Yangzhong Additives J.V. Ltd.,glassven-yangzhong-additives-j-v-ltd,https://ifanca.org/companies/glassven-yangzhong-additives-j-v-ltd/,company_profile,,2026-10-04
"Goglio (Tianjin) Packaging Co., Ltd.",goglio-tianjin-packaging-co-ltd,https://ifanca.org/companies/goglio-tianjin-packaging-co-ltd/,company_profile,,2026-10-04
"Golden Future Flavors & Fragrances Co., Ltd.",golden-future-flavors-fragrances-co-ltd,https://ifanca.org/companies/golden-future-flavors-fragrances-co-ltd/,company_profile,,2026-10-04
"Greatlakes (Qinhuangdao) Fresh Foods & Juice Co., Ltd.",greatlakes-qinhuangdao-fresh-foods-juice-co-ltd,https://ifanca.org/companies/greatlakes-qinhuangdao-fresh-foods-juice-co-ltd/,company_profile,,2026-10-04
"GSF Kan-Pak (Hubei) Food & beverage Co., Ltd.",gsf-kan-pak-hubei-food-beverage-co-ltd,https://ifanca.org/companies/gsf-kan-pak-hubei-food-beverage-co-ltd/,company_profile,,2026-10-04
"Guangdong Audima Bio-Tech Co., Ltd.",guangdong-audima-bio-tech-co-ltd,https://ifanca.org/companies/guangdong-audima-bio-tech-co-ltd/,company_profile,,2026-10-04
"Guangdong Baiwei Bio Material Co., Ltd.",guangdong-baiwei-bio-material-co-ltd,https://ifanca.org/companies/guangdong-baiwei-bio-material-co-ltd/,company_profile,,2026-10-04
"Guangdong Goodscend Pharm. Sci & Tech. Co., Ltd.",guangdong-goodscend-pharm-sci-tech-co-ltd,https://ifanca.org/companies/guangdong-goodscend-pharm-sci-tech-co-ltd/,company_profile,,2026-10-04
"Guangdong Kaiqia Oleochemicals Co., Ltd.",guangdong-kaiqia-oleochemicals-co-ltd,https://ifanca.org/companies/guangdong-kaiqia-oleochemicals-co-ltd/,company_profile,,2026-10-04
"Guangdong Ovodan Foods Co., Ltd.",guangdong-ovodan-foods-co-ltd,https://ifanca.org/companies/guangdong-ovodan-foods-co-ltd/,company_profile,,2026-10-04
"Guangxi Donglin Food and Chemical Co., Ltd",guangxi-donglin-food-and-chemical-co-ltd,https://ifanca.org/companies/guangxi-donglin-food-and-chemical-co-ltd/,company_profile,,2026-10-04
"Guangxi Gengyuan Flavors & Fragrances Co., Ltd.",guangxi-gengyuan-flavors-fragrances-co-ltd,https://ifanca.org/companies/guangxi-gengyuan-flavors-fragrances-co-ltd/,company_profile,,2026-10-04
"Guangxi Qinzhou Capital Success Chemical Co., Ltd.",guangxi-qinzhou-capital-success-chemical-co-ltd,https://ifanca.org/companies/guangxi-qinzhou-capital-success-chemical-co-ltd/,company_profile,,2026-10-04
"Guangxi State Farms Mingyang Biochemical Co., Ltd.",guangxi-state-farms-mingyang-biochemical-co-ltd,https://ifanca.org/companies/guangxi-state-farms-mingyang-biochemical-co-ltd/,company_profile,,2026-10-04
"Guangxi Tianshi New Material Co., Ltd.",guangxi-tianshi-new-material-co-ltd,https://ifanca.org/companies/guangxi-tianshi-new-material-co-ltd/,company_profile,,2026-10-04
"Guangxi Wuzhou Mingyang Biochemical Technology Co., Ltd.",guangxi-wuzhou-mingyang-biochemical-technology-co-ltd,https://ifanca.org/companies/guangxi-wuzhou-mingyang-biochemical-technology-co-ltd/,company_profile,,2026-10-04
"Guangzhou Fofiber Biological Industry Co., Ltd. Dongchong Factory",guangzhou-fofiber-biological-industry-co-ltd-dongchong-factory,https://ifanca.org/companies/guangzhou-fofiber-biological-industry-co-ltd-dongchong-factory/,company_profile,,2026-10-04
"Guangzhou Fugidoha Food Co., Ltd.",guangzhou-fugidoha-food-co-ltd,https://ifanca.org/companies/guangzhou-fugidoha-food-co-ltd/,company_profile,,2026-10-04
Guilin Four Seasons Sunshine,guilin-four-seasons-sunshine,https://ifanca.org/companies/guilin-four-seasons-sunshine/,company_profile,,2026-10-04
Guilin GFS Monk Fruit Corp.,guilin-gfs-monk-fruit-corp,https://ifanca.org/companies/guilin-gfs-monk-fruit-corp/,company_profile,,2026-10-04
Guilin Layn Natural Ingredients Corp,guilin-layn-natural-ingredients-corp,https://ifanca.org/companies/guilin-layn-natural-ingredients-corp/,company_profile,,2026-10-04
"Guizhou Pak Sen Perfume Co., Ltd.",guizhou-pak-sen-perfume-co-ltd,https://ifanca.org/companies/guizhou-pak-sen-perfume-co-ltd/,company_profile,,2026-10-04
"Guizhou Sino-Phos Chemical Co., Ltd.",guizhou-sino-phos-chemical-co-ltd,https://ifanca.org/companies/guizhou-sino-phos-chemical-co-ltd/,company_profile,,2026-10-04
"H Orient Foods Co., Ltd. Ningbo",h-orient-foods-co-ltd-ningbo,https://ifanca.org/companies/h-orient-foods-co-ltd-ningbo/,company_profile,,2026-10-04
"Hainan Sky-Blue Ocean Foods Co., Ltd.",hainan-sky-blue-ocean-foods-co-ltd,https://ifanca.org/companies/hainan-sky-blue-ocean-foods-co-ltd/,company_profile,,2026-10-04
"Haitong Food Group Yuyao Co., Ltd.",haitong-food-group-yuyao-co-ltd,https://ifanca.org/companies/haitong-food-group-yuyao-co-ltd/,company_profile,,2026-10-04
"Hangzhou Darlly Filtration Equipment Co., Ltd.",hangzhou-darlly-filtration-equipment-co-ltd,https://ifanca.org/companies/hangzhou-darlly-filtration-equipment-co-ltd/,company_profile,,2026-10-04
"Hangzhou Grascent Co., Ltd.",hangzhou-grascent-co-ltd,https://ifanca.org/companies/hangzhou-grascent-co-ltd/,company_profile,,2026-10-04
"Hangzhou Qingyan Boshi Biotechnology Co., Ltd.",hangzhou-qingyan-boshi-biotechnology-co-ltd,https://ifanca.org/companies/hangzhou-qingyan-boshi-biotechnology-co-ltd/,company_profile,,2026-10-04
"Hangzhou Twin-Horse Biotechnology Co., Ltd.",hangzhou-twin-horse-biotechnology-co-ltd,https://ifanca.org/companies/hangzhou-twin-horse-biotechnology-co-ltd/,company_profile,,2026-10-04
"Hangzhou Yingmiao Technology Co., Ltd.",hangzhou-yingmiao-technology-co-ltd,https://ifanca.org/companies/hangzhou-yingmiao-technology-co-ltd/,company_profile,,2026-10-04
Hanzheng Ginseng Corp.,hanzheng-ginseng-corp,https://ifanca.org/companies/hanzheng-ginseng-corp/,company_profile,,2026-10-04
"Healthy (Hangzhou) Husbandry Sci-Tech Co., Ltd.",healthy-hangzhou-husbandry-sci-tech-co-ltd,https://ifanca.org/companies/healthy-hangzhou-husbandry-sci-tech-co-ltd/,company_profile,,2026-10-04
"Healthy (Henan) Biotech Co., Ltd.",healthy-henan-biotech-co-ltd,https://ifanca.org/companies/healthy-henan-biotech-co-ltd/,company_profile,,2026-10-04
"Hebei Amino Bio Technology Co., Ltd.",hebei-amino-bio-technology-co-ltd,https://ifanca.org/companies/hebei-amino-bio-technology-co-ltd/,company_profile,,2026-10-04
"Hebei First Rubber Medical Technology Co., Ltd.",hebei-first-rubber-medical-technology-co-ltd,https://ifanca.org/companies/hebei-first-rubber-medical-technology-co-ltd/,company_profile,,2026-10-04
"Hebei Grand Jiufu Biotechnology Co., Ltd.",hebei-grand-jiufu-biotechnology-co-ltd,https://ifanca.org/companies/hebei-grand-jiufu-biotechnology-co-ltd/,company_profile,,2026-10-04
"Hebei Guangxiang Pharmaceutical Co., Ltd.",hebei-guangxiang-pharmaceutical-co-ltd,https://ifanca.org/companies/hebei-guangxiang-pharmaceutical-co-ltd/,company_profile,,2026-10-04
"Hebei Haili Evergreen New Materials Co., Ltd.",hebei-haili-evergreen-new-materials-co-ltd,https://ifanca.org/companies/hebei-haili-evergreen-new-materials-co-ltd/,company_profile,,2026-10-04
"Hebei Jiafeng Plant Oils Co., Ltd.",hebei-jiafeng-plant-oils-co-ltd,https://ifanca.org/companies/hebei-jiafeng-plant-oils-co-ltd/,company_profile,,2026-10-04
"Hebei Shengxue Dacheng Pharmaceutical Co., Ltd.",hebei-shengxue-dacheng-pharmaceutical-co-ltd,https://ifanca.org/companies/hebei-shengxue-dacheng-pharmaceutical-co-ltd/,company_profile,,2026-10-04
"Hebei Xingtai Metallurgy Magnesium Co., Ltd.",hebei-xingtai-metallurgy-magnesium-co-ltd,https://ifanca.org/companies/hebei-xingtai-metallurgy-magnesium-co-ltd/,company_profile,,2026-10-04
"Hebei Xingtai Shuanghua Gypsum Products Co., Ltd.",hebei-xingtai-shuanghua-gypsum-products-co-ltd,https://ifanca.org/companies/hebei-xingtai-shuanghua-gypsum-products-co-ltd/,company_profile,,2026-10-04
"Hebei Xinhe Biochemical Co., Ltd.",hebei-xinhe-biochemical-co-ltd,https://ifanca.org/companies/hebei-xinhe-biochemical-co-ltd/,company_profile,,2026-10-04
"Hebei Yoko Biotech Co., Ltd.",hebei-yoko-biotech-co-ltd,https://ifanca.org/companies/hebei-yoko-biotech-co-ltd/,company_profile,,2026-10-04
"Hebi City Hexin Chem Ind. Co., Ltd",hebi-city-hexin-chem-ind-co-ltd,https://ifanca.org/companies/hebi-city-hexin-chem-ind-co-ltd/,company_profile,,2026-10-04
"HEC API Yichang Co., Ltd.",hec-api-yichang-co-ltd,https://ifanca.org/companies/hec-api-yichang-co-ltd/,company_profile,,2026-10-04
"Heilongjiang Beidahuang Green Health Food Co., Ltd.",heilongjiang-beidahuang-green-health-food-co-ltd,https://ifanca.org/companies/heilongjiang-beidahuang-green-health-food-co-ltd/,company_profile,,2026-10-04
"Heilongjiang Duoduo Import And Export Trade Co., Ltd.",heilongjiang-duoduo-import-and-export-trade-co-ltd,https://ifanca.org/companies/heilongjiang-duoduo-import-and-export-trade-co-ltd/,company_profile,,2026-10-04
"Henan Dingxin Pharmaceutical Technology Co., Ltd",henan-dingxin-pharmaceutical-technology-co-ltd,https://ifanca.org/companies/henan-dingxin-pharmaceutical-technology-co-ltd/,company_profile,,2026-10-04
"Henan huamei activated carbon Co.,Ltd",henan-huamei-activated-carbon-co-ltd,https://ifanca.org/companies/henan-huamei-activated-carbon-co-ltd/,company_profile,,2026-10-04
"Hengkai (Zhejiang) Bio-Innovation Co., Ltd.",hengkai-zhejiang-bio-innovation-co-ltd,https://ifanca.org/companies/hengkai-zhejiang-bio-innovation-co-ltd/,company_profile,,2026-10-04
"Herbalife NatSource (Hunan) Natural Products Co., Ltd",herbalife-natsource-hunan-natural-products-co-ltd,https://ifanca.org/companies/herbalife-natsource-hunan-natural-products-co-ltd/,company_profile,,2026-10-04
"Heze Palexpo Food Co., Ltd.",heze-palexpo-food-co-ltd,https://ifanca.org/companies/heze-palexpo-food-co-ltd/,company_profile,,2026-10-04
"Huadong Cocoa Food (Xinghua) Co., Ltd.",huadong-cocoa-food-xinghua-co-ltd,https://ifanca.org/companies/huadong-cocoa-food-xinghua-co-ltd/,company_profile,,2026-10-04
"Huaibei Bokang Bio-Technology Co., Ltd.",huaibei-bokang-bio-technology-co-ltd,https://ifanca.org/companies/huaibei-bokang-bio-technology-co-ltd/,company_profile,,2026-10-04
"HuaJia Foods Co., Ltd",huajia-foods-co-ltd,https://ifanca.org/companies/huajia-foods-co-ltd/,company_profile,,2026-10-04
"Huangshan Baiyue Activated Clay Co., Ltd.",huangshan-baiyue-activated-clay-co-ltd,https://ifanca.org/companies/huangshan-baiyue-activated-clay-co-ltd/,company_profile,,2026-10-04
"Huazhong Pharmaceutical Co., Ltd.",huazhong-pharmaceutical-co-ltd,https://ifanca.org/companies/huazhong-pharmaceutical-co-ltd/,company_profile,,2026-10-04
"Hubei Nokete Pharmaceutical Co., Ltd.",hubei-nokete-pharmaceutical-co-ltd,https://ifanca.org/companies/hubei-nokete-pharmaceutical-co-ltd/,company_profile,,2026-10-04
"Hubei Provincial Bafeng Pharmaceuticals & Chemicals Share Co., Ltd.",hubei-provincial-bafeng-pharmaceuticals-chemicals-share-co-ltd,https://ifanca.org/companies/hubei-provincial-bafeng-pharmaceuticals-chemicals-share-co-ltd/,company_profile,,2026-10-04
"HuBei Sinophorus Electronic Materials Co., Ltd.",hubei-sinophorus-electronic-materials-co-ltd,https://ifanca.org/companies/hubei-sinophorus-electronic-materials-co-ltd/,company_profile,,2026-10-04
"Hubei Truevita Pharmaceutical Co., Ltd.",hubei-truevita-pharmaceutical-co-ltd,https://ifanca.org/companies/hubei-truevita-pharmaceutical-co-ltd/,company_profile,,2026-10-04
"Hubei Well-being Biotechnology Co., Ltd.",hubei-well-being-biotechnology-co-ltd,https://ifanca.org/companies/hubei-well-being-biotechnology-co-ltd/,company_profile,,2026-10-04
"Hubei Xingfa Chemicals Group Co., Ltd.",hubei-xingfa-chemicals-group-co-ltd,https://ifanca.org/companies/hubei-xingfa-chemicals-group-co-ltd/,company_profile,,2026-10-04
"Hubei Xingfa Phosphorus Chemicals Research Institute Co., Ltd.",hubei-xingfa-phosphorus-chemicals-research-institute-co-ltd,https://ifanca.org/companies/hubei-xingfa-phosphorus-chemicals-research-institute-co-ltd/,company_profile,,2026-10-04
"Hubei Yitai Pharmaceutical Co., Ltd.",hubei-yitai-pharmaceutical-co-ltd,https://ifanca.org/companies/hubei-yitai-pharmaceutical-co-ltd/,company_profile,,2026-10-04
"Hubei Yulong Biotech Co., Ltd.",hubei-yulong-biotech-co-ltd,https://ifanca.org/companies/hubei-yulong-biotech-co-ltd/,company_profile,,2026-10-04
"Hulunbeier Northeast Fufeng Biotechnologies Co., Ltd",hulunbeier-northeast-fufeng-biotechnologies-co-ltd,https://ifanca.org/companies/hulunbeier-northeast-fufeng-biotechnologies-co-ltd/,company_profile,,2026-10-04
"Hunan Er-Kang Pharmaceutical Co., Ltd.",hunan-er-kang-pharmaceutical-co-ltd,https://ifanca.org/companies/hunan-er-kang-pharmaceutical-co-ltd/,company_profile,,2026-10-04
"Hunan Hongying Biotech Co., Ltd.",hunan-hongying-biotech-co-ltd,https://ifanca.org/companies/hunan-hongying-biotech-co-ltd/,company_profile,,2026-10-04
"Hunan NHY Bioengineering Co., Ltd.",hunan-nhy-bioengineering-co-ltd,https://ifanca.org/companies/hunan-nhy-bioengineering-co-ltd/,company_profile,,2026-10-04
"Hunan Shineway Enterprise Co., Ltd.",hunan-shineway-enterprise-co-ltd,https://ifanca.org/companies/hunan-shineway-enterprise-co-ltd/,company_profile,,2026-10-04
"Hunan Tiancheng Biochem Scitech Co., Ltd.",hunan-tiancheng-biochem-scitech-co-ltd,https://ifanca.org/companies/hunan-tiancheng-biochem-scitech-co-ltd/,company_profile,,2026-10-04
"Huzhou Zhanwang Pharmaceutical Co., Ltd.",huzhou-zhanwang-pharmaceutical-co-ltd,https://ifanca.org/companies/huzhou-zhanwang-pharmaceutical-co-ltd/,company_profile,,2026-10-04
"Inkea Health Technology (Guangdong) Co., Ltd.",inkea-health-technology-guangdong-co-ltd,https://ifanca.org/companies/inkea-health-technology-guangdong-co-ltd/,company_profile,,2026-10-04
"Inner Mongolia Baosui Pharmaceutical Co., Ltd.",inner-mongolia-baosui-pharmaceutical-co-ltd,https://ifanca.org/companies/inner-mongolia-baosui-pharmaceutical-co-ltd/,company_profile,,2026-10-04
"Inner Mongolia Ever Brilliance Biotechnology Co., Ltd.",inner-mongolia-ever-brilliance-biotechnology-co-ltd,https://ifanca.org/companies/inner-mongolia-ever-brilliance-biotechnology-co-ltd/,company_profile,,2026-10-04
"Inner Mongolia Unisplendour Chemical Co., Ltd.",inner-mongolia-unisplendour-chemical-co-ltd,https://ifanca.org/companies/inner-mongolia-unisplendour-chemical-co-ltd/,company_profile,,2026-10-04
INNOBIO Corporation Limited,innobio-corporation-limited,https://ifanca.org/companies/innobio-corporation-limited/,company_profile,,2026-10-04
"Inter Chemical (Shijiazhuang) Co., Ltd.",inter-chemical-shijiazhuang-co-ltd,https://ifanca.org/companies/inter-chemical-shijiazhuang-co-ltd/,company_profile,,2026-10-04
"Jiangmen Goody’s Food Co., Ltd.",jiangmen-goodys-food-co-ltd,https://ifanca.org/companies/jiangmen-goodys-food-co-ltd/,company_profile,,2026-10-04
Jiangmen Yiwei Foods. Co.，Ltd.,jiangmen-yiwei-foods-co-%ef%bc%8cltd,https://ifanca.org/companies/jiangmen-yiwei-foods-co-%ef%bc%8cltd/,company_profile,,2026-10-04
"Jiangsu Aoxin Biotechnology Co., Ltd.",jiangsu-aoxin-biotechnology-co-ltd,https://ifanca.org/companies/jiangsu-aoxin-biotechnology-co-ltd/,company_profile,,2026-10-04
"Jiangsu Chenbang Defoamer Technology Co., Ltd.",jiangsu-chenbang-defoamer-technology-co-ltd,https://ifanca.org/companies/jiangsu-chenbang-defoamer-technology-co-ltd/,company_profile,,2026-10-04
"Jiangsu Chengxin Pharmaceutical Co., Ltd.",jiangsu-chengxin-pharmaceutical-co-ltd,https://ifanca.org/companies/jiangsu-chengxin-pharmaceutical-co-ltd/,company_profile,,2026-10-04
"Jiangsu CiXing Pharmaceutical Co., Ltd.",jiangsu-cixing-pharmaceutical-co-ltd,https://ifanca.org/companies/jiangsu-cixing-pharmaceutical-co-ltd/,company_profile,,2026-10-04
"Jiangsu CONAT Biological Products Co., Ltd.",jiangsu-conat-biological-products-co-ltd,https://ifanca.org/companies/jiangsu-conat-biological-products-co-ltd/,company_profile,,2026-10-04
Jiangsu Hainekon Biotechnology Company Limited,jiangsu-hainekon-biotechnology-company-limited,https://ifanca.org/companies/jiangsu-hainekon-biotechnology-company-limited/,company_profile,,2026-10-04
"Jiangsu Hengxing New Material Technology Co., Ltd.",jiangsu-hengxing-new-material-technology-co-ltd,https://ifanca.org/companies/jiangsu-hengxing-new-material-technology-co-ltd/,company_profile,,2026-10-04
"Jiangsu Hongyuan Pharmaceutical Co., Ltd.",jiangsu-hongyuan-pharmaceutical-co-ltd,https://ifanca.org/companies/jiangsu-hongyuan-pharmaceutical-co-ltd/,company_profile,,2026-10-04
"Jiangsu JIYI New Material Co., Ltd.",jiangsu-jiyi-new-material-co-ltd,https://ifanca.org/companies/jiangsu-jiyi-new-material-co-ltd/,company_profile,,2026-10-04
"Jiangsu Kingshan New Material Co., Ltd.",jiangsu-kingshan-new-material-co-ltd,https://ifanca.org/companies/jiangsu-kingshan-new-material-co-ltd/,company_profile,,2026-10-04
"Jiangsu LongmemTech Co., Ltd.",jiangsu-longmemtech-co-ltd,https://ifanca.org/companies/jiangsu-longmemtech-co-ltd/,company_profile,,2026-10-04
"Jiangsu Maida New Material Co., Ltd.",jiangsu-maida-new-material-co-ltd,https://ifanca.org/companies/jiangsu-maida-new-material-co-ltd/,company_profile,,2026-10-04
"Jiangsu MPM Biotechnology Co., Ltd.",jiangsu-mpm-biotechnology-co-ltd,https://ifanca.org/companies/jiangsu-mpm-biotechnology-co-ltd/,company_profile,,2026-10-04
"Jiangsu New-Bio Biotechnology Co., Ltd.",jiangsu-new-bio-biotechnology-co-ltd,https://ifanca.org/companies/jiangsu-new-bio-biotechnology-co-ltd/,company_profile,,2026-10-04
"Jiangsu Ouk Packaging Technology Co., Ltd.",jiangsu-ouk-packaging-technology-co-ltd,https://ifanca.org/companies/jiangsu-ouk-packaging-technology-co-ltd/,company_profile,,2026-10-04
"Jiangsu Puyuan Chemical Industry Co., Ltd.",jiangsu-puyuan-chemical-industry-co-ltd,https://ifanca.org/companies/jiangsu-puyuan-chemical-industry-co-ltd/,company_profile,,2026-10-04
"Jiangsu Runjiayuan Food Co.,Ltd.",jiangsu-runjiayuan-food-co-ltd,https://ifanca.org/companies/jiangsu-runjiayuan-food-co-ltd/,company_profile,,2026-10-04
"Jiangsu Suqing Water Treatment Engineering Group Co., Ltd",jiangsu-suqing-water-treatment-engineering-group-co-ltd,https://ifanca.org/companies/jiangsu-suqing-water-treatment-engineering-group-co-ltd/,company_profile,,2026-10-04
Jiangsu Sutong Carbon Fiber Co.，Ltd,jiangsu-sutong-carbon-fiber-co-%ef%bc%8cltd,https://ifanca.org/companies/jiangsu-sutong-carbon-fiber-co-%ef%bc%8cltd/,company_profile,,2026-10-04
"Jiangsu Tailida New Materials Co., Ltd",jiangsu-tailida-new-materials-co-ltd,https://ifanca.org/companies/jiangsu-tailida-new-materials-co-ltd/,company_profile,,2026-10-04
"Jiangsu Tiansheng Pharmaceutical Co., Ltd.",jiangsu-tiansheng-pharmaceutical-co-ltd,https://ifanca.org/companies/jiangsu-tiansheng-pharmaceutical-co-ltd/,company_profile,,2026-10-04
Jiangsu Trautec Medical Technology Co.，Ltd.,jiangsu-trautec-medical-technology-co-%ef%bc%8cltd,https://ifanca.org/companies/jiangsu-trautec-medical-technology-co-%ef%bc%8cltd/,company_profile,,2026-10-04
"Jiangsu Xianzhiyuan Aquatic Food Co., ltd.",jiangsu-xianzhiyuan-aquatic-food-co-ltd,https://ifanca.org/companies/jiangsu-xianzhiyuan-aquatic-food-co-ltd/,company_profile,,2026-10-04
"Jiangsu Yuehong Bio-Tec Co., Ltd.",jiangsu-yuehong-bio-tec-co-ltd,https://ifanca.org/companies/jiangsu-yuehong-bio-tec-co-ltd/,company_profile,,2026-10-04
"Jiangxi Brother Pharmaceutical Co.,Ltd.",jiangxi-brother-pharmaceutical-co-ltd,https://ifanca.org/companies/jiangxi-brother-pharmaceutical-co-ltd/,company_profile,,2026-10-04
"Jiangxi Chengzhi Bioengineering Co., Ltd.",jiangxi-chengzhi-bioengineering-co-ltd,https://ifanca.org/companies/jiangxi-chengzhi-bioengineering-co-ltd/,company_profile,,2026-10-04
"Jiangxi Chuangrui Carbon Industry Co., Ltd.",jiangxi-chuangrui-carbon-industry-co-ltd,https://ifanca.org/companies/jiangxi-chuangrui-carbon-industry-co-ltd/,company_profile,,2026-10-04
"Jiangxi Ruiqiyuan Technology Co., Ltd.",jiangxi-ruiqiyuan-technology-co-ltd,https://ifanca.org/companies/jiangxi-ruiqiyuan-technology-co-ltd/,company_profile,,2026-10-04
"Jiangxi Shamhai Biotechnology Co., Ltd.",jiangxi-shamhai-biotechnology-co-ltd,https://ifanca.org/companies/jiangxi-shamhai-biotechnology-co-ltd/,company_profile,,2026-10-04
"Jiangxi Spice Chemical Industrial Co., Ltd.",jiangxi-spice-chemical-industrial-co-ltd,https://ifanca.org/companies/jiangxi-spice-chemical-industrial-co-ltd/,company_profile,,2026-10-04
"Jiangxi Weierbao Food & Biological Co., Ltd.",jiangxi-weierbao-food-biological-co-ltd,https://ifanca.org/companies/jiangxi-weierbao-food-biological-co-ltd/,company_profile,,2026-10-04
"Jiangxi Yi Di Technology Co., Ltd.",jiangxi-yi-di-technology-co-ltd,https://ifanca.org/companies/jiangxi-yi-di-technology-co-ltd/,company_profile,,2026-10-04
"Jiangxi Zhongao Food & Organisms Co., Ltd.",jiangxi-zhongao-food-organisms-co-ltd,https://ifanca.org/companies/jiangxi-zhongao-food-organisms-co-ltd/,company_profile,,2026-10-04
"Jiaxing Microvit Biotechnology Co., Ltd.",jiaxing-microvit-biotechnology-co-ltd,https://ifanca.org/companies/jiaxing-microvit-biotechnology-co-ltd/,company_profile,,2026-10-04
"Jiaxing Shengyuan IMP&EXP Co., Ltd",jiaxing-shengyuan-impexp-co-ltd,https://ifanca.org/companies/jiaxing-shengyuan-impexp-co-ltd/,company_profile,,2026-10-04
"Jilin Meihua Amino Acid Co., Ltd.",jilin-meihua-amino-acid-co-ltd,https://ifanca.org/companies/jilin-meihua-amino-acid-co-ltd/,company_profile,,2026-10-04
"Jinan Asia Pharmaceutical Co., Ltd.",jinan-asia-pharmaceutical-co-ltd,https://ifanca.org/companies/jinan-asia-pharmaceutical-co-ltd/,company_profile,,2026-10-04
"Jinan Pengbo Biotechnology Co., Ltd.",jinan-pengbo-biotechnology-co-ltd,https://ifanca.org/companies/jinan-pengbo-biotechnology-co-ltd/,company_profile,,2026-10-04
"Jingyang Yike Fresh Fruit Juice Co., Ltd.",jingyang-yike-fresh-fruit-juice-co-ltd,https://ifanca.org/companies/jingyang-yike-fresh-fruit-juice-co-ltd/,company_profile,,2026-10-04
Jinsanjiang (Zhaoqing) Silicon Material Company Limited,jinsanjiang-zhaoqing-silicon-material-company-limited,https://ifanca.org/companies/jinsanjiang-zhaoqing-silicon-material-company-limited/,company_profile,,2026-10-04
"Kaiping Ferpode Food Co., Ltd.",kaiping-ferpode-food-co-ltd,https://ifanca.org/companies/kaiping-ferpode-food-co-ltd/,company_profile,,2026-10-04
"Kaiyuan Hengtai Nutrition Co., Ltd.",kaiyuan-hengtai-nutrition-co-ltd,https://ifanca.org/companies/kaiyuan-hengtai-nutrition-co-ltd/,company_profile,,2026-10-04
"Kemira TC Wanfeng Chemicals (Yanzhou) Co., Ltd.",kemira-tc-wanfeng-chemicals-yanzhou-co-ltd,https://ifanca.org/companies/kemira-tc-wanfeng-chemicals-yanzhou-co-ltd/,company_profile,,2026-10-04
KinOmega Biopharm Inc.,kinomega-biopharm-inc,https://ifanca.org/companies/kinomega-biopharm-inc/,company_profile,,2026-10-04
"Kunming International Aroma Co., Ltd.",kunming-international-aroma-co-ltd,https://ifanca.org/companies/kunming-international-aroma-co-ltd/,company_profile,,2026-10-04
"L & P Food Ingredient Co., Ltd.",l-p-food-ingredient-co-ltd,https://ifanca.org/companies/l-p-food-ingredient-co-ltd/,company_profile,,2026-10-04
"Laiyang Dexin Food Co., Ltd.",laiyang-dexin-food-co-ltd,https://ifanca.org/companies/laiyang-dexin-food-co-ltd/,company_profile,,2026-10-04
"Laizhou City Laiyu Chemical Co.,Ltd",laizhou-city-laiyu-chemical-co-ltd,https://ifanca.org/companies/laizhou-city-laiyu-chemical-co-ltd/,company_profile,,2026-10-04
"Laizhou Zhongda Chemical Co., Ltd.",laizhou-zhongda-chemical-co-ltd,https://ifanca.org/companies/laizhou-zhongda-chemical-co-ltd/,company_profile,,2026-10-04
"Lamb Weston Potato (Inner Mongolia) Co., Ltd",lamb-weston-potato-inner-mongolia-co-ltd,https://ifanca.org/companies/lamb-weston-potato-inner-mongolia-co-ltd/,company_profile,,2026-10-04
"Lanxi Beier Biotechnology Co., Ltd.",lanxi-beier-biotechnology-co-ltd,https://ifanca.org/companies/lanxi-beier-biotechnology-co-ltd/,company_profile,,2026-10-04
"Liaoning Koncepnutra Co., Ltd.",liaoning-koncepnutra-co-ltd,https://ifanca.org/companies/liaoning-koncepnutra-co-ltd/,company_profile,,2026-10-04
"Liaoning SDIC Zhonglu Fruit Juice Co., Ltd.",liaoning-sdic-zhonglu-fruit-juice-co-ltd,https://ifanca.org/companies/liaoning-sdic-zhonglu-fruit-juice-co-ltd/,company_profile,,2026-10-04
Liaoning Yinghe Aroma Chemical Company Ltd.,liaoning-yinghe-aroma-chemical-company-ltd,https://ifanca.org/companies/liaoning-yinghe-aroma-chemical-company-ltd/,company_profile,,2026-10-04
"Lifecome Biochemistry Co., Ltd.",lifecome-biochemistry-co-ltd,https://ifanca.org/companies/lifecome-biochemistry-co-ltd/,company_profile,,2026-10-04
"Lingbao Doehler Xingyuan Fruit Industry Co., Ltd.",lingbao-doehler-xingyuan-fruit-industry-co-ltd,https://ifanca.org/companies/lingbao-doehler-xingyuan-fruit-industry-co-ltd/,company_profile,,2026-10-04
"LINJIANG CITY JINBAO DIATOMITE CO.,LTD.",linjiang-city-jinbao-diatomite-co-ltd,https://ifanca.org/companies/linjiang-city-jinbao-diatomite-co-ltd/,company_profile,,2026-10-04
Link U (Zhuhai) Science & Technology Ltd,link-u-zhuhai-science-technology-ltd,https://ifanca.org/companies/link-u-zhuhai-science-technology-ltd/,company_profile,,2026-10-04
"Linshu Fangxing Foodstuff Co., Ltd.",linshu-fangxing-foodstuff-co-ltd,https://ifanca.org/companies/linshu-fangxing-foodstuff-co-ltd/,company_profile,,2026-10-04
"Linyi AD & FD Foods Co., Ltd.",linyi-ad-fd-foods-co-ltd,https://ifanca.org/companies/linyi-ad-fd-foods-co-ltd/,company_profile,,2026-10-04
"Linyi Katayama Foodstuffs Co., Ltd. Canned Branch",linyi-katayama-foodstuffs-co-ltd-canned-branch,https://ifanca.org/companies/linyi-katayama-foodstuffs-co-ltd-canned-branch/,company_profile,,2026-10-04
"Linyi SDIC Zhonglu Fruit Juice Co., Ltd.",linyi-sdic-zhonglu-fruit-juice-co-ltd,https://ifanca.org/companies/linyi-sdic-zhonglu-fruit-juice-co-ltd/,company_profile,,2026-10-04
"Liverd Pharma Co., Ltd.",liverd-pharma-co-ltd,https://ifanca.org/companies/liverd-pharma-co-ltd/,company_profile,,2026-10-04
"Longkou Keda Chemical Co., Ltd.",longkou-keda-chemical-co-ltd,https://ifanca.org/companies/longkou-keda-chemical-co-ltd/,company_profile,,2026-10-04
"Love Kitchen (Wuxi) Food Co., Ltd.",love-kitchen-wuxi-food-co-ltd,https://ifanca.org/companies/love-kitchen-wuxi-food-co-ltd/,company_profile,,2026-10-04
"Luoyang Huarong Biotechnology Co., Ltd.",luoyang-huarong-biotechnology-co-ltd,https://ifanca.org/companies/luoyang-huarong-biotechnology-co-ltd/,company_profile,,2026-10-04
"Martin Bauer Tea & Botanicals (Wuhu) Co., Ltd.",martin-bauer-tea-botanicals-wuhu-co-ltd,https://ifanca.org/companies/martin-bauer-tea-botanicals-wuhu-co-ltd/,company_profile,,2026-10-04
"Meska Joinway Pharmaceutical Co., Ltd.",meska-joinway-pharmaceutical-co-ltd,https://ifanca.org/companies/meska-joinway-pharmaceutical-co-ltd/,company_profile,,2026-10-04
"Millbio (Shanghai ) Co., Ltd",millbio-shanghai-co-ltd,https://ifanca.org/companies/millbio-shanghai-co-ltd/,company_profile,,2026-10-04
"Nanjing Apogee Food Technology Co., Ltd",nanjing-apogee-food-technology-co-ltd,https://ifanca.org/companies/nanjing-apogee-food-technology-co-ltd/,company_profile,,2026-10-04
"Nanning Xingjing Technology Co., Ltd.",nanning-xingjing-technology-co-ltd,https://ifanca.org/companies/nanning-xingjing-technology-co-ltd/,company_profile,,2026-10-04
"Nantong Lianhai Wheatchain Bioproducts Co., Ltd.",nantong-lianhai-wheatchain-bioproducts-co-ltd,https://ifanca.org/companies/nantong-lianhai-wheatchain-bioproducts-co-ltd/,company_profile,,2026-10-04
"Natural Biological Group Co., Ltd.",natural-biological-group-co-ltd,https://ifanca.org/companies/natural-biological-group-co-ltd/,company_profile,,2026-10-04
"NCPC Hebei Huawei Health Industry Co., Ltd.",ncpc-hebei-huawei-health-industry-co-ltd,https://ifanca.org/companies/ncpc-hebei-huawei-health-industry-co-ltd/,company_profile,,2026-10-04
"NEIMENGGU FUFENG BIOTECHNOLOGIES CO.,LTD.",neimenggu-fufeng-biotechnologies-co-ltd,https://ifanca.org/companies/neimenggu-fufeng-biotechnologies-co-ltd/,company_profile,,2026-10-04
"Neostar United Industrial Co., Ltd.",neostar-united-industrial-co-ltd,https://ifanca.org/companies/neostar-united-industrial-co-ltd/,company_profile,,2026-10-04
"Ningbo Dafeng Jiangning New Material Technology Co.,Ltd.",ningbo-dafeng-jiangning-new-material-technology-co-ltd,https://ifanca.org/companies/ningbo-dafeng-jiangning-new-material-technology-co-ltd/,company_profile,,2026-10-04
"Ningbo Green-Health Pharmaceutical Co., Ltd.",ningbo-green-health-pharmaceutical-co-ltd,https://ifanca.org/companies/ningbo-green-health-pharmaceutical-co-ltd/,company_profile,,2026-10-04
"Ningbo Haide Interbio Biology Co., Ltd.",ningbo-haide-interbio-biology-co-ltd,https://ifanca.org/companies/ningbo-haide-interbio-biology-co-ltd/,company_profile,,2026-10-04
"Ningbo Jinzhan Biotechnology Co., Ltd.",ningbo-jinzhan-biotechnology-co-ltd,https://ifanca.org/companies/ningbo-jinzhan-biotechnology-co-ltd/,company_profile,,2026-10-04
"Ningbo Simingshan Bio-Technology Co., Ltd.",ningbo-simingshan-bio-technology-co-ltd,https://ifanca.org/companies/ningbo-simingshan-bio-technology-co-ltd/,company_profile,,2026-10-04
Ningbo Traditional Chinese Pharmaceutical Corp.,ningbo-traditional-chinese-pharmaceutical-corp,https://ifanca.org/companies/ningbo-traditional-chinese-pharmaceutical-corp/,company_profile,,2026-10-04
"Ningbo Yuanfa Bioengineering Co., Ltd.",ningbo-yuanfa-bioengineering-co-ltd,https://ifanca.org/companies/ningbo-yuanfa-bioengineering-co-ltd/,company_profile,,2026-10-04
"Ningbo Zhengguang Resin Co., Ltd",ningbo-zhengguang-resin-co-ltd,https://ifanca.org/companies/ningbo-zhengguang-resin-co-ltd/,company_profile,,2026-10-04
"Ningbo Zhenhai Haide Biotech Co., Ltd.",ningbo-zhenhai-haide-biotech-co-ltd,https://ifanca.org/companies/ningbo-zhenhai-haide-biotech-co-ltd/,company_profile,,2026-10-04
"Ningxia Qiyuan Pharmaceutical Co., Ltd.",ningxia-qiyuan-pharmaceutical-co-ltd,https://ifanca.org/companies/ningxia-qiyuan-pharmaceutical-co-ltd/,company_profile,,2026-10-04
"Ningxia Shun Yuan Tang Herbal Biotech Co., Ltd.",ningxia-shun-yuan-tang-herbal-biotech-co-ltd,https://ifanca.org/companies/ningxia-shun-yuan-tang-herbal-biotech-co-ltd/,company_profile,,2026-10-04
"Ningxia Zhongning Chunqi Wolfberry Technology Co., Ltd.",ningxia-zhongning-chunqi-wolfberry-technology-co-ltd,https://ifanca.org/companies/ningxia-zhongning-chunqi-wolfberry-technology-co-ltd/,company_profile,,2026-10-04
"Nugene Pharma (Shandong) Co., Ltd.",nugene-pharma-shandong-co-ltd,https://ifanca.org/companies/nugene-pharma-shandong-co-ltd/,company_profile,,2026-10-04
Nuliv Biomedicine Inc.,nuliv-biomedicine-inc,https://ifanca.org/companies/nuliv-biomedicine-inc/,company_profile,,2026-10-04
"Nutrition BioTech Co., Ltd.",nutrition-biotech-co-ltd,https://ifanca.org/companies/nutrition-biotech-co-ltd/,company_profile,,2026-10-04
"PanJin HuaCheng Pharmaceutical Co., Ltd.",panjin-huacheng-pharmaceutical-co-ltd,https://ifanca.org/companies/panjin-huacheng-pharmaceutical-co-ltd/,company_profile,,2026-10-04
Petrochina Daqing Petrochemical Company,petrochina-daqing-petrochemical-company,https://ifanca.org/companies/petrochina-daqing-petrochemical-company/,company_profile,,2026-10-04
PetroChina Lubricant Company Shanghai Product Design Branch,petrochina-lubricant-company-shanghai-product-design-branch,https://ifanca.org/companies/petrochina-lubricant-company-shanghai-product-design-branch/,company_profile,,2026-10-04
"Pu-Jie Aroma Chemicals (Shanghai) Co., Ltd.",pu-jie-aroma-chemicals-shanghai-co-ltd,https://ifanca.org/companies/pu-jie-aroma-chemicals-shanghai-co-ltd/,company_profile,,2026-10-04
"Punature Food Ingredients Co., Ltd.",punature-food-ingredients-co-ltd,https://ifanca.org/companies/punature-food-ingredients-co-ltd/,company_profile,,2026-10-04
Pure Resin Co. Ltd.,pure-resin-co-ltd,https://ifanca.org/companies/pure-resin-co-ltd/,company_profile,,2026-10-04
"Qianjiang Green Sea Treasure Biological Technology Co., Ltd",qianjiang-green-sea-treasure-biological-technology-co-ltd,https://ifanca.org/companies/qianjiang-green-sea-treasure-biological-technology-co-ltd/,company_profile,,2026-10-04
"Qingdao Artificial Casing Co., Ltd.",qingdao-artificial-casing-co-ltd,https://ifanca.org/companies/qingdao-artificial-casing-co-ltd/,company_profile,,2026-10-04
"Qingdao Baivid Spices Foods Technology Co., Ltd.",qingdao-baivid-spices-foods-technology-co-ltd,https://ifanca.org/companies/qingdao-baivid-spices-foods-technology-co-ltd/,company_profile,,2026-10-04
Qingdao CBH Company Limited,qingdao-cbh-company-limited,https://ifanca.org/companies/qingdao-cbh-company-limited/,company_profile,,2026-10-04
"Qingdao Dehui Halobios Science and Technology Co.,Ltd.",qingdao-dehui-halobios-science-and-technology-co-ltd,https://ifanca.org/companies/qingdao-dehui-halobios-science-and-technology-co-ltd/,company_profile,,2026-10-04
Qingdao Fuso Refining & Processing Co. Ltd.,qingdao-fuso-refining-processing-co-ltd,https://ifanca.org/companies/qingdao-fuso-refining-processing-co-ltd/,company_profile,,2026-10-04
"Qingdao Heritage Food Co., Ltd.",qingdao-heritage-food-co-ltd,https://ifanca.org/companies/qingdao-heritage-food-co-ltd/,company_profile,,2026-10-04
"Qingdao Jiutai Biotechnology Co., Ltd.",qingdao-jiutai-biotechnology-co-ltd,https://ifanca.org/companies/qingdao-jiutai-biotechnology-co-ltd/,company_profile,,2026-10-04
"Qingdao Ketai Biologic Material Co., Ltd.",qingdao-ketai-biologic-material-co-ltd,https://ifanca.org/companies/qingdao-ketai-biologic-material-co-ltd/,company_profile,,2026-10-04
"Qingdao Redstar Chemical Group Natural Pigment Co., Ltd.",qingdao-redstar-chemical-group-natural-pigment-co-ltd,https://ifanca.org/companies/qingdao-redstar-chemical-group-natural-pigment-co-ltd/,company_profile,,2026-10-04
"Qingdao Sursum Trading Co., Ltd.",qingdao-sursum-trading-co-ltd,https://ifanca.org/companies/qingdao-sursum-trading-co-ltd/,company_profile,,2026-10-04
Qingdao Yongfa Foods Co. Ltd,qingdao-yongfa-foods-co-ltd,https://ifanca.org/companies/qingdao-yongfa-foods-co-ltd/,company_profile,,2026-10-04
"Qiqihar Longjiang Fufeng Biotechnologies Co., Ltd.",qiqihar-longjiang-fufeng-biotechnologies-co-ltd,https://ifanca.org/companies/qiqihar-longjiang-fufeng-biotechnologies-co-ltd/,company_profile,,2026-10-04
"Qizhong Chemical Co., Ltd.",qizhong-chemical-co-ltd,https://ifanca.org/companies/qizhong-chemical-co-ltd/,company_profile,,2026-10-04
"Quanzhou LN Biochemical Co., Ltd.",quanzhou-ln-biochemical-co-ltd,https://ifanca.org/companies/quanzhou-ln-biochemical-co-ltd/,company_profile,,2026-10-04
"Qufu Hina Pharmaceutical Co., Ltd.",qufu-hina-pharmaceutical-co-ltd,https://ifanca.org/companies/qufu-hina-pharmaceutical-co-ltd/,company_profile,,2026-10-04
"Quzhou Xunlong Aquatic Food Sci-tech Development Co.,Ltd.",quzhou-xunlong-aquatic-food-sci-tech-development-co-ltd,https://ifanca.org/companies/quzhou-xunlong-aquatic-food-sci-tech-development-co-ltd/,company_profile,,2026-10-04
"REEPHOS FOOD INGREDIENTS CO., LTD.",reephos-food-ingredients-co-ltd,https://ifanca.org/companies/reephos-food-ingredients-co-ltd/,company_profile,,2026-10-04
Rensin Chemicals Limited,rensin-chemicals-limited,https://ifanca.org/companies/rensin-chemicals-limited/,company_profile,,2026-10-04
"Reyoung Pharmaceutical Co., Ltd.",reyoung-pharmaceutical-co-ltd,https://ifanca.org/companies/reyoung-pharmaceutical-co-ltd/,company_profile,,2026-10-04
"RZBC (Juxian) Co., Ltd.",rzbc-juxian-co-ltd,https://ifanca.org/companies/rzbc-juxian-co-ltd/,company_profile,,2026-10-04
"Scholle IPN Packaging (Suzhou) Co., Ltd",scholle-ipn-packaging-suzhou-co-ltd,https://ifanca.org/companies/scholle-ipn-packaging-suzhou-co-ltd/,company_profile,,2026-10-04
"SHAANXI GENEX BIO-TECH CO., LTD",shaanxi-genex-bio-tech-co-ltd,https://ifanca.org/companies/shaanxi-genex-bio-tech-co-ltd/,company_profile,,2026-10-04
"Shaanxi Pioneer Biotech Co., Ltd.",shaanxi-pioneer-biotech-co-ltd,https://ifanca.org/companies/shaanxi-pioneer-biotech-co-ltd/,company_profile,,2026-10-04
"Shaanxi Prispex SFE Co., Ltd.",shaanxi-prispex-sfe-co-ltd,https://ifanca.org/companies/shaanxi-prispex-sfe-co-ltd/,company_profile,,2026-10-04
"Shaanxi Xianyang Chunhua Zhongfu Industirial Co., Ltd.",shaanxi-xianyang-chunhua-zhongfu-industirial-co-ltd,https://ifanca.org/companies/shaanxi-xianyang-chunhua-zhongfu-industirial-co-ltd/,company_profile,,2026-10-04
"Shandong Bence Import and Export Co., Ltd.",shandong-bence-import-and-export-co-ltd,https://ifanca.org/companies/shandong-bence-import-and-export-co-ltd/,company_profile,,2026-10-04
"Shandong Benyue Biological Technology Co., Ltd.",shandong-benyue-biological-technology-co-ltd,https://ifanca.org/companies/shandong-benyue-biological-technology-co-ltd/,company_profile,,2026-10-04
"Shandong Changhong Food Additives Co., Ltd.",shandong-changhong-food-additives-co-ltd,https://ifanca.org/companies/shandong-changhong-food-additives-co-ltd/,company_profile,,2026-10-04
"Shandong Ensign Industry Co., Ltd.",shandong-ensign-industry-co-ltd,https://ifanca.org/companies/shandong-ensign-industry-co-ltd/,company_profile,,2026-10-04
Shandong Fufeng Fermentation Co. Ltd.,shandong-fufeng-fermentation-co-ltd,https://ifanca.org/companies/shandong-fufeng-fermentation-co-ltd/,company_profile,,2026-10-04
"Shandong Hengren Industry and Trade Co., Ltd.",shandong-hengren-industry-and-trade-co-ltd,https://ifanca.org/companies/shandong-hengren-industry-and-trade-co-ltd/,company_profile,,2026-10-04
"Shandong Jiahua Water Treatment Technology Co., Ltd.",shandong-jiahua-water-treatment-technology-co-ltd,https://ifanca.org/companies/shandong-jiahua-water-treatment-technology-co-ltd/,company_profile,,2026-10-04
"Shandong Jiande Biomedical Co., Ltd",shandong-jiande-biomedical-co-ltd,https://ifanca.org/companies/shandong-jiande-biomedical-co-ltd/,company_profile,,2026-10-04
"Shandong Jianyuan Bioengineering Co., LTD.",shandong-jianyuan-bioengineering-co-ltd,https://ifanca.org/companies/shandong-jianyuan-bioengineering-co-ltd/,company_profile,,2026-10-04
"Shandong Jincheng Bio-Pharmaceutical Co., Ltd.",shandong-jincheng-bio-pharmaceutical-co-ltd,https://ifanca.org/companies/shandong-jincheng-bio-pharmaceutical-co-ltd/,company_profile,,2026-10-04
Shandong Jindu Talin Foods Co. Ltd.,shandong-jindu-talin-foods-co-ltd,https://ifanca.org/companies/shandong-jindu-talin-foods-co-ltd/,company_profile,,2026-10-04
"Shandong Kailong Chemical Technology Development Co., Ltd.",shandong-kailong-chemical-technology-development-co-ltd,https://ifanca.org/companies/shandong-kailong-chemical-technology-development-co-ltd/,company_profile,,2026-10-04
"Shandong Lonct Enzymes Co., Ltd.",shandong-lonct-enzymes-co-ltd,https://ifanca.org/companies/shandong-lonct-enzymes-co-ltd/,company_profile,,2026-10-04
"Shandong Longda Bio-Products Co., Ltd.",shandong-longda-bio-products-co-ltd,https://ifanca.org/companies/shandong-longda-bio-products-co-ltd/,company_profile,,2026-10-04
"Shandong Longxin Pharmaceutical Co., Ltd.",shandong-longxin-pharmaceutical-co-ltd,https://ifanca.org/companies/shandong-longxin-pharmaceutical-co-ltd/,company_profile,,2026-10-04
"Shandong Luling Fruit Juice Co., Ltd.",shandong-luling-fruit-juice-co-ltd,https://ifanca.org/companies/shandong-luling-fruit-juice-co-ltd/,company_profile,,2026-10-04
"Shandong Lvnong Food Technology Co., Ltd.",shandong-lvnong-food-technology-co-ltd,https://ifanca.org/companies/shandong-lvnong-food-technology-co-ltd/,company_profile,,2026-10-04
"Shandong NHU Vitamin Co., Ltd.",shandong-nhu-vitamin-co-ltd,https://ifanca.org/companies/shandong-nhu-vitamin-co-ltd/,company_profile,,2026-10-04
"Shandong Nuoer Biological Technology Co., Ltd.",shandong-nuoer-biological-technology-co-ltd,https://ifanca.org/companies/shandong-nuoer-biological-technology-co-ltd/,company_profile,,2026-10-04
"Shandong Pangda Food Co., Ltd.",shandong-pangda-food-co-ltd,https://ifanca.org/companies/shandong-pangda-food-co-ltd/,company_profile,,2026-10-04
"Shandong Runhui Apiculture Co., Ltd.",shandong-runhui-apiculture-co-ltd,https://ifanca.org/companies/shandong-runhui-apiculture-co-ltd/,company_profile,,2026-10-04
"Shandong Tianli Pharmaceutical Co., Ltd.",shandong-tianli-pharmaceutical-co-ltd,https://ifanca.org/companies/shandong-tianli-pharmaceutical-co-ltd/,company_profile,,2026-10-04
"Shandong Tianyin Biotechnology Co., Ltd",shandong-tianyin-biotechnology-co-ltd,https://ifanca.org/companies/shandong-tianyin-biotechnology-co-ltd/,company_profile,,2026-10-04
"Shandong Xinhua Pharmaceutical Co., Ltd.",shandong-xinhua-pharmaceutical-co-ltd,https://ifanca.org/companies/shandong-xinhua-pharmaceutical-co-ltd/,company_profile,,2026-10-04
"Shandong Yingyang Flavors & Fragrances Co., Ltd.",shandong-yingyang-flavors-fragrances-co-ltd,https://ifanca.org/companies/shandong-yingyang-flavors-fragrances-co-ltd/,company_profile,,2026-10-04
"Shandong Zhongke Green Carbon Hi-Tech Co., Ltd.",shandong-zhongke-green-carbon-hi-tech-co-ltd,https://ifanca.org/companies/shandong-zhongke-green-carbon-hi-tech-co-ltd/,company_profile,,2026-10-04
Shanghai AB Food & Beverages Ltd.,shanghai-ab-food-beverages-ltd,https://ifanca.org/companies/shanghai-ab-food-beverages-ltd/,company_profile,,2026-10-04
"Shanghai Ailu Package Co., Ltd. (Jinshan Branch)",shanghai-ailu-package-co-ltd-jinshan-branch,https://ifanca.org/companies/shanghai-ailu-package-co-ltd-jinshan-branch/,company_profile,,2026-10-04
"Shanghai Baixin Material Co., Ltd.",shanghai-baixin-material-co-ltd,https://ifanca.org/companies/shanghai-baixin-material-co-ltd/,company_profile,,2026-10-04
Shanghai Dashanhe Edible Technology Co. Ltd.,shanghai-dashanhe-edible-technology-co-ltd,https://ifanca.org/companies/shanghai-dashanhe-edible-technology-co-ltd/,company_profile,,2026-10-04
"Shanghai Egt Synbio Group Co., Ltd.",shanghai-egt-synbio-group-co-ltd,https://ifanca.org/companies/shanghai-egt-synbio-group-co-ltd/,company_profile,,2026-10-04
Shanghai Epochal Aromatic Ltd.,shanghai-epochal-aromatic-ltd,https://ifanca.org/companies/shanghai-epochal-aromatic-ltd/,company_profile,,2026-10-04
"Shanghai Fine Chemical Co., Ltd.",shanghai-fine-chemical-co-ltd,https://ifanca.org/companies/shanghai-fine-chemical-co-ltd/,company_profile,,2026-10-04
"Shanghai Guangxu Daily Commodity Co., Ltd.",shanghai-guangxu-daily-commodity-co-ltd,https://ifanca.org/companies/shanghai-guangxu-daily-commodity-co-ltd/,company_profile,,2026-10-04
"Shanghai Hengli Water Treatment Material Co., Ltd",shanghai-hengli-water-treatment-material-co-ltd,https://ifanca.org/companies/shanghai-hengli-water-treatment-material-co-ltd/,company_profile,,2026-10-04
"Shanghai Kemao Medical Packing Co., Ltd.",shanghai-kemao-medical-packing-co-ltd,https://ifanca.org/companies/shanghai-kemao-medical-packing-co-ltd/,company_profile,,2026-10-04
"Shanghai Mafco Biotech Co., Ltd.",shanghai-mafco-biotech-co-ltd,https://ifanca.org/companies/shanghai-mafco-biotech-co-ltd/,company_profile,,2026-10-04
"Sinogel Amino Acid Co., Ltd.",sinogel-amino-acid-co-ltd,https://ifanca.org/companies/sinogel-amino-acid-co-ltd/,company_profile,,2026-10-04
"SINOKET(LINYI) FOOD INGREDIENT CO.,LTD",sinoketlinyi-food-ingredient-co-ltd,https://ifanca.org/companies/sinoketlinyi-food-ingredient-co-ltd/,company_profile,,2026-10-04
Sino-Linchem International Inc.,sino-linchem-international-inc,https://ifanca.org/companies/sino-linchem-international-inc/,company_profile,,2026-10-04
Sinopec Qilu Branch,sinopec-qilu-branch,https://ifanca.org/companies/sinopec-qilu-branch/,company_profile,,2026-10-04
"Sinopharm Weiqida Pharmaceutical Co., Ltd.",sinopharm-weiqida-pharmaceutical-co-ltd,https://ifanca.org/companies/sinopharm-weiqida-pharmaceutical-co-ltd/,company_profile,,2026-10-04
"Shanghai Maiyou Food Co., Ltd.",shanghai-maiyou-food-co-ltd,https://ifanca.org/companies/shanghai-maiyou-food-co-ltd/,company_profile,,2026-10-04
"Shanghai Mintchem Development Co., Ltd.",shanghai-mintchem-development-co-ltd,https://ifanca.org/companies/shanghai-mintchem-development-co-ltd/,company_profile,,2026-10-04
Shanghai Totole Food Ltd.,shanghai-totole-food-ltd,https://ifanca.org/companies/shanghai-totole-food-ltd/,company_profile,,2026-10-04
Shantou Yuexing Enterprise Company,shantou-yuexing-enterprise-company,https://ifanca.org/companies/shantou-yuexing-enterprise-company/,company_profile,,2026-10-04
"Shanxi Carbon Industry Co., Ltd.",shanxi-carbon-industry-co-ltd,https://ifanca.org/companies/shanxi-carbon-industry-co-ltd/,company_profile,,2026-10-04
"Shanxi JC Biological Technology Co., Ltd.",shanxi-jc-biological-technology-co-ltd,https://ifanca.org/companies/shanxi-jc-biological-technology-co-ltd/,company_profile,,2026-10-04
"Shanxi Jiaxinda Food Co., Ltd.",shanxi-jiaxinda-food-co-ltd,https://ifanca.org/companies/shanxi-jiaxinda-food-co-ltd/,company_profile,,2026-10-04
"Shanxi SDIC Zhonglu Fruit Juice Co., Ltd.",shanxi-sdic-zhonglu-fruit-juice-co-ltd,https://ifanca.org/companies/shanxi-sdic-zhonglu-fruit-juice-co-ltd/,company_profile,,2026-10-04
"Shanxi Xinhui Activated Carbon Co., Ltd.",shanxi-xinhui-activated-carbon-co-ltd,https://ifanca.org/companies/shanxi-xinhui-activated-carbon-co-ltd/,company_profile,,2026-10-04
"Shanxi Zhaoyi Chemical Co., Ltd.",shanxi-zhaoyi-chemical-co-ltd,https://ifanca.org/companies/shanxi-zhaoyi-chemical-co-ltd/,company_profile,,2026-10-04
"Shaoxing King-Year Biochemical Co., Ltd.",shaoxing-king-year-biochemical-co-ltd,https://ifanca.org/companies/shaoxing-king-year-biochemical-co-ltd/,company_profile,,2026-10-04
"Shenyang Tianfeng Biological Pharmaceutical Co., Ltd.",shenyang-tianfeng-biological-pharmaceutical-co-ltd,https://ifanca.org/companies/shenyang-tianfeng-biological-pharmaceutical-co-ltd/,company_profile,,2026-10-04
Shenyangshi Haizhongtian Fine Chemical Factory,shenyangshi-haizhongtian-fine-chemical-factory,https://ifanca.org/companies/shenyangshi-haizhongtian-fine-chemical-factory/,company_profile,,2026-10-04
"Shenzhen Readline Biotech Co., Ltd",shenzhen-readline-biotech-co-ltd,https://ifanca.org/companies/shenzhen-readline-biotech-co-ltd/,company_profile,,2026-10-04
"Shijiazhuang Chiyuen Food Technology Co., Ltd.",shijiazhuang-chiyuen-food-technology-co-ltd,https://ifanca.org/companies/shijiazhuang-chiyuen-food-technology-co-ltd/,company_profile,,2026-10-04
"Shijiazhuang Donghua Jinlong Chemical Co., Ltd.",shijiazhuang-donghua-jinlong-chemical-co-ltd,https://ifanca.org/companies/shijiazhuang-donghua-jinlong-chemical-co-ltd/,company_profile,,2026-10-04
"Shijiazhuang Senyu Biotechnology Co., Ltd.",shijiazhuang-senyu-biotechnology-co-ltd,https://ifanca.org/companies/shijiazhuang-senyu-biotechnology-co-ltd/,company_profile,,2026-10-04
"Shine Star (Hubei) Biological Engineering Co., Ltd",shine-star-hubei-biological-engineering-co-ltd,https://ifanca.org/companies/shine-star-hubei-biological-engineering-co-ltd/,company_profile,,2026-10-04
"Shishi Huabao Mingxiang Foodstuff Co., Ltd.",shishi-huabao-mingxiang-foodstuff-co-ltd,https://ifanca.org/companies/shishi-huabao-mingxiang-foodstuff-co-ltd/,company_profile,,2026-10-04
"Shishi Zhengyuan Aquatic Product Science & Technology Development Co., Ltd.",shishi-zhengyuan-aquatic-product-science-technology-development-co-ltd,https://ifanca.org/companies/shishi-zhengyuan-aquatic-product-science-technology-development-co-ltd/,company_profile,,2026-10-04
"Shouguang Zhongrui Biotechnology Co., Ltd.",shouguang-zhongrui-biotechnology-co-ltd,https://ifanca.org/companies/shouguang-zhongrui-biotechnology-co-ltd/,company_profile,,2026-10-04
"Sichuan Guangsong Pharmaceutical Co., Ltd.",sichuan-guangsong-pharmaceutical-co-ltd,https://ifanca.org/companies/sichuan-guangsong-pharmaceutical-co-ltd/,company_profile,,2026-10-04
Sichuan Uncle Pop Foodstuff Industrial Group Company Ltd.,sichuan-uncle-pop-foodstuff-industrial-group-company-ltd,https://ifanca.org/companies/sichuan-uncle-pop-foodstuff-industrial-group-company-ltd/,company_profile,,2026-10-04
Sinochem Health Company Ltd.,sinochem-health-company-ltd,https://ifanca.org/companies/sinochem-health-company-ltd/,company_profile,,2026-10-04
"Sinopharm Xinjiang Jinxing Licorice Products Co., Ltd.",sinopharm-xinjiang-jinxing-licorice-products-co-ltd,https://ifanca.org/companies/sinopharm-xinjiang-jinxing-licorice-products-co-ltd/,company_profile,,2026-10-04
"Sinphar Tian-Li Pharmaceutical Co., Ltd. (Hangzhou)",sinphar-tian-li-pharmaceutical-co-ltd-hangzhou,https://ifanca.org/companies/sinphar-tian-li-pharmaceutical-co-ltd-hangzhou/,company_profile,,2026-10-04
"Soda Aromatic (Kunshan) Co., Ltd.",soda-aromatic-kunshan-co-ltd,https://ifanca.org/companies/soda-aromatic-kunshan-co-ltd/,company_profile,,2026-10-04
"Stone Forest Astaxanthin Biotech Co., Ltd.",stone-forest-astaxanthin-biotech-co-ltd,https://ifanca.org/companies/stone-forest-astaxanthin-biotech-co-ltd/,company_profile,,2026-10-04
"Sungen Bioscience Co., Ltd.",sungen-bioscience-co-ltd,https://ifanca.org/companies/sungen-bioscience-co-ltd/,company_profile,,2026-10-04
Suntaq International Limited,suntaq-international-limited,https://ifanca.org/companies/suntaq-international-limited/,company_profile,,2026-10-04
"Suqian Modern Biology Technology Co., Ltd.",suqian-modern-biology-technology-co-ltd,https://ifanca.org/companies/suqian-modern-biology-technology-co-ltd/,company_profile,,2026-10-04
"Suzhou Brillachem Co., Ltd.",suzhou-brillachem-co-ltd,https://ifanca.org/companies/suzhou-brillachem-co-ltd/,company_profile,,2026-10-04
"Suzhou Eleco Chemical Industry Co., Ltd.",suzhou-eleco-chemical-industry-co-ltd,https://ifanca.org/companies/suzhou-eleco-chemical-industry-co-ltd/,company_profile,,2026-10-04
"Suzhou Hongchang Packing Material Co., Ltd.",suzhou-hongchang-packing-material-co-ltd,https://ifanca.org/companies/suzhou-hongchang-packing-material-co-ltd/,company_profile,,2026-10-04
"Suzhou Jingle Packaging Technology Co., Ltd.",suzhou-jingle-packaging-technology-co-ltd,https://ifanca.org/companies/suzhou-jingle-packaging-technology-co-ltd/,company_profile,,2026-10-04
"Suzhou Mega Food Co, LTD",suzhou-mega-food-co-ltd,https://ifanca.org/companies/suzhou-mega-food-co-ltd/,company_profile,,2026-10-04
"Suzhou Ovodan Foods Co., Ltd.",suzhou-ovodan-foods-co-ltd,https://ifanca.org/companies/suzhou-ovodan-foods-co-ltd/,company_profile,,2026-10-04
"Sweet Green Fields Co., Ltd.",sweet-green-fields-co-ltd,https://ifanca.org/companies/sweet-green-fields-co-ltd/,company_profile,,2026-10-04
"SYNBIOTECH Biotechnology (Yangzhou) Co., Ltd.",synbiotech-biotechnology-yangzhou-co-ltd,https://ifanca.org/companies/synbiotech-biotechnology-yangzhou-co-ltd/,company_profile,,2026-10-04
"Taian Ruitai Cellulose Co., Ltd.",taian-ruitai-cellulose-co-ltd,https://ifanca.org/companies/taian-ruitai-cellulose-co-ltd/,company_profile,,2026-10-04
"Taizhou Hisound Pharmaceutical Co., Ltd.",taizhou-hisound-pharmaceutical-co-ltd,https://ifanca.org/companies/taizhou-hisound-pharmaceutical-co-ltd/,company_profile,,2026-10-04
"Tangshan Sanyou Chemical Industries Co., Ltd.",tangshan-sanyou-chemical-industries-co-ltd,https://ifanca.org/companies/tangshan-sanyou-chemical-industries-co-ltd/,company_profile,,2026-10-04
"Tangshan Zhenzhu Chestnut Foods Co., Ltd.",tangshan-zhenzhu-chestnut-foods-co-ltd,https://ifanca.org/companies/tangshan-zhenzhu-chestnut-foods-co-ltd/,company_profile,,2026-10-04
"Taste Legend Bio-Tech Co., Ltd.",taste-legend-bio-tech-co-ltd,https://ifanca.org/companies/taste-legend-bio-tech-co-ltd/,company_profile,,2026-10-04
Telsun Chemical & Scientific Limited,telsun-chemical-scientific-limited,https://ifanca.org/companies/telsun-chemical-scientific-limited/,company_profile,,2026-10-04
"Tianjin Biofeed Technology Co., Ltd.",tianjin-biofeed-technology-co-ltd,https://ifanca.org/companies/tianjin-biofeed-technology-co-ltd/,company_profile,,2026-10-04
"Tianjin Dongda Chemical Group Co., Ltd.",tianjin-dongda-chemical-group-co-ltd,https://ifanca.org/companies/tianjin-dongda-chemical-group-co-ltd/,company_profile,,2026-10-04
"Tianjin Duofuyuan Industrial Co.,Ltd",tianjin-duofuyuan-industrial-co-ltd,https://ifanca.org/companies/tianjin-duofuyuan-industrial-co-ltd/,company_profile,,2026-10-04
"Tianjin Kaiwei and Yongli United Chemical Co.,Ltd.",tianjin-kaiwei-and-yongli-united-chemical-co-ltd,https://ifanca.org/companies/tianjin-kaiwei-and-yongli-united-chemical-co-ltd/,company_profile,,2026-10-04
"Tianjin Longhua Chengxin Powder Technology Co., Ltd.",tianjin-longhua-chengxin-powder-technology-co-ltd,https://ifanca.org/companies/tianjin-longhua-chengxin-powder-technology-co-ltd/,company_profile,,2026-10-04
"Tianjin Senyangwood Co., Ltd.",tianjin-senyangwood-co-ltd,https://ifanca.org/companies/tianjin-senyangwood-co-ltd/,company_profile,,2026-10-04
"Tongliao Meihua Biological Sci-Tech Co., Ltd.",tongliao-meihua-biological-sci-tech-co-ltd,https://ifanca.org/companies/tongliao-meihua-biological-sci-tech-co-ltd/,company_profile,,2026-10-04
"Trolli Guangzhou Confectionery Co., Ltd",trolli-guangzhou-confectionery-co-ltd,https://ifanca.org/companies/trolli-guangzhou-confectionery-co-ltd/,company_profile,,2026-10-04
"TSI Biotechnology (Shandong) Co., Ltd.",tsi-biotechnology-shandong-co-ltd,https://ifanca.org/companies/tsi-biotechnology-shandong-co-ltd/,company_profile,,2026-10-04
"TSI Group Co., Ltd.",tsi-group-co-ltd,https://ifanca.org/companies/tsi-group-co-ltd/,company_profile,,2026-10-04
"UNISOL Membrane Technology (Xiamen) Co., Ltd.",unisol-membrane-technology-xiamen-co-ltd,https://ifanca.org/companies/unisol-membrane-technology-xiamen-co-ltd/,company_profile,,2026-10-04
Ustab Chem International Company Limited,ustab-chem-international-company-limited,https://ifanca.org/companies/ustab-chem-international-company-limited/,company_profile,,2026-10-04
"Wanrong Zhonglu Fruit Juice Co., Ltd.",wanrong-zhonglu-fruit-juice-co-ltd,https://ifanca.org/companies/wanrong-zhonglu-fruit-juice-co-ltd/,company_profile,,2026-10-04
"Wellstand Foods (Lang Xi) Co., Ltd.",wellstand-foods-lang-xi-co-ltd,https://ifanca.org/companies/wellstand-foods-lang-xi-co-ltd/,company_profile,,2026-10-04
"Wendeng Jinye Industrial Co., Ltd.",wendeng-jinye-industrial-co-ltd,https://ifanca.org/companies/wendeng-jinye-industrial-co-ltd/,company_profile,,2026-10-04
"WENGFU & ZIJIN CHEMICAL INDUSTRY CO.,LTD",wengfu-zijin-chemical-industry-co-ltd,https://ifanca.org/companies/wengfu-zijin-chemical-industry-co-ltd/,company_profile,,2026-10-04
Wengfu Chemical Technology Co. Ltd.,wengfu-chemical-technology-co-ltd,https://ifanca.org/companies/wengfu-chemical-technology-co-ltd/,company_profile,,2026-10-04
"Wenzhou Qingming Chemical Co., Ltd",wenzhou-qingming-chemical-co-ltd,https://ifanca.org/companies/wenzhou-qingming-chemical-co-ltd/,company_profile,,2026-10-04
Wrigley Confectionery (Shanghai) Company Ltd,wrigley-confectionery-shanghai-company-ltd,https://ifanca.org/companies/wrigley-confectionery-shanghai-company-ltd/,company_profile,,2026-10-04
"Wuhan Chongshan Food Co., Ltd.",wuhan-chongshan-food-co-ltd,https://ifanca.org/companies/wuhan-chongshan-food-co-ltd/,company_profile,,2026-10-04
"Wuhan Grand Hoyo Co., Ltd.",wuhan-grand-hoyo-co-ltd,https://ifanca.org/companies/wuhan-grand-hoyo-co-ltd/,company_profile,,2026-10-04
"Wuhan Green Food Biological Engineering Co., Ltd.",wuhan-green-food-biological-engineering-co-ltd,https://ifanca.org/companies/wuhan-green-food-biological-engineering-co-ltd/,company_profile,,2026-10-04
"WUHAN HESHENG TECH.CO.,LTD.",wuhan-hesheng-tech-co-ltd,https://ifanca.org/companies/wuhan-hesheng-tech-co-ltd/,company_profile,,2026-10-04
"Wuhan Stars Modern Bio-engineering Co., Ltd.",wuhan-stars-modern-bio-engineering-co-ltd,https://ifanca.org/companies/wuhan-stars-modern-bio-engineering-co-ltd/,company_profile,,2026-10-04
"Wusu Jinshi Fruit & Vegetable Co., Ltd.",wusu-jinshi-fruit-vegetable-co-ltd,https://ifanca.org/companies/wusu-jinshi-fruit-vegetable-co-ltd/,company_profile,,2026-10-04
"Wuyishan Hande Food Co., Ltd.",wuyishan-hande-food-co-ltd,https://ifanca.org/companies/wuyishan-hande-food-co-ltd/,company_profile,,2026-10-04
"Xiamen Bestally Biotechnology Co., Ltd.",xiamen-bestally-biotechnology-co-ltd,https://ifanca.org/companies/xiamen-bestally-biotechnology-co-ltd/,company_profile,,2026-10-04
Xiamen Kingdomway Group Company,xiamen-kingdomway-group-company,https://ifanca.org/companies/xiamen-kingdomway-group-company/,company_profile,,2026-10-04
"Xiamen Ruifeng Noodles Co., Ltd",xiamen-ruifeng-noodles-co-ltd,https://ifanca.org/companies/xiamen-ruifeng-noodles-co-ltd/,company_profile,,2026-10-04
"Xian yang Three Apples Fruit and Vegetable Juice Co.,LTD",xian-yang-three-apples-fruit-and-vegetable-juice-co-ltd,https://ifanca.org/companies/xian-yang-three-apples-fruit-and-vegetable-juice-co-ltd/,company_profile,,2026-10-04
"XiangFu (ZhongShan) Film Packaging Co., Ltd.",xiangfu-zhongshan-film-packaging-co-ltd,https://ifanca.org/companies/xiangfu-zhongshan-film-packaging-co-ltd/,company_profile,,2026-10-04
"Xiangyang Dashan Health Food Co., Ltd.",xiangyang-dashan-health-food-co-ltd,https://ifanca.org/companies/xiangyang-dashan-health-food-co-ltd/,company_profile,,2026-10-04
"Xinjiang Huide Tomato Products Co., Ltd.",xinjiang-huide-tomato-products-co-ltd,https://ifanca.org/companies/xinjiang-huide-tomato-products-co-ltd/,company_profile,,2026-10-04
"XinJiang LongPing Hong'An Bio-Tech Co., Ltd",xinjiang-longping-hongan-bio-tech-co-ltd,https://ifanca.org/companies/xinjiang-longping-hongan-bio-tech-co-ltd/,company_profile,,2026-10-04
"Xinjiang Meihua Amino Acid Co., Ltd",xinjiang-meihua-amino-acid-co-ltd,https://ifanca.org/companies/xinjiang-meihua-amino-acid-co-ltd/,company_profile,,2026-10-04
"Xinjiang Rising Sun Tomato Co., LTd.",xinjiang-rising-sun-tomato-co-ltd,https://ifanca.org/companies/xinjiang-rising-sun-tomato-co-ltd/,company_profile,,2026-10-04
"XinJiang TianJiao Hong'An Pigment Co., Ltd.",xinjiang-tianjiao-hongan-pigment-co-ltd,https://ifanca.org/companies/xinjiang-tianjiao-hongan-pigment-co-ltd/,company_profile,,2026-10-04
"Xintai Jiahe Biotech Co., Ltd.",xintai-jiahe-biotech-co-ltd,https://ifanca.org/companies/xintai-jiahe-biotech-co-ltd/,company_profile,,2026-10-04
"Xinxiang Pharmaceutical Co., Ltd.",xinxiang-pharmaceutical-co-ltd,https://ifanca.org/companies/xinxiang-pharmaceutical-co-ltd/,company_profile,,2026-10-04
"Xinxiang Tuoxin Pharmaceutical Co., Ltd.",xinxiang-tuoxin-pharmaceutical-co-ltd,https://ifanca.org/companies/xinxiang-tuoxin-pharmaceutical-co-ltd/,company_profile,,2026-10-04
"Xiwang Group Co., Ltd.",xiwang-group-co-ltd,https://ifanca.org/companies/xiwang-group-co-ltd/,company_profile,,2026-10-04
"Yancheng City Chunzhu Aroma Co., Ltd.",yancheng-city-chunzhu-aroma-co-ltd,https://ifanca.org/companies/yancheng-city-chunzhu-aroma-co-ltd/,company_profile,,2026-10-04
"Yangling Daily Health Bio-Engineering Technology Co., Ltd.",yangling-daily-health-bio-engineering-technology-co-ltd,https://ifanca.org/companies/yangling-daily-health-bio-engineering-technology-co-ltd/,company_profile,,2026-10-04
Yantai Ruikangda Biochemical Products Co. Ltd,yantai-ruikangda-biochemical-products-co-ltd,https://ifanca.org/companies/yantai-ruikangda-biochemical-products-co-ltd/,company_profile,,2026-10-04
Yinghai (Cangzhou) Aroma Chemical Co.,yinghai-cangzhou-aroma-chemical-co,https://ifanca.org/companies/yinghai-cangzhou-aroma-chemical-co/,company_profile,,2026-10-04
"Yixing Wellknit Container-Bag Co., Ltd.",yixing-wellknit-container-bag-co-ltd,https://ifanca.org/companies/yixing-wellknit-container-bag-co-ltd/,company_profile,,2026-10-04
"Yota Bio-Engineering Co., Ltd.",yota-bio-engineering-co-ltd,https://ifanca.org/companies/yota-bio-engineering-co-ltd/,company_profile,,2026-10-04
"Yueyang Xiangmao Medicine & Chemicals Co., Ltd.",yueyang-xiangmao-medicine-chemicals-co-ltd,https://ifanca.org/companies/yueyang-xiangmao-medicine-chemicals-co-ltd/,company_profile,,2026-10-04
"Yunnan Aroma Source Manufacturing Co., Ltd.",yunnan-aroma-source-manufacturing-co-ltd,https://ifanca.org/companies/yunnan-aroma-source-manufacturing-co-ltd/,company_profile,,2026-10-04
"Yunnan Borui Bio-Tech. Co., Ltd.",yunnan-borui-bio-tech-co-ltd,https://ifanca.org/companies/yunnan-borui-bio-tech-co-ltd/,company_profile,,2026-10-04
Yunnan Cold Extraction Technology Limited Company,yunnan-cold-extraction-technology-limited-company,https://ifanca.org/companies/yunnan-cold-extraction-technology-limited-company/,company_profile,,2026-10-04
"Yunnan Conba Xitao Pharmaceutical Co., Ltd.",yunnan-conba-xitao-pharmaceutical-co-ltd,https://ifanca.org/companies/yunnan-conba-xitao-pharmaceutical-co-ltd/,company_profile,,2026-10-04
Yunnan Emerald Essence Ltd,yunnan-emerald-essence-ltd,https://ifanca.org/companies/yunnan-emerald-essence-ltd/,company_profile,,2026-10-04
Yunnan Fine Sourcing Ltd.,yunnan-fine-sourcing-ltd,https://ifanca.org/companies/yunnan-fine-sourcing-ltd/,company_profile,,2026-10-04
"Yunnan Future Bio-Tech Co., Ltd.",yunnan-future-bio-tech-co-ltd,https://ifanca.org/companies/yunnan-future-bio-tech-co-ltd/,company_profile,,2026-10-04
"Yunnan Jiujigong Agricultural Development Co., Ltd.",yunnan-jiujigong-agricultural-development-co-ltd,https://ifanca.org/companies/yunnan-jiujigong-agricultural-development-co-ltd/,company_profile,,2026-10-04
"Yunnan Lorraine Aromatic Products Co., Ltd.",yunnan-lorraine-aromatic-products-co-ltd,https://ifanca.org/companies/yunnan-lorraine-aromatic-products-co-ltd/,company_profile,,2026-10-04
"Yunnan SDIC Zhonglu Fruit Juice Co., Ltd.",yunnan-sdic-zhonglu-fruit-juice-co-ltd,https://ifanca.org/companies/yunnan-sdic-zhonglu-fruit-juice-co-ltd/,company_profile,,2026-10-04
Zhangjiagang Free Trade Zone HongYuFeng Biotechnology Co. Ltd,zhangjiagang-free-trade-zone-hongyufeng-biotechnology-co-ltd,https://ifanca.org/companies/zhangjiagang-free-trade-zone-hongyufeng-biotechnology-co-ltd/,company_profile,,2026-10-04
"Zhangjiagang Huachang Pharmaceutical Co., Ltd.",zhangjiagang-huachang-pharmaceutical-co-ltd,https://ifanca.org/companies/zhangjiagang-huachang-pharmaceutical-co-ltd/,company_profile,,2026-10-04
"Zhangpu Evernice Food & Industry Co., Ltd.",zhangpu-evernice-food-industry-co-ltd,https://ifanca.org/companies/zhangpu-evernice-food-industry-co-ltd/,company_profile,,2026-10-04
"Zhangzhou Fumei Industry Co., Ltd",zhangzhou-fumei-industry-co-ltd,https://ifanca.org/companies/zhangzhou-fumei-industry-co-ltd/,company_profile,,2026-10-04
"Zhangzhou Pumei Food Products Co., Ltd.",zhangzhou-pumei-food-products-co-ltd,https://ifanca.org/companies/zhangzhou-pumei-food-products-co-ltd/,company_profile,,2026-10-04
"Zhejiang CONBA Pharmaceutical Co., Ltd.",zhejiang-conba-pharmaceutical-co-ltd,https://ifanca.org/companies/zhejiang-conba-pharmaceutical-co-ltd/,company_profile,,2026-10-04
"Zhejiang Fengrun Biotech Co.,Ltd.",zhejiang-fengrun-biotech-co-ltd,https://ifanca.org/companies/zhejiang-fengrun-biotech-co-ltd/,company_profile,,2026-10-04
"Zhejiang Garden Biopharmaceutical Co., Ltd.",zhejiang-garden-biopharmaceutical-co-ltd,https://ifanca.org/companies/zhejiang-garden-biopharmaceutical-co-ltd/,company_profile,,2026-10-04
"Zhejiang Garden Nutrition Co., Ltd.",zhejiang-garden-nutrition-co-ltd,https://ifanca.org/companies/zhejiang-garden-nutrition-co-ltd/,company_profile,,2026-10-04
"Zhejiang Huaguang Capsule Co., Ltd.",zhejiang-huaguang-capsule-co-ltd,https://ifanca.org/companies/zhejiang-huaguang-capsule-co-ltd/,company_profile,,2026-10-04
Zhejiang Jiahua Energy Chemical Industry Co. Ltd.,zhejiang-jiahua-energy-chemical-industry-co-ltd,https://ifanca.org/companies/zhejiang-jiahua-energy-chemical-industry-co-ltd/,company_profile,,2026-10-04
Zhejiang NHU Company Ltd.,zhejiang-nhu-company-ltd,https://ifanca.org/companies/zhejiang-nhu-company-ltd/,company_profile,,2026-10-04
"Zhejiang Prumix Biotech Co., Ltd.",zhejiang-prumix-biotech-co-ltd,https://ifanca.org/companies/zhejiang-prumix-biotech-co-ltd/,company_profile,,2026-10-04
"Zhejiang Sanhe Food Science & Technology Co., Ltd.",zhejiang-sanhe-food-science-technology-co-ltd,https://ifanca.org/companies/zhejiang-sanhe-food-science-technology-co-ltd/,company_profile,,2026-10-04
"Zhejiang Shanming Tea Co., Ltd.",zhejiang-shanming-tea-co-ltd,https://ifanca.org/companies/zhejiang-shanming-tea-co-ltd/,company_profile,,2026-10-04
"Zhejiang Tianhecheng Bio-technology Shares Co., Ltd.",zhejiang-tianhecheng-bio-technology-shares-co-ltd,https://ifanca.org/companies/zhejiang-tianhecheng-bio-technology-shares-co-ltd/,company_profile,,2026-10-04
"Zhejiang Tianshi Nano-Tech Co., Ltd.",zhejiang-tianshi-nano-tech-co-ltd,https://ifanca.org/companies/zhejiang-tianshi-nano-tech-co-ltd/,company_profile,,2026-10-04
"Zhejiang Tianyi Food Additive Co., Ltd.",zhejiang-tianyi-food-additive-co-ltd,https://ifanca.org/companies/zhejiang-tianyi-food-additive-co-ltd/,company_profile,,2026-10-04
"Zhejiang Warrant Pharmaceutical Co., Ltd.",zhejiang-warrant-pharmaceutical-co-ltd,https://ifanca.org/companies/zhejiang-warrant-pharmaceutical-co-ltd/,company_profile,,2026-10-04
"Zhejiang Yuchangshen Aromatics Co., Ltd.",zhejiang-yuchangshen-aromatics-co-ltd,https://ifanca.org/companies/zhejiang-yuchangshen-aromatics-co-ltd/,company_profile,,2026-10-04
"Zhengzhou Ruipu Biological Engineering Co., Ltd",zhengzhou-ruipu-biological-engineering-co-ltd,https://ifanca.org/companies/zhengzhou-ruipu-biological-engineering-co-ltd/,company_profile,,2026-10-04
"Zhenjiang Gaopeng Pharmaceutical Co., Ltd.",zhenjiang-gaopeng-pharmaceutical-co-ltd,https://ifanca.org/companies/zhenjiang-gaopeng-pharmaceutical-co-ltd/,company_profile,,2026-10-04
"Zhuhai Future Bio-Tech. Co., Ltd.",zhuhai-future-bio-tech-co-ltd,https://ifanca.org/companies/zhuhai-future-bio-tech-co-ltd/,company_profile,,2026-10-04
"Zhuzhou Hansen Chemicals Co., Ltd.",zhuzhou-hansen-chemicals-co-ltd,https://ifanca.org/companies/zhuzhou-hansen-chemicals-co-ltd/,company_profile,,2026-10-04
"Zuoyun Longshan Activated Carbon Co., Ltd.",zuoyun-longshan-activated-carbon-co-ltd,https://ifanca.org/companies/zuoyun-longshan-activated-carbon-co-ltd/,company_profile,,2026-10-04
4Life Research,4life-research,https://ifanca.org/product-companies/4life-research/,product_filter_taxonomy,,2026-10-04
Abbott,abbott,https://ifanca.org/product-companies/abbott/,product_filter_taxonomy,,2026-10-04
"Access Business Group, LLC",access-business-group-llc,https://ifanca.org/product-companies/access-business-group-llc/,product_filter_taxonomy,,2026-10-04
"Agropur MSI, LLC.",agropur-msi-llc,https://ifanca.org/product-companies/agropur-msi-llc/,product_filter_taxonomy,,2026-10-04
ALCE NERO ASIA PTE LTD,alce-nero-asia-pte-ltd,https://ifanca.org/product-companies/alce-nero-asia-pte-ltd/,product_filter_taxonomy,,2026-10-04
"Almond Cow, Inc.",almond-cow-inc,https://ifanca.org/product-companies/almond-cow-inc/,product_filter_taxonomy,,2026-10-04
"Aloe Vera of America, Inc.",aloe-vera-of-america-inc,https://ifanca.org/product-companies/aloe-vera-of-america-inc/,product_filter_taxonomy,,2026-10-04
America Medic & Science,america-medic-science,https://ifanca.org/product-companies/america-medic-science/,product_filter_taxonomy,,2026-10-04
"American Halal Co., Inc.",american-halal-co-inc,https://ifanca.org/product-companies/american-halal-co-inc/,product_filter_taxonomy,,2026-10-04
Amoy Food Ltd.,amoy-food-ltd,https://ifanca.org/product-companies/amoy-food-ltd/,product_filter_taxonomy,,2026-10-04
"Amyris, Inc.",amyris-inc,https://ifanca.org/product-companies/amyris-inc/,product_filter_taxonomy,,2026-10-04
Arbonne,arbonne,https://ifanca.org/product-companies/arbonne/,product_filter_taxonomy,,2026-10-04
Arcor SAIC,arcor-saic,https://ifanca.org/product-companies/arcor-saic/,product_filter_taxonomy,,2026-10-04
Arnet Pharmaceutical,arnet-pharmaceutical,https://ifanca.org/product-companies/arnet-pharmaceutical/,product_filter_taxonomy,,2026-10-04
"ASEA, LLC",asea-llc,https://ifanca.org/product-companies/asea-llc/,product_filter_taxonomy,,2026-10-04
Asti Holding Ltd.,asti-holding-ltd,https://ifanca.org/product-companies/asti-holding-ltd/,product_filter_taxonomy,,2026-10-04
B-R Korea Co. Ltd.,b-r-korea-co-ltd,https://ifanca.org/product-companies/b-r-korea-co-ltd/,product_filter_taxonomy,,2026-10-04
"Baixian Food(Fujian) Co., Ltd.",baixian-foodfujian-co-ltd,https://ifanca.org/product-companies/baixian-foodfujian-co-ltd/,product_filter_taxonomy,,2026-10-04
Bard Valley Medjool Date,bard-valley-medjool-date,https://ifanca.org/product-companies/bard-valley-medjool-date/,product_filter_taxonomy,,2026-10-04
Bariatric Fusion LLC,bariatric-fusion-llc,https://ifanca.org/product-companies/bariatric-fusion-llc/,product_filter_taxonomy,,2026-10-04
Baskin Robbins,baskin-robbins,https://ifanca.org/product-companies/baskin-robbins/,product_filter_taxonomy,,2026-10-04
Be International Marketing SDN. BHD.,be-international-marketing-sdn-bhd,https://ifanca.org/product-companies/be-international-marketing-sdn-bhd/,product_filter_taxonomy,,2026-10-04
"Ben and Jerrys Homemade, Inc.",ben-and-jerrys-homemade-inc,https://ifanca.org/product-companies/ben-and-jerrys-homemade-inc/,product_filter_taxonomy,,2026-10-04
"BioMics, LLC dba Kalyagen, LLC",biomics-llc-dba-kalyagen-llc,https://ifanca.org/product-companies/biomics-llc-dba-kalyagen-llc/,product_filter_taxonomy,,2026-10-04
Blue Angel Farm FZE,blue-angel-farm-fze,https://ifanca.org/product-companies/blue-angel-farm-fze/,product_filter_taxonomy,,2026-10-04
Blue Diamond Growers,blue-diamond-growers,https://ifanca.org/product-companies/blue-diamond-growers/,product_filter_taxonomy,,2026-10-04
"Boscogen, Inc.",boscogen-inc,https://ifanca.org/product-companies/boscogen-inc/,product_filter_taxonomy,,2026-10-04
Brown & Haley,brown-haley,https://ifanca.org/product-companies/brown-haley/,product_filter_taxonomy,,2026-10-04
Cabot Creamery,cabot-creamery,https://ifanca.org/product-companies/cabot-creamery/,product_filter_taxonomy,,2026-10-04
Cambridge Weight Plan Limited,cambridge-weight-plan-limited,https://ifanca.org/product-companies/cambridge-weight-plan-limited/,product_filter_taxonomy,,2026-10-04
Campbell Soup Company,campbell-soup-company,https://ifanca.org/product-companies/campbell-soup-company/,product_filter_taxonomy,,2026-10-04
CC Pollen Co.,cc-pollen-co,https://ifanca.org/product-companies/cc-pollen-co/,product_filter_taxonomy,,2026-10-04
Chefmaster,chefmaster,https://ifanca.org/product-companies/chefmaster/,product_filter_taxonomy,,2026-10-04
"ChromaDex, Inc.",chromadex-inc,https://ifanca.org/product-companies/chromadex-inc/,product_filter_taxonomy,,2026-10-04
Country Life LLC,country-life-llc,https://ifanca.org/product-companies/country-life-llc/,product_filter_taxonomy,,2026-10-04
Cropp Cooperative/Organic Valley,cropp-cooperative-organic-valley,https://ifanca.org/product-companies/cropp-cooperative-organic-valley/,product_filter_taxonomy,,2026-10-04
"Del Monte Foods, Inc.",del-monte-foods-inc,https://ifanca.org/product-companies/del-monte-foods-inc/,product_filter_taxonomy,,2026-10-04
"Desert Valley Date, LLC",desert-valley-date-llc,https://ifanca.org/product-companies/desert-valley-date-llc/,product_filter_taxonomy,,2026-10-04
"Dr. Chung''s Food Co., Ltd",dr-chungs-food-co-ltd,https://ifanca.org/product-companies/dr-chungs-food-co-ltd/,product_filter_taxonomy,,2026-10-04
"Dr. Praeger''s Sensible Foods, Inc.",dr-praegers-sensible-foods-inc,https://ifanca.org/product-companies/dr-praegers-sensible-foods-inc/,product_filter_taxonomy,,2026-10-04
Elken Sdn. Bhd.,elken-sdn-bhd,https://ifanca.org/product-companies/elken-sdn-bhd/,product_filter_taxonomy,,2026-10-04
English Biscuit Manufacturers (Pvt.) Ltd.,english-biscuit-manufacturers-pvt-ltd,https://ifanca.org/product-companies/english-biscuit-manufacturers-pvt-ltd/,product_filter_taxonomy,,2026-10-04
Enjoy Life Natural Brands,enjoy-life-natural-brands,https://ifanca.org/product-companies/enjoy-life-natural-brands/,product_filter_taxonomy,,2026-10-04
"Ferrara Candy Company ( Ferequity, Inc.)",ferrara-candy-company-ferequity-inc,https://ifanca.org/product-companies/ferrara-candy-company-ferequity-inc/,product_filter_taxonomy,,2026-10-04
"Gemsa Enterprises, LLC./ Gemsa Oils",gemsa-enterprises-llc-gemsa-oils,https://ifanca.org/product-companies/gemsa-enterprises-llc-gemsa-oils/,product_filter_taxonomy,,2026-10-04
General Mills,general-mills,https://ifanca.org/product-companies/general-mills/,product_filter_taxonomy,,2026-10-04
Gerber Products Company,gerber-products-company,https://ifanca.org/product-companies/gerber-products-company/,product_filter_taxonomy,,2026-10-04
"Geumsan Dukwon Co., LTD",geumsan-dukwon-co-ltd,https://ifanca.org/product-companies/geumsan-dukwon-co-ltd/,product_filter_taxonomy,,2026-10-04
"Gimbal Brothers, Inc. DBA Gimbal''s Fine Candies",gimbal-brothers-inc-dba-gimbals-fine-candies,https://ifanca.org/product-companies/gimbal-brothers-inc-dba-gimbals-fine-candies/,product_filter_taxonomy,,2026-10-04
Glanbia Performance Nutrition (Manufacturing),glanbia-performance-nutrition-manufacturing,https://ifanca.org/product-companies/glanbia-performance-nutrition-manufacturing/,product_filter_taxonomy,,2026-10-04
"Grower Direct Nut Company, Inc.",grower-direct-nut-company-inc,https://ifanca.org/product-companies/grower-direct-nut-company-inc/,product_filter_taxonomy,,2026-10-04
"Halal Nutritional Supplements, LLC",halal-nutritional-supplements-llc,https://ifanca.org/product-companies/halal-nutritional-supplements-llc/,product_filter_taxonomy,,2026-10-04
Happy & Healthy Products Inc.,happy-healthy-products-inc,https://ifanca.org/product-companies/happy-healthy-products-inc/,product_filter_taxonomy,,2026-10-04
Helios Pasta Industry-PAN. SP. Dakos S.A. Pasta & Food Products,helios-pasta-industry-pan-sp-dakos-s-a-pasta-food-products,https://ifanca.org/product-companies/helios-pasta-industry-pan-sp-dakos-s-a-pasta-food-products/,product_filter_taxonomy,,2026-10-04
"Herbalife International Luxembourg, S.aR.L",herbalife-international-luxembourg-s-ar-l,https://ifanca.org/product-companies/herbalife-international-luxembourg-s-ar-l/,product_filter_taxonomy,,2026-10-04
"Herbalife International of Luxembourg, S.aR.L",herbalife-international-of-luxembourg-s-ar-l,https://ifanca.org/product-companies/herbalife-international-of-luxembourg-s-ar-l/,product_filter_taxonomy,,2026-10-04
HOM Quality Foods (Pvt) Ltd.,hom-quality-foods-pvt-ltd,https://ifanca.org/product-companies/hom-quality-foods-pvt-ltd/,product_filter_taxonomy,,2026-10-04
Impossible Foods Inc.,impossible-foods-inc,https://ifanca.org/product-companies/impossible-foods-inc/,product_filter_taxonomy,,2026-10-04
Industrializadora Integral del Agave S.A.P.I. de C.V.,industrializadora-integral-del-agave-s-a-p-i-de-c-v,https://ifanca.org/product-companies/industrializadora-integral-del-agave-s-a-p-i-de-c-v/,product_filter_taxonomy,,2026-10-04
iSpice LLC,ispice-llc,https://ifanca.org/product-companies/ispice-llc/,product_filter_taxonomy,,2026-10-04
JDR Sales and Marketing Group LLC,jdr-sales-and-marketing-group-llc,https://ifanca.org/product-companies/jdr-sales-and-marketing-group-llc/,product_filter_taxonomy,,2026-10-04
"Jeunesse, LLC",jeunesse-llc,https://ifanca.org/product-companies/jeunesse-llc/,product_filter_taxonomy,,2026-10-04
"Jiaxing Pangu Food Co., Ltd.",jiaxing-pangu-food-co-ltd,https://ifanca.org/product-companies/jiaxing-pangu-food-co-ltd/,product_filter_taxonomy,,2026-10-04
"Johanna Foods, Inc.",johanna-foods-inc,https://ifanca.org/product-companies/johanna-foods-inc/,product_filter_taxonomy,,2026-10-04
"Jones Popcorn, Inc. Dba Clark''s Snacks",jones-popcorn-inc-dba-clarks-snacks,https://ifanca.org/product-companies/jones-popcorn-inc-dba-clarks-snacks/,product_filter_taxonomy,,2026-10-04
"Just Bagels Mfg., Inc.",just-bagels-mfg-inc,https://ifanca.org/product-companies/just-bagels-mfg-inc/,product_filter_taxonomy,,2026-10-04
"Kate Farms, Inc.",kate-farms-inc,https://ifanca.org/product-companies/kate-farms-inc/,product_filter_taxonomy,,2026-10-04
"Kent Precision Foods Group, Inc.",kent-precision-foods-group-inc,https://ifanca.org/product-companies/kent-precision-foods-group-inc/,product_filter_taxonomy,,2026-10-04
"Kontos Foods, Inc.",kontos-foods-inc,https://ifanca.org/product-companies/kontos-foods-inc/,product_filter_taxonomy,,2026-10-04
"Kyani, Inc.",kyani-inc,https://ifanca.org/product-companies/kyani-inc/,product_filter_taxonomy,,2026-10-04
"La Tapatia Tortilleria, Inc.",la-tapatia-tortilleria-inc,https://ifanca.org/product-companies/la-tapatia-tortilleria-inc/,product_filter_taxonomy,,2026-10-04
Leosons Overseas Corporation,leosons-overseas-corporation,https://ifanca.org/product-companies/leosons-overseas-corporation/,product_filter_taxonomy,,2026-10-04
Liberty Gold Fruit Company LP.,liberty-gold-fruit-company-lp,https://ifanca.org/product-companies/liberty-gold-fruit-company-lp/,product_filter_taxonomy,,2026-10-04
"Lifepharm, Inc.",lifepharm-inc,https://ifanca.org/product-companies/lifepharm-inc/,product_filter_taxonomy,,2026-10-04
"Lotte Confectionery Co., Ltd.",lotte-confectionery-co-ltd,https://ifanca.org/product-companies/lotte-confectionery-co-ltd/,product_filter_taxonomy,,2026-10-04
"Lyanature Co., Ltd.",lyanature-co-ltd,https://ifanca.org/product-companies/lyanature-co-ltd/,product_filter_taxonomy,,2026-10-04
Mariani Packing Company,mariani-packing-company,https://ifanca.org/product-companies/mariani-packing-company/,product_filter_taxonomy,,2026-10-04
Mariposa Dairy,mariposa-dairy,https://ifanca.org/product-companies/mariposa-dairy/,product_filter_taxonomy,,2026-10-04
Market America,market-america,https://ifanca.org/product-companies/market-america/,product_filter_taxonomy,,2026-10-04
Max International LLC,max-international-llc,https://ifanca.org/product-companies/max-international-llc/,product_filter_taxonomy,,2026-10-04
Mead Johnson & Company,mead-johnson-company,https://ifanca.org/product-companies/mead-johnson-company/,product_filter_taxonomy,,2026-10-04
Mead Johnson B.V.,mead-johnson-b-v,https://ifanca.org/product-companies/mead-johnson-b-v/,product_filter_taxonomy,,2026-10-04
"Medifast, Inc.",medifast-inc,https://ifanca.org/product-companies/medifast-inc/,product_filter_taxonomy,,2026-10-04
"Melaleuca, Inc.",melaleuca-inc,https://ifanca.org/product-companies/melaleuca-inc/,product_filter_taxonomy,,2026-10-04
Mineral Resources International,mineral-resources-international,https://ifanca.org/product-companies/mineral-resources-international/,product_filter_taxonomy,,2026-10-04
Mitchells Fruit Farm Ltd.,mitchells-fruit-farm-ltd,https://ifanca.org/product-companies/mitchells-fruit-farm-ltd/,product_filter_taxonomy,,2026-10-04
Mondelez Pakistan Limited,mondelez-pakistan-limited,https://ifanca.org/product-companies/mondelez-pakistan-limited/,product_filter_taxonomy,,2026-10-04
"Monin, Inc.",monin-inc,https://ifanca.org/product-companies/monin-inc/,product_filter_taxonomy,,2026-10-04
"Morinaga Milk Industry Co., Ltd.",morinaga-milk-industry-co-ltd,https://ifanca.org/product-companies/morinaga-milk-industry-co-ltd/,product_filter_taxonomy,,2026-10-04
National Foods Limited,national-foods-limited,https://ifanca.org/product-companies/national-foods-limited/,product_filter_taxonomy,,2026-10-04
NaturaLife Asia Co,naturalife-asia-co,https://ifanca.org/product-companies/naturalife-asia-co/,product_filter_taxonomy,,2026-10-04
"Natursource, Inc.",natursource-inc,https://ifanca.org/product-companies/natursource-inc/,product_filter_taxonomy,,2026-10-04
"NeoLife International, LLC",neolife-international-llc,https://ifanca.org/product-companies/neolife-international-llc/,product_filter_taxonomy,,2026-10-04
Nestle Central & West Africa Ltd.,nestle-central-west-africa-ltd,https://ifanca.org/product-companies/nestle-central-west-africa-ltd/,product_filter_taxonomy,,2026-10-04
New Sevegap Ltd.,new-sevegap-ltd,https://ifanca.org/product-companies/new-sevegap-ltd/,product_filter_taxonomy,,2026-10-04
Noor Pharmaceuticals LLC.,noor-pharmaceuticals-llc,https://ifanca.org/product-companies/noor-pharmaceuticals-llc/,product_filter_taxonomy,,2026-10-04
NSE Products Inc.,nse-products-inc,https://ifanca.org/product-companies/nse-products-inc/,product_filter_taxonomy,,2026-10-04
Nutra Manufacturing LLC,nutra-manufacturing-llc,https://ifanca.org/product-companies/nutra-manufacturing-llc/,product_filter_taxonomy,,2026-10-04
Nutraceutical Wellness Inc. dba Nutrafol,nutraceutical-wellness-inc-dba-nutrafol,https://ifanca.org/product-companies/nutraceutical-wellness-inc-dba-nutrafol/,product_filter_taxonomy,,2026-10-04
Nutrex Hawaii,nutrex-hawaii,https://ifanca.org/product-companies/nutrex-hawaii/,product_filter_taxonomy,,2026-10-04
Nutrilite,nutrilite,https://ifanca.org/product-companies/nutrilite/,product_filter_taxonomy,,2026-10-04
"Oatly, Inc.",oatly-inc,https://ifanca.org/product-companies/oatly-inc/,product_filter_taxonomy,,2026-10-04
Olds Products Company,olds-products-company,https://ifanca.org/product-companies/olds-products-company/,product_filter_taxonomy,,2026-10-04
"Olympia Food Industries, Inc.",olympia-food-industries-inc,https://ifanca.org/product-companies/olympia-food-industries-inc/,product_filter_taxonomy,,2026-10-04
Oshun Goat Milk Soap,oshun-goat-milk-soap,https://ifanca.org/product-companies/oshun-goat-milk-soap/,product_filter_taxonomy,,2026-10-04
"Peanut Butter & Co., Inc.",peanut-butter-co-inc,https://ifanca.org/product-companies/peanut-butter-co-inc/,product_filter_taxonomy,,2026-10-04
Peppers Unlimited of Louisiana,peppers-unlimited-of-louisiana,https://ifanca.org/product-companies/peppers-unlimited-of-louisiana/,product_filter_taxonomy,,2026-10-04
Pristine Gourmet Food Industries Sdn. Bhd.,pristine-gourmet-food-industries-sdn-bhd,https://ifanca.org/product-companies/pristine-gourmet-food-industries-sdn-bhd/,product_filter_taxonomy,,2026-10-04
R. Torre Company,r-torre-company,https://ifanca.org/product-companies/r-torre-company/,product_filter_taxonomy,,2026-10-04
Rain International LLC,rain-international-llc,https://ifanca.org/product-companies/rain-international-llc/,product_filter_taxonomy,,2026-10-04
Re-Vita Manufacturing,re-vita-manufacturing,https://ifanca.org/product-companies/re-vita-manufacturing/,product_filter_taxonomy,,2026-10-04
"Reliv International, Inc.",reliv-international-inc,https://ifanca.org/product-companies/reliv-international-inc/,product_filter_taxonomy,,2026-10-04
"RFG Dairy, LLC (Johanna Foods, Inc.)",rfg-dairy-llc-johanna-foods-inc,https://ifanca.org/product-companies/rfg-dairy-llc-johanna-foods-inc/,product_filter_taxonomy,,2026-10-04
Richardson International Limited,richardson-international-limited,https://ifanca.org/product-companies/richardson-international-limited/,product_filter_taxonomy,,2026-10-04
S&W Fine Foods International Ltd,sw-fine-foods-international-ltd,https://ifanca.org/product-companies/sw-fine-foods-international-ltd/,product_filter_taxonomy,,2026-10-04
Salaam Nutritionals,salaam-nutritionals,https://ifanca.org/product-companies/salaam-nutritionals/,product_filter_taxonomy,,2026-10-04
Saputo Dairy Products Canada G.P.,saputo-dairy-products-canada-g-p,https://ifanca.org/product-companies/saputo-dairy-products-canada-g-p/,product_filter_taxonomy,,2026-10-04
"Schreiber Foods., Inc.",schreiber-foods-inc,https://ifanca.org/product-companies/schreiber-foods-inc/,product_filter_taxonomy,,2026-10-04
Snak King Corp.,snak-king-corp,https://ifanca.org/product-companies/snak-king-corp/,product_filter_taxonomy,,2026-10-04
"Solgar, Inc.",solgar-inc,https://ifanca.org/product-companies/solgar-inc/,product_filter_taxonomy,,2026-10-04
"SPL Co., Ltd.",spl-co-ltd,https://ifanca.org/product-companies/spl-co-ltd/,product_filter_taxonomy,,2026-10-04
Starbucks Coffee Company,starbucks-coffee-company,https://ifanca.org/product-companies/starbucks-coffee-company/,product_filter_taxonomy,,2026-10-04
Sun Dates LLC,sun-dates-llc,https://ifanca.org/product-companies/sun-dates-llc/,product_filter_taxonomy,,2026-10-04
"Sun Valley Raisins, Inc.",sun-valley-raisins-inc,https://ifanca.org/product-companies/sun-valley-raisins-inc/,product_filter_taxonomy,,2026-10-04
Sun-Maid Growers of California,sun-maid-growers-of-california,https://ifanca.org/product-companies/sun-maid-growers-of-california/,product_filter_taxonomy,,2026-10-04
"Sunin Co., Ltd.",sunin-co-ltd,https://ifanca.org/product-companies/sunin-co-ltd/,product_filter_taxonomy,,2026-10-04
Sunrider International,sunrider-international,https://ifanca.org/product-companies/sunrider-international/,product_filter_taxonomy,,2026-10-04
Sunrider International (1481),sunrider-international-1481,https://ifanca.org/product-companies/sunrider-international-1481/,product_filter_taxonomy,,2026-10-04
Super-Pufft Snack Corporation,super-pufft-snack-corporation,https://ifanca.org/product-companies/super-pufft-snack-corporation/,product_filter_taxonomy,,2026-10-04
"Synergy Worldwide, Inc.",synergy-worldwide-inc,https://ifanca.org/product-companies/synergy-worldwide-inc/,product_filter_taxonomy,,2026-10-04
Test Company,test-company,https://ifanca.org/product-companies/test-company/,product_filter_taxonomy,,2026-10-04
The Garden Company Limited,the-garden-company-limited,https://ifanca.org/product-companies/the-garden-company-limited/,product_filter_taxonomy,,2026-10-04
"The Mochi Ice Cream Company, LLC",the-mochi-ice-cream-company-llc,https://ifanca.org/product-companies/the-mochi-ice-cream-company-llc/,product_filter_taxonomy,,2026-10-04
"Third Street, Inc.",third-street-inc,https://ifanca.org/product-companies/third-street-inc/,product_filter_taxonomy,,2026-10-04
Tillamook County Creamery Association,tillamook-county-creamery-association,https://ifanca.org/product-companies/tillamook-county-creamery-association/,product_filter_taxonomy,,2026-10-04
Tofutti Brands Inc,tofutti-brands-inc,https://ifanca.org/product-companies/tofutti-brands-inc/,product_filter_taxonomy,,2026-10-04
"Toms of Maine, Inc.",toms-of-maine-inc,https://ifanca.org/product-companies/toms-of-maine-inc/,product_filter_taxonomy,,2026-10-04
Tootsie Roll Industries Inc.,tootsie-roll-industries-inc,https://ifanca.org/product-companies/tootsie-roll-industries-inc/,product_filter_taxonomy,,2026-10-04
Trace Minerals Reasearch,trace-minerals-reasearch,https://ifanca.org/product-companies/trace-minerals-reasearch/,product_filter_taxonomy,,2026-10-04
"Unicity Global Manufacturing, LLC",unicity-global-manufacturing-llc,https://ifanca.org/product-companies/unicity-global-manufacturing-llc/,product_filter_taxonomy,,2026-10-04
Unicity International,unicity-international,https://ifanca.org/product-companies/unicity-international/,product_filter_taxonomy,,2026-10-04
Unilever Pakistan Ltd,unilever-pakistan-ltd,https://ifanca.org/product-companies/unilever-pakistan-ltd/,product_filter_taxonomy,,2026-10-04
"Usana Health Science, Inc.",usana-health-science-inc,https://ifanca.org/product-companies/usana-health-science-inc/,product_filter_taxonomy,,2026-10-04
"Walmart Stores, Inc.",walmart-stores-inc,https://ifanca.org/product-companies/walmart-stores-inc/,product_filter_taxonomy,,2026-10-04
Wonderful Pistachios & Almonds,wonderful-pistachios-almonds,https://ifanca.org/product-companies/wonderful-pistachios-almonds/,product_filter_taxonomy,,2026-10-04
"WorldWay Co., Ltd.",worldway-co-ltd,https://ifanca.org/product-companies/worldway-co-ltd/,product_filter_taxonomy,,2026-10-04
Yonsei University Dairy,yonsei-university-dairy,https://ifanca.org/product-companies/yonsei-university-dairy/,product_filter_taxonomy,,2026-10-04
"Young Living Essential Oils, LC",young-living-essential-oils-lc,https://ifanca.org/product-companies/young-living-essential-oils-lc/,product_filter_taxonomy,,2026-10-04
Z.A.S. International,z-a-s-international,https://ifanca.org/product-companies/z-a-s-international/,product_filter_taxonomy,,2026-10-04
