url,title,type,topic,date,theme,matched_keyword,matched_in,opening_text,crawl_date
https://ifanca.org/resources/lemon-tiramisu/,Lemon Tiramisu,Recipe,Resources,"June 30, 2026",recipes,type=Recipe,listing type,"Servings: 9 | Time: 1 hour Ingredients For the Lemon Curd: 4 large egg yolks 1/2 cup granulated sugar Zest of 2 lemons 1/3 cup fresh lemon juice Pinch of salt 4 tablespoons unsalted butter, cubed For the Lemon Syrup: 1/2 cup fresh lemon juice 1/2 cup water 1/4 cup granulated sugar 2 tablespoons limo",2026-10-04
https://ifanca.org/resources/beef-pasanday/,Beef Pasanday,Recipe,Resources,"June 30, 2026",recipes,type=Recipe,listing type,"Servings: 6 | Time: 1 hour 30 minutes Ingredients 2 lbs halal beef pasinday (beef filet, sliced approximately 1/4 inch thick) 2 cups water 2 tablespoons ginger-garlic paste 1/2 tablespoon red chili powder (adjust to taste) 1/4 teaspoon turmeric powder 1/2 tablespoon salt 3/4 cup oil 1 tablespoon fre",2026-10-04
https://ifanca.org/resources/insulin-resistance-and-poor-glycemic-control-in-south-asians/,Insulin Resistance and Poor Glycemic Control in South Asians,Article,Resources,"June 30, 2026",health and nutrition,diabet,opening text,"Clinical Observations from a Diabetes Medical Camp in Skardu, Gilgit-Baltistan, Pakistan Insulin resistance has emerged as one of the defining metabolic challenges facing South Asian populations. Across the region, the prevalence of type 2 diabetes mellitus has increased at an alarming rate over the",2026-10-04
https://ifanca.org/resources/udang-balado-indonesian-chili-tomato-shrimp/,Udang Balado (Indonesian Chili-Tomato Shrimp),Recipe,Resources,"June 30, 2026",recipes,type=Recipe,listing type,"Servings: 4 | Time: 10 minutes, plus 45 minutes for marination Ingredients 1 lb. medium shrimp (peeled or unpeeled) 4 fresh curly red chilies (cayenne pepper) or 3 red jalapeños (If using dry chilies, soak in warm water until softened) 3-4 shallots 2 cloves garlic 3-4 Roma (plum) tomatoes 3-4 tables",2026-10-04
https://ifanca.org/resources/cig-kofte/,Çiğ Köfte,Recipe,Resources,"June 30, 2026",recipes,type=Recipe,listing type,Servings: 6 | Time: 30 minutes Ingredients 400g (14 oz.) fine bulgur 2 1/2 cups hot water 2 1/2 teaspoons salt 1 onion 4 tablespoons tomato paste 4 tablespoons pepper paste 1 tablespoon cumin 1 tablespoon chili powder 1 tablespoon isot chili pepper (optional) 2 tablespoons pomegranate molasses 1/2 b,2026-10-04
https://ifanca.org/resources/understanding-the-roots-of-vaccine-hesitancy/,Understanding the Roots of Vaccine Hesitancy,Article,Resources,"June 30, 2026",other,,no match,"Research across North American Muslim communities and the broader Muslim world reveals a complex mix of religious concerns, institutional distrust, and viral misinformation driving resistance to immunization and points to where credible Islamic institutions can make a difference. Although the COVID-",2026-10-04
https://ifanca.org/resources/the-final-push-global-coalition-pledges-1-9-billion-to-end-polio/,The Final Push: Global Coalition Pledges $1.9 Billion To End Polio,Article,Resources,"June 30, 2026",community and events,polio,title,"In the close of the 2025 calendar year, global leaders gathered for what many hope will be remembered as the beginning of the end for one of humanity’s most dreaded diseases. The occasion marked a pivotal moment in the decades-long battle against polio, as international partners announced a collecti",2026-10-04
https://ifanca.org/resources/forging-the-halal-mre-how-ifanca-helped-redefine-military-and-humanitarian-food-systems/,Forging the Halal MRE: How IFANCA Helped Redefine Military and Humanitarian Food Systems,Article,Resources,"June 30, 2026",industry and certification,mre,title,"The true test of any thriving society is its impartial treatment of all who call it home and its ability to evolve and adapt over time in line with the needs of its people. Sometimes, these needs can be as mundane as everyday feeding decisions, which, under extreme situations, can require breakthrou",2026-10-04
https://ifanca.org/resources/editors-note-9/,Editor’s Note,Editorial,Resources,"June 30, 2026",other,,no match,"Assalaamu alaikum, Healthcare touches every aspect of human well-being, from disease prevention and nutrition to access to care. In this issue, we explore the intersection of health and halal through stories on polio eradication, vaccine hesitancy, insulin resistance, gelatin traceability, and acces",2026-10-04
https://ifanca.org/resources/from-the-publishers-desk-9/,From the Publisher’s Desk,Publisher's Note,Resources,"June 30, 2026",other,,no match,"Assalaamu alaikum, Growing up in rural Pakistan, I was constantly aware that infectious diseases were not distant concepts—they were part of everyday life. I remember seeing adults who had been affected by smallpox, their faces marked permanently with dimples, signs of the illness. Those images stay",2026-10-04
https://ifanca.org/resources/gelatin-traceability-from-slaughterhouse-to-capsule/,Gelatin Traceability: From Slaughterhouse to Capsule,Article,Resources,"June 30, 2026",industry and certification,read in full: tells how IFANCA built a halal gelatin supply chain,manual review,"When consumers hear “halal certification,” they may commonly picture restaurant menus or meat processing. Rarely do we consider that one of the smallest ingredients in a product could actually make or break the halal status of an entire food, supplement, or medicine. Gelatin—often utilized in pharma",2026-10-04
https://ifanca.org/resources/from-bimaristans-to-modern-healthcare-medical-pioneers-of-the-islamic-world/,From Bimaristans to Modern Healthcare: Medical Pioneers of the Islamic World,Article,Resources,"June 30, 2026",health and nutrition,health,title,"You may have heard of Alexander Fleming, but have you ever heard of Al-Zahrawi? Fleming’s discovery of penicillin in 1928 transformed the treatment of bacterial infections and ultimately saved millions of lives. Yet his breakthrough was part of a much longer history of medical discovery. Centuries e",2026-10-04
https://ifanca.org/resources/what-the-ifanca-unicef-partnership-reveals-about-high-impact-giving/,What the IFANCA-UNICEF Partnership Reveals About High-Impact Giving,Article,Resources,"June 30, 2026",community and events,partnership,title,"The wild poliovirus remains endemic in just two countries: Afghanistan and Pakistan. Eradication is within sight, but the last mile is the most difficult. UNICEF USA’s Michael J. Nyenhuis and IFANCA’s Dr. Muhammad Munir Chaudry discuss how philanthropy can help finish the fight to eradicate polio. P",2026-10-04
https://ifanca.org/resources/physical-education-builds-muscle-and-mind/,Physical Education Builds Muscle and Mind,Article,Resources,"March 31, 2026",community and events,educat,title,"A generation ago, most children spent the afternoon outside. They rode bikes, played wiffle ball, and invented new games that kept them physically active until dinner. Today’s lifestyle is not the same. Opportunities for movement have been replaced with digital entertainment, and while online connec",2026-10-04
https://ifanca.org/resources/sugar-with-a-sprinkle-of-electrolytes/,Sugar with a Sprinkle of Electrolytes,Article,Resources,"March 31, 2026",health and nutrition,sugar,title,"The term “electrolyte” sounds a little scientific, but it simply refers to minerals such as sodium, potassium, calcium, and magnesium which support different functions in the body. These include blood pressure regulation, maintaining bone and muscle health, and fluid balance. Electrolytes can become",2026-10-04
https://ifanca.org/resources/school-lunchbox-prep-simple-halal-and-healthy-ideas-for-busy-families/,"School Lunchbox Prep: Simple, Halal, and Healthy Ideas for Busy Families",Article,Resources,"March 31, 2026",community and events,school,title,"What children eat at school has a direct impact on their focus, energy levels, behavior, and overall well-being. As another school year begins, many parents find themselves facing the daily question once again: What should I pack in my child’s lunchbox? As a parent, I’ve had my share of 6:00 a.m. pa",2026-10-04
https://ifanca.org/resources/one-pan-lemon-herbed-chicken-with-vegetables/,One-Pan Lemon-Herbed Chicken with Vegetables,Recipe,Resources,"March 31, 2026",recipes,type=Recipe,listing type,"Servings: 4-6 Time: 60 minutes Ingredients 4 boneless, skinless halal chicken breasts 3 tablespoons olive oil, divided Juice and zest of 2 lemons 2 garlic cloves, minced 1 teaspoon tarragon 1 teaspoon garlic powder 1 teaspoon paprika (optional) Salt and pepper, to taste 1 red onion, cut into wedges ",2026-10-04
https://ifanca.org/resources/antioxidant-rich-yogurt-parfait/,Antioxidant-Rich Yogurt Parfait,Recipe,Resources,"March 31, 2026",recipes,type=Recipe,listing type,"Servings: 2 Time: 20 minutes Ingredients 1 cup plain Greek yogurt 2 teaspoons chia seeds 1 cup mixed berries 2 tablespoons coconut flakes 2 tablespoons hemp seeds 1 tablespoon ground flaxseeds (optional) 2 teaspoons honey 2 small sprigs fresh mint Step 1 In a small bowl, soak the chia seeds in 3 tea",2026-10-04
https://ifanca.org/resources/chevda/,Chevda,Recipe,Resources,"March 31, 2026",recipes,type=Recipe,listing type,"Servings: 30-40 Time: 45 minutes Ingredients 7 boxes of cereal (choose a mix of high-fiber, low-added sugar, and higher-protein cereals) 1 cup dry roasted peanuts (homemade preferred) 1 cup cashews 1 cup dried figs, chopped 2 cups raisins 1 cup dried cranberries (craisins) For tempering 2 cups avoca",2026-10-04
https://ifanca.org/resources/us-halal-academy-making-halal-training-inclusive-across-america/,US Halal Academy: Making Halal Training Inclusive Across America,Spotlight,Resources,"March 31, 2026",industry and certification,type=Spotlight (company profile),listing type,"In the United States, the Halal-certified market is growing fast. Around the world, according to the State of Global Islamic Economy Report 2025 by DinarStandard, spending in key Halal sectors—food, cosmetics, pharmaceuticals, travel and more—reached US $2.43 trillion in 2023, and is projected to ri",2026-10-04
https://ifanca.org/resources/pakistani-street-style-bun-kabob/,Pakistani Street-Style Bun Kabob,Recipe,Resources,"March 31, 2026",recipes,type=Recipe,listing type,"Servings: 12-16 Time: 1 hour, 15 minutes Ingredients For kabob: 2 lbs halal beef 1 cup split chana dal, soaked 1 potato 1 tablespoon salt, or to taste 1 large onion, chopped Handful chopped cilantro Handful chopped mint 1 egg For chutney: 1 bunch cilantro 1 cup fresh mint 1 Serrano pepper 2 cloves g",2026-10-04
https://ifanca.org/resources/education-community-and-cultural-outreach-how-ifancas-initiatives-serve-our-communities/,"Education, Community, and Cultural Outreach: How IFANCA’s Initiatives Serve Our Communities",Article,Resources,"March 31, 2026",community and events,communit,title,"Across the Chicagoland area, two IFANCA® initiatives—the Abrahamic Center for Cultural Education (ACCE) and the Sabeel Center for Community Development—demonstrate how Islamic education, cultural literacy, and community empowerment can take root in local neighborhoods. Built from scratch to serve di",2026-10-04
https://ifanca.org/resources/cultivating-the-future-of-halal-ifancas-impact-on-education-and-the-next-generation-of-food-scientists/,Cultivating the Future of Halal: IFANCA’s Impact on Education and the Next Generation of Food Scientists,Article,Resources,"March 31, 2026",community and events,educat,title,"Since its founding in 1982 by a group of visionary Muslim food scientists, the Islamic Food and Nutrition Council of America (IFANCA) has championed a transformative idea: For more than four decades, IFANCA has served as a quiet but powerful force behind the global halal movement, ensuring that Musl",2026-10-04
https://ifanca.org/resources/making-halal-dining-a-reality-on-campus/,Making Halal Dining a Reality on Campus,Article,Resources,"March 31, 2026",community and events,campus,title,"Many campus dining facilities receive questions regarding halal-compliant foods that meet a variety of student needs. While programs attempt to navigate the food service space to find halal certified foods, serving halal meals goes beyond the selection of ingredients. In spaces where students rely o",2026-10-04
https://ifanca.org/resources/a-seat-at-the-table-advocating-for-halal-food-and-muslim-student-needs-on-campus/,A Seat at the Table: Advocating for Halal Food and Muslim Student Needs on Campus,Article,Resources,"March 31, 2026",community and events,campus,title,"Evolution of Halal Dining When I swiped into Northwestern University’s Allison Dining Hall as a freshman in the fall of 2021, I was wary of the menu items that were labeled as “halal” with a big red sticker. Since I had no way to verify that those items were indeed halal, I steered clear of all meat",2026-10-04
https://ifanca.org/resources/editors-note-8/,Editor’s Note,Editorial,Resources,"March 31, 2026",other,,no match,"Assalaamu alaikum, Education takes many forms. It extends far beyond classrooms and textbooks, shaping how we live, work, and contribute to the world around us. In this issue of Halal Consumer Magazine, we explore how education impacts everyday life as part of IFANCA’s continued mission of “halal fo",2026-10-04
https://ifanca.org/resources/from-the-publishers-desk-8/,From the Publisher’s Desk,Publisher's Note,Resources,"March 31, 2026",other,,no match,"When IFANCA was first established in 1980, the goal was simple: to help Muslim families make informed decisions about processed food. As Muslim families in the United States navigated an unfamiliar food landscape, understanding ingredients and determining what was halal was not always easy. In respo",2026-10-04
https://ifanca.org/resources/from-spice-routes-to-your-grill-the-global-journey-of-halal-flavors/,From Spice Routes to Your Grill: The Global Journey of Halal Flavors,Article,Resources,"December 11, 2025",ingredients,flavors,title,"Across Muslim cultures, feasts and gatherings often begin with the sizzle of meat on a hot grill. Whether it is a family dinner in Cairo, a street-side kebab stall in Istanbul, or a backyard barbecue in Chicago, the aroma of marinated meat connects people across continents and centuries. The modern ",2026-10-04
https://ifanca.org/resources/editors-note-7/,Editor’s Note,Article,Resources,"December 10, 2025",other,,no match,"Assalaamu alaikum, From the caravans of merchants departing Makkah to the bustling trade routes along the Silk Road, global trade has long been the foundation of growth and exchange. These historic networks shaped nations, influenced cultures, and connected communities across continents. In this iss",2026-10-04
https://ifanca.org/resources/from-the-publishers-desk-7/,From the Publisher’s Desk,Publisher's Note,Resources,"December 10, 2025",other,,no match,"Assalaamu alaikum, In 2025, the United States is undergoing significant regulatory changes, many of which have global implications. One of the most closely watched developments is the revision of trade tariffs on imported goods. President Donald Trump has introduced substantial adjustments to these ",2026-10-04
https://ifanca.org/resources/thai-chili-mango-salad-with-chicken/,Thai Chili Mango Salad with Chicken,Recipe,Resources,"December 10, 2025",recipes,type=Recipe,listing type,"Servings: 4-6 | Time: 35-40 minutes Ingredients Chicken: 2 lbs zabiha halal chicken tenders 1/2 cup Thai sweet chili sauce 1/2 cup Sriracha mayo (adjust for spice) 1/4 cup oil garlic salt, to taste Salad: 3 cups shredded green cabbage 1 cup shredded purple cabbage 2 cups chopped romaine or mixed gre",2026-10-04
https://ifanca.org/resources/tandoori-chicken-tacquitos/,Tandoori Chicken Taquitos,Recipe,Resources,"December 10, 2025",recipes,type=Recipe,listing type,"Servings: 6 | Time: 45 minutes (plus marinating) Ingredients Taquitos: Shredded tandoori chicken (recipe below) 6-inch tortillas (low-carb, corn or white) 1/4 cup oil Toppings (optional): pico de gallo salsa verde regular salsa sour cream fresh coriander Tandoori Chicken: 2 lbs zabiha halal boneless",2026-10-04
https://ifanca.org/resources/ras-malai-milk-cake/,Ras Malai Milk Cake,Recipe,Resources,"December 10, 2025",recipes,type=Recipe,listing type,Servings: 12-18 mini loaves | Time: 2 hours 30 minutes Ingredients For Milk Syrup: 1 1/4 cups evaporated milk 3/4 cup condensed milk 3/4 cup whole milk 1 bay leaf 2-3 cinnamon sticks 3 cardamom pods For Pound Cake: 1 1/2 cups cake flour 1 1/4 cups sugar 1 teaspoon baking powder 1/4 teaspoon salt 2 s,2026-10-04
https://ifanca.org/resources/the-impact-of-halal-certification-on-u-s-exports/,The Impact of Halal Certification on U.S. Exports,Article,Resources,"December 10, 2025",industry and certification,certif,title,"The relationship between the United States and the Muslim world is older than the nation itself. Long before the Declaration of Independence was signed, merchants from the American colonies were crossing the Atlantic toward the ports of North Africa and the Mediterranean. They carried salted fish, f",2026-10-04
https://ifanca.org/resources/keta-salmon-with-zaatar-and-sumac/,Keta Salmon with Za’atar and Sumac,Recipe,Resources,"December 10, 2025",recipes,type=Recipe,listing type,"Servings: 6 | Time: 30 minutes Ingredients 6 Wild Alaskan Keta salmon fillets 1/4 cup olive oil, divided 2 teaspoons za'atar 1/2 teaspoon sumac (optional; taste your za'atar first and adjust) 1/2 teaspoon garlic powder or 1 minced garlic clove 1/2 teaspoon smoked paprika Pink Himalayan sea salt, to ",2026-10-04
https://ifanca.org/resources/gut-health-in-motion/,Gut Health in Motion,Article,Resources,"December 5, 2025",health and nutrition,health,title,"Digestion is often thought of as an autonomous internal process where food enters the body, nutrients are absorbed, and waste is eliminated. Although the process is internal, it is affected by factors far more interesting than what, and when you eat. Physical activity can reshape the body, relieve s",2026-10-04
https://ifanca.org/resources/business-with-integrity-how-islamic-ethics-shape-the-halal-economy/,Business with Integrity: How Islamic Ethics Shape the Halal Economy,Article,Resources,"December 5, 2025",industry and certification,business,title,"Many of us have huge concerns about business, trade, industrialization, and their impacts on the world. And Muslims are no exception. We see the effects of unfettered capitalism and its deleterious effects on our societal well-being and the environment. Whether it’s the growing concerns of climate c",2026-10-04
https://ifanca.org/resources/company-of-the-year-kerry/,Company of the Year: Kerry,Spotlight,Resources,"December 4, 2025",industry and certification,type=Spotlight (company profile),listing type,"Kerry Sets the Standard in Halal Food Innovation When it comes to food and beverage, trust is everything. For Muslim consumers and manufacturers worldwide, that trust is built on the assurance of halal integrity — from sourcing to production, right through to the final product. Few companies have em",2026-10-04
https://ifanca.org/resources/sweetness-overload-taming-sugar-cravings/,Sweetness Overload: Taming Sugar Cravings,Article,Resources,"December 4, 2025",health and nutrition,sugar,title,"Think about the last time you had a sweet little craving. It’s a pretty amazing interplay between body systems. It results in a desire for a specific food that feels rewarding to the brain. This can arise from sensory cues, emotional triggers, or underlying health conditions. Unlike hunger, cravings",2026-10-04
https://ifanca.org/resources/zabihah-vs-halal-is-halal-not-enough/,Zabihah vs. Halal: Is “Halal” Not Enough?,Article,Resources,"December 4, 2025",halal basics,zabiha,title,"In the discussion of Muslim dietary practices, few terms spark as much debate as halal and zabihah . While both are rooted in Arabic, their meanings and usage have evolved differently over time—especially in North America. In fact, “it is mainly in the United States and Canada where the two words ar",2026-10-04
https://ifanca.org/resources/understanding-the-australian-government-authorized-halal-program-for-red-meat-exports/,Understanding the Australian Government Authorized Halal Program (AGAHP) for Red Meat Exports,Article,Resources,"April 22, 2025",industry and certification,export,title,"Australia is a leading exporter of high-quality red meat to Islamic markets worldwide. To ensure that these products meet the dietary requirements of Muslim consumers, the Australian Government has established the Australian Government Authorized Halal Program (AGAHP). This program is a collaborativ",2026-10-04
https://ifanca.org/resources/feeding-the-future-how-ifancas-halal-food-conference-is-shaping-a-more-ethical-inclusive-and-sustainable-world/,"Feeding the Future: How IFANCA’s Halal Food Conference Is Shaping a More Ethical, Inclusive, and Sustainable World",Article,Resources,"March 31, 2025",community and events,conference,title,"In an increasingly fractured global landscape, where conflict, climate change, and chronic illness are reshaping the way we live, one question has become impossible to ignore: What does it mean to eat well in the 21st century? For the Islamic Food and Nutrition Council of America (IFANCA ® ), the an",2026-10-04
https://ifanca.org/resources/cake-pops/,Cake Pops,Recipe,Resources,"March 31, 2025",recipes,type=Recipe,listing type,"Servings: 24 cake pops | Time: 4 hours Ingredients 1 ⅔ cups cake flour ½ teaspoon baking powder ¼ teaspoon baking soda ½ teaspoon salt ½ cup butter, softened to room temperature 1 cup sugar 1 large egg, at room temperature 2 teaspoons pure vanilla extract 1 cup buttermilk or whole milk For Frosting:",2026-10-04
https://ifanca.org/resources/bridging-nutrition-and-faith-ensuring-halal-food-access-one-plate-at-a-time/,"Bridging Nutrition and Faith: Ensuring Halal Food Access, One Plate at a Time",Article,Resources,"March 31, 2025",health and nutrition,nutrition,title,"Bridging Nutrition and Faith: Ensuring Halal Food Access, One Plate at a Time In today’s age of bite-sized nuggets of information constantly overloading our senses, critical issues that deserve our immediate attention sometimes get swept away. One such pressing issue is that of food insecurity and g",2026-10-04
https://ifanca.org/resources/the-red-alert-on-fdc-red-no-3/,The Red Alert on FD&C Red No.3,Article,Resources,"March 31, 2025",other,,no match,"In early 2025, the U.S. Food and Drug Administration (FDA) made a significant move by officially revoking the use of FD&C Red No. 3 in food products. This synthetic coloring agent, known for its bright cherry-pink hue, has long been a staple in various processed foods, candies, and even medications.",2026-10-04
https://ifanca.org/resources/from-the-publishers-desk-6/,From The Publisher’s Desk,Publisher's Note,Resources,"March 31, 2025",other,,no match,"Assalaamu alaikum, The food industry is undergoing a significant shift in how it approaches artificial food color additives, particularly those derived from petroleum-based compounds. Artificial color additives, including synthetic dyes, have long been used to enhance the appearance of processed foo",2026-10-04
https://ifanca.org/resources/moroccan-lamb-tagine/,Moroccan Lamb Tagine,Recipe,Resources,"March 31, 2025",recipes,type=Recipe,listing type,Servings: 6-8 | Time: 4 hours Ingredients 3 lbs halal lamb shoulder or leg (cut into chunks) 2 tablespoons olive oil 2 tablespoons unsalted butter (softened) 2 tablespoons honey 2 ½ tablespoon mrouzia spice 1 teaspoon ginger powder 1 teaspoon cumin powder 1 teaspoon turmeric powder ½ teaspoon paprik,2026-10-04
https://ifanca.org/resources/editors-note-6/,Editor’s Note,Editorial,Resources,"March 31, 2025",other,,no match,"Assalaamu alaikum, Have you ever wondered what goes on behind the scenes at IFANCA? While many of you enjoy reading Halal Consumer magazine, you may not be fully aware of the broader scope of our work. In this issue, we take a fresh look at IFANCA’s mission and global impact. The halal industry is e",2026-10-04
https://ifanca.org/resources/hyderabadi-dum-ka-gosht/,Hyderabadi Dum ka Gosht,Recipe,Resources,"March 31, 2025",recipes,type=Recipe,listing type,"Servings: 2 | Time: 30 minutes, plus 1-2 hours for marination Ingredients 1 lb halal boneless meat 12 almonds 12 cashews 1/2 cup coconut powder 1 teaspoon garam masala powder 2/3 cup yogurt 3 tablespoons ginger and garlic paste ¼ teaspoon turmeric 1 tablespoon raw papaya paste (optional) 2 teaspoons",2026-10-04
https://ifanca.org/resources/halal-explained-from-food-fundamentals-to-certi%ef%ac%81cation/,Halal Explained: From Food Fundamentals to Certiﬁcation,Article,Resources,"March 31, 2025",halal basics,halal explained,title,"The demand for halal food continues to rise steadily—not only in the United States, Canada, and Europe, but also across the Middle East, Southeast Asia, North Africa, and Australia. The halal consumer segment is now one of the fastest growing in the global food trade. According to a recent estimate ",2026-10-04
https://ifanca.org/resources/ifanca-pioneering-trust-and-innovation-in-the-global-halal-industry/,IFANCA: Pioneering Trust and Innovation in the Global Halal Industry,Article,Resources,"March 31, 2025",industry and certification,industry,title,"Picture yourself in a bustling supermarket aisle, scanning labels for that one symbol that guarantees peace of mind—a mark that says the food you’re about to buy respects your faith. For millions of Muslims worldwide, that symbol is the Crescent-M, the iconic logo of the Islamic Food and Nutrition C",2026-10-04
https://ifanca.org/resources/nigerian-jollof-rice/,Nigerian Jollof Rice,Recipe,Resources,"March 31, 2025",recipes,type=Recipe,listing type,"Servings: 8-10 | Time: 90 minutes Ingredients 4 cups long-grain parboiled rice (washed) 2 large red bell peppers 1 habanero pepper (adjust to taste) 2 large sweet onions (half blended, half sliced) 2 garlic cloves 6 oz. tomato paste ½ cup olive oil 1 cup beef or chicken stock 1 teaspoon thyme 1 teas",2026-10-04
https://ifanca.org/resources/low-cholesterol-lifestyle/,Low Cholesterol Lifestyle,Article,Resources,"March 31, 2025",health and nutrition,cholesterol,title,"High cholesterol is often referred to as the silent killer due to the lack of early warning signs. It has been linked to dietary restrictions, clogged arteries, strokes, and heart attacks, but it’s more complex than simply good or bad. Cholesterol’s correlation with lifestyle, especially exercise, i",2026-10-04
https://ifanca.org/resources/halal-from-down-under-australias-meat-exports-unpacked/,Halal From Down Under: Australia’s Meat Exports Unpacked,Article,Resources,"March 31, 2025",industry and certification,export,title,"Australia is globally renowned for its ethical animal welfare standards, expansive green pastures, and thriving agricultural industry. This reputation has made it one of the world’s largest exporters of red meat, with a significant portion catering to Muslim-majority countries and communities, where",2026-10-04
https://ifanca.org/resources/ifancas-banquet-and-awards-night-celebrates-halal-excellence/,IFANCA’s Banquet and Awards Night Celebrates Halal Excellence,Article,Resources,"March 31, 2025",community and events,banquet,title,"The IFANCA Banquet Dinner offers a rare opportunity for community members to network with industry leaders, global halal accreditation bodies, and our exceptional IFANCA team. Where else can you find such an exclusive gathering? On the evening of April 13, 2025, the Grand Ballroom at the Hyatt Regen",2026-10-04
https://ifanca.org/resources/from-freeze-to-feast-the-art-and-science-of-freeze-drying/,From Freeze to Feast: The Art and Science of Freeze-Drying,Article,Resources,"December 31, 2024",other,,no match,"When I was pursuing my master’s degree, I had an opportunity to experiment with freeze-drying a unique ingredient: truffles, a type of fungi cherished for its culinary value. What fascinated me the most was the transformative process of freeze-drying. Unlike traditional drying methods that often com",2026-10-04
https://ifanca.org/resources/spotlight-the-sabeel-center/,Spotlight: The Sabeel Center,Article,Resources,"December 31, 2024",other,,no match,"The Sabeel Center for Community Development is a versatile space dedicated to a variety of programs, including a museum that reflects on the life and legacy of Prophet Muhammad (ﷺ). With seven galleries showcasing the history and impact of Islam’s last prophet, the center offers a unique cultural an",2026-10-04
https://ifanca.org/resources/traditional-remedies-for-common-winter-illnesses/,Traditional Remedies for Common Winter Illnesses,Article,Resources,"December 31, 2024",other,,no match,"Winter is the season of scarves, mittens, and the inevitable colds, sneezes, and coughs. As we spend more time indoors, sharing close quarters and less fresh air, germs circulate more freely, and illnesses will undoubtedly spread. If you’re fortunate enough to spend time with elders during these col",2026-10-04
https://ifanca.org/resources/swicy-food-trend-a-sweet-and-spicy-revolution/,Swicy Food Trend: A Sweet and Spicy Revolution,Article,Resources,"December 31, 2024",health and nutrition,food,title,"The culinary world has seen countless trends, but the rise of “swicy” food is captivating food lovers worldwide. “Swicy,” a fusion of sweet and spicy flavors, appeals to adventurous eaters who enjoy a complexity of flavors. But how did this trend emerge in the USA, and why is it becoming so popular?",2026-10-04
https://ifanca.org/resources/rooting-for-root-vegetables/,Rooting for Root Vegetables,Article,Resources,"December 31, 2024",health and nutrition,vegetable,title,"Some of our tastiest vegetables are built from the ground up, literally. Root vegetables are the edible plants that grow underground. They are highly nutritious and provide energy as storage organs, storing energy in the form of carbohydrates. Root vegetables are not a botanical category per se, but",2026-10-04
https://ifanca.org/resources/cold-weather-fuels-your-fitness/,Cold Weather Fuels Your Fitness,Article,Resources,"December 31, 2024",health and nutrition,fitness,title,"As the temperatures drop. cold fills the air and snow blankets the ground, the tendency is to retreat indoors. We trade our morning runs and outdoor fitness routines for the warmth of the gym, or oftentimes, the comfort of the living room couch. The truth is that the colder seasons bring opportuniti",2026-10-04
https://ifanca.org/resources/artificial-intelligence-your-smart-partner-in-nutrition/,Artificial Intelligence: Your Smart Partner in Nutrition,Article,Resources,"December 31, 2024",health and nutrition,nutrition,title,"Artificial Intelligence has captured the spotlight and is being used in more places than we can imagine. As a Registered Dietitian, I was especially interested to know how AI can advance nutritional care. Good nutrition is a priority but it may not be an easy journey for everyone. We all learn diffe",2026-10-04
https://ifanca.org/resources/from-the-publishers-desk-5/,From the Publisher’s Desk,Publisher's Note,Resources,"December 31, 2024",other,,no match,"The 2025–2030 Dietary Guidelines for Americans are being developed to help individuals make healthier food choices and reduce the risk of chronic diseases such as heart disease, diabetes, and obesity. Grounded in the latest scientific research, these guidelines emphasize nutrient-dense eating patter",2026-10-04
https://ifanca.org/resources/editors-note-5/,Editor’s Note,Editorial,Resources,"December 31, 2024",other,,no match,"As we say goodbye to 2024 and welcome the new year, it’s a time to recognize the progress we’ve made and set our sights on new goals for the year ahead. Winter reminds us to stay warm, spend time with loved ones, and take care of our health. As we step into 2025, let’s prioritize our well-being and ",2026-10-04
https://ifanca.org/resources/sekoteng/,Sekoteng,Recipe,Resources,"December 31, 2024",recipes,type=Recipe,listing type,"Servings: 4 Time: 1 hour, 10 minutes Ingredients 1/4 cup sago pearls 1/3 cup unsalted peanuts 3 slices white bread, cut into small cubes 1/3 cup mung beans 4 cups water 2 lemongrass stalks, bruised 2 pandan leaves, knotted 1/4 cup brown sugar Sweetened condensed milk, to taste Step 1 In separate pot",2026-10-04
https://ifanca.org/resources/ginger-miso-soba-noodle-soup/,Ginger Miso Soba Noodle Soup,Recipe,Resources,"December 31, 2024",recipes,type=Recipe,listing type,"Servings: 2 Time: 25 minutes Ingredients 3½ ounces buckwheat soba noodles 2 tablespoons miso paste 2 cups water 1 tablespoon ginger, grated 1 tablespoon tamari 1 tablespoon sesame oil 1 cup bok choy, quartered 1 medium carrot, julienned 1 cup snap peas or snow peas, sliced ½ lime Step 1 Bring a medi",2026-10-04
https://ifanca.org/resources/kadha/,Kadha,Recipe,Resources,"December 31, 2024",recipes,type=Recipe,listing type,"Servings: 2 Time: 25 minutes Ingredients 2 cups water 1-inch piece of ginger, peeled 4-5 cloves 5-6 peppercorns 5-6 fresh basil leaves 1/2 teaspoon honey 2-inch piece of cinnamon stick Optional: Mulethi (licorice root) Step 1 In a deep saucepan, bring the water to a boil. Step 2 While the water heat",2026-10-04
https://ifanca.org/resources/rutabaga-and-carrot-mash-with-chicken/,Rutabaga and Carrot Mash with Chicken,Recipe,Resources,"December 31, 2024",recipes,type=Recipe,listing type,"Servings: 5 Time: 35 minutes Ingredients 2 lbs chicken thighs with skin 1 tablespoon rosemary, finely chopped 2 cloves garlic, minced 2 teaspoons sea salt, divided 5 cups rutabaga, cubed 5 medium carrots, chopped 1/2 cup canned coconut milk Step 1 Preheat the oven to 400°F (205°C). Step 2 Place the ",2026-10-04
https://ifanca.org/resources/zcell-reviving-our-tradition-of-ethical-living-learning/,ZCELL: Reviving Our Tradition of Ethical Living & Learning,Article,Resources,"September 30, 2024",other,,no match,"ISLAM, AS A LIVING TRADITION, CALLS ON ITS practitioners to commit to a life of virtue and excellence with clear guidance from the Qur’an and the perfect example of Prophet Muhammad (ﷺ). One may argue that the shariah , or corpus of Islamic law, is a manual on ethical living that teaches best practi",2026-10-04
https://ifanca.org/resources/the-role-of-public-policy-in-expanding-halal-food-access-in-public-institutions/,The Role of Public Policy in Expanding Halal Food Access in Public Institutions,Article,Resources,"September 30, 2024",health and nutrition,food,title,"Introduction Public institutions in the U.S. serve a diverse population that increasingly demands services catering to various cultural and religious needs. Among these needs is access to halal-certified meals, a requirement for Muslim communities. Public policy, when properly crafted and implemente",2026-10-04
https://ifanca.org/resources/low-impact-for-a-lifetime/,Low-Impact for a Lifetime,Article,Resources,"September 30, 2024",health and nutrition,exercise,opening text,"When thinking of exercise, it is easy to picture high-intensity, high-impact workouts such as running, weightlifting, jumping rope, and plyometrics. However, exercise does not have to be high-impact to be highly effective. Low-impact exercise is a gentle and sustainable alternative that people of al",2026-10-04
https://ifanca.org/resources/pumpkin-spice-apple-cider/,Pumpkin Spice Apple Cider,Recipe,Resources,"September 30, 2024",recipes,type=Recipe,listing type,"Servings: 8-10 Time: 15 minutes, plus 1-2 hours refrigeration Ingredients 1/2 gallon apple cider ½ teaspoon cinnamon powder ¼ teaspoon ginger powder 1/8 teaspoon nutmeg dash of ground cloves 2 12 oz. cans of ginger ale 1 Honeycrisp apple sliced 1 Navel orange sliced 1 medium pomegranate 3 star anise",2026-10-04
https://ifanca.org/resources/pumpkin-pie-baklava/,Pumpkin Pie Baklava,Recipe,Resources,"September 30, 2024",recipes,type=Recipe,listing type,"Servings: 24 Time: 1 hour 30 minutes Ingredients 1 16 oz. package phyllo dough sheets 1 cup melted butter 1 ½ cups chopped nuts (a mix of walnuts, pecans, and pistachios) 1 cup pumpkin puree ½ cup light brown sugar 1 teaspoon ground cinnamon ½ teaspoon ground nutmeg ½ teaspoon ground ginger ¼ teaspo",2026-10-04
https://ifanca.org/resources/spicy-honey-glazed-jalapeno-cornbread/,Spicy Honey-Glazed Jalapeño Cornbread,Recipe,Resources,"September 30, 2024",recipes,type=Recipe,listing type,"Servings: 10 Time: 40 minutes Ingredients 1 cup (140g) yellow cornmeal 1 cup (120g) all-purpose flour ¼ cup granulated sugar 1 tablespoon baking powder ½ teaspoon baking soda ½ teaspoon salt 1 cup buttermilk 2 large eggs, at room temperature ¼ cup melted butter, plus extra for greasing ¼ cup vegetab",2026-10-04
https://ifanca.org/resources/coconut-curry-butternut-squash-soup/,Coconut Curry Butternut Squash Soup,Recipe,Resources,"September 30, 2024",recipes,type=Recipe,listing type,Servings: 12 Time: 30 minutes – 6 hours Products Used: Ingredients 2 32 oz. packages cubed butternut squash 1 onion chopped 2 cloves garlic minced 1 ½ teaspoon salt 1 teaspoon freshly ground black pepper 2 7 oz. pouches Saffron Road Coconut Curry Korma Sauce 1 32 oz. carton vegetable broth Toppings:,2026-10-04
https://ifanca.org/resources/tikka-masala-spiced-roasted-turkey/,Tikka Masala-Spiced Roasted Turkey,Recipe,Resources,"September 30, 2024",recipes,type=Recipe,listing type,"Servings: 8-12 Time: 2 – 2 1/2 hours (marinate overnight) Product Used: Ingredients 1 (12- to 14-lbs) turkey 1 7 oz. pouch Saffron Road Tikka Masala Simmer Sauce 1 cup plain whole milk Greek yogurt 1 onion, peeled and halved 1 lemon, halved Kitchen twine 2 tablespoons all-purpose flour 2 cups chicke",2026-10-04
https://ifanca.org/resources/saffron-roads-journey-to-better/,Saffron Road’s Journey to Better®,Spotlight,Resources,"September 30, 2024",industry and certification,type=Spotlight (company profile),listing type,"Founding Story: Adnan Durrani, founder and C EO of Saffron Road, has been a pioneering figure in the food industry f or 30+ years. His journey began in 1991 when he founded Vermont Pure Springs, which became the second-larg est bottled water brand i n the Northeast. He was also a principal sharehold",2026-10-04
https://ifanca.org/resources/nourishing-new-moms-through-traditional-foods/,Nourishing New Moms Through Traditional Foods,Article,Resources,"September 30, 2024",health and nutrition,foods,title,"A NEW MOM OFTEN FEELS A HEIGHTENED SENSE of responsibility to optimally care for her baby, coupled with “the baby blues” and unending tasks on her to-do list. This is a time when many new parents become vulnerable to many health challenges including depression, and burnout, among others. No wonder m",2026-10-04
https://ifanca.org/resources/harmony-with-hormonal-balance/,Harmony with Hormonal Balance,Article,Resources,"September 30, 2024",other,,no match,"AS MUSLIMS, WE BELIEVE GOD CREATED US IN the most perfect condition, as He says in the Quran: “Indeed, We created humans in the best form” (Quran 95:4). Just as we are instructed to nourish our souls with prayer and remembrance, maintaining physical health is also part of worship and gratitude to ou",2026-10-04
https://ifanca.org/resources/pumpkins-gourds-squash-beyond-the-decor/,"Pumpkins, Gourds, & Squash: Beyond the Décor",Article,Resources,"September 30, 2024",other,,no match,"I HAVE A CONFESSION TO MAKE: UNTIL RECENTLY, I never viewed gourds as possible food items. Growing up in Nigeria, I had seen gourds displayed as decorative items in people’s homes, marketplaces, museums, in palaces, and even used as drums during folklore and moonlight stories from the elderly in the",2026-10-04
https://ifanca.org/resources/from-the-publishers-desk-4/,From the Publisher’s Desk,Publisher's Note,Resources,"September 30, 2024",other,,no match,"It has been an eventful summer for IFANCA. We recently celebrated the Mawlid of Prophet Muhammad (ﷺ) at our Sabeel Center in Des Plaines, IL. We had an esteemed lineup of speakers and reciters from the Chicagoland area and our special guest, the renowned Hooria Fahim from Pakistan. The event was a g",2026-10-04
https://ifanca.org/resources/editors-note-4/,Editor’s Note,Editorial,Resources,"September 30, 2024",other,,no match,"Autumn is a time for reflection and appreciation as the world around us transforms into vibrant colors and settles into a slower rhythm. This season invites us to pause, to savor the beauty of change, and to embrace the cycles of renewal and rest. It’s a time to nurture both body and spirit, share m",2026-10-04
https://ifanca.org/resources/shahi-tukray/,Shahi Tukray,Recipe,Resources,"June 30, 2024",recipes,type=Recipe,listing type,Servings: 4-6 Time: 55 minutes Ingredients 10 pieces of sliced bread oil (for frying) 1 cup sugar 2-3 cups water 1/2 gallon milk 1 teaspoon saffron crushed pistachios and slivered almonds (for garnish) Step 1 Cut the edges off of the bread. Step 2 Heat oil in a skillet and fry each bread slice until,2026-10-04
https://ifanca.org/resources/nargisi-koftay/,Nargisi Koftay,Recipe,Resources,"June 30, 2024",recipes,type=Recipe,listing type,"Servings: 4-6 people Time: 30 minutes Ingredients ¼ cup chana dal (split gram) 1 tablespoon poppy seeds 2 teaspoons coriander seeds 1 teaspoon cumin seeds 1 lb halal mincemeat (mutton, chicken, or beef) ½ cup cilantro, chopped 4-5 green chilies, chopped 1 medium-sized onion, chopped 1 teaspoon red c",2026-10-04
https://ifanca.org/resources/rumali-roti/,Rumali Roti,Recipe,Resources,"June 30, 2024",recipes,type=Recipe,listing type,"Servings: 8-10 Time: 30 minutes, plus 1 hour rest time Ingredients 2 cups all-purpose flour 1/2 cup whole wheat flour 1/2 teaspoon salt 3/4 cup water, adjust as needed extra flour for rolling Step 1 In a large bowl, mix the all-purpose flour, whole wheat flour, and salt. Step 2 Gradually add water, ",2026-10-04
https://ifanca.org/resources/maash-ki-daal/,Maash Ki Daal,Recipe,Resources,"June 30, 2024",recipes,type=Recipe,listing type,"Servings: 4-6 Time: 40 minutes (soaking time 2-3 hours) Ingredients 1 cup split white urad lentils 1 medium onion, finely chopped 1 teaspoon salt 1 inch piece of ginger, finely chopped 1 inch piece of ginger, julienned (for garnish) 1/8 teaspoon asafetida 2 dried red chilies 1/3 cup ghee or oil ½ bu",2026-10-04
https://ifanca.org/resources/yakhni-pulao/,Yakhni Pulao,Recipe,Resources,"June 30, 2024",recipes,type=Recipe,listing type,"Servings: 6-8 Time: 1 hour 30 minutes Ingredients 3½ cups long-grain basmati rice 2 lbs halal mutton 3 medium onions, sliced ½ cup oil 2 tablespoons yogurt 1 tablespoon ginger-garlic paste 5-6 garlic cloves 2-inch piece of ginger 1 teaspoon salt 1 teaspoon cumin seeds 4-5 cloves 4-5 green cardamoms ",2026-10-04
https://ifanca.org/resources/choqander-ka-raita/,Choqander Ka Raita,Recipe,Resources,"June 30, 2024",recipes,type=Recipe,listing type,"Servings: 4-6 Time: 20 minutes Ingredients 1 ½ cups whole milk yogurt 3 tablespoons sour cream ½ cup water (adjust according to preference) 1 small beetroot (boiled, skin removed, and shredded) 1 Persian cucumber, shredded ½ purple onion, shredded ½ teaspoon salt ½ teaspoon chaat masala ¼ teaspoon b",2026-10-04
https://ifanca.org/resources/shami-kebabs/,Shami Kebabs,Recipe,Resources,"June 30, 2024",recipes,type=Recipe,listing type,Servings: 24 Time: 1 hour 30 minutes Ingredients 2 lbs halal boneless beef cut into cubes 4 cups of water 1 tablespoon cumin seeds 1 tablespoon coriander powder 2 teaspoons of turmeric powder 2 tablespoons ginger/garlic paste 1 tablespoon fennel seeds ½ teaspoon chili powder 2 onions quartered 2 cup,2026-10-04
https://ifanca.org/resources/aloo-tikki-with-imli-chutney/,Aloo Tikki with Imli Chutney,Recipe,Resources,"June 30, 2024",recipes,type=Recipe,listing type,"Servings: 10 Time: 1 hour 15 minutes Ingredients 5 medium potatoes 1 small onion, chopped 2 green chilies, thinly sliced ½ bunch of cilantro, chopped 1 teaspoon salt 1 teaspoon roasted cumin powder 1 teaspoon anardana (dried pomegranate seeds) 2/3 teaspoon semolina, corn flour, or bread crumbs Oil f",2026-10-04
https://ifanca.org/resources/from-the-publishers-desk-3/,From the Publisher’s Desk,Publisher's Note,Resources,"June 30, 2024",other,,no match,"Assalaamu alaikum, “Seek knowledge even if you have to go as far as China” is a famous saying attributed to Prophet Muhammad (ﷺ). Even 1500 years ago, China was recognized for its advancements in education. The first verse revealed to Prophet Muhammad (ﷺ) in the Qur’an was “ Iqra ,” meaning “read.” ",2026-10-04
https://ifanca.org/resources/editors-note-3/,Editor’s Note,Editorial,Resources,"June 30, 2024",other,,no match,"Assalaamu alaikum, It’s been a whirlwind of events for us at IFANCA. Earlier this year, we hosted a community solidarity-building event at our Sabeel Center in Des Plaines, IL, to raise awareness and unite communities in response to global conflicts. The event featured two renowned Palestinian-Ameri",2026-10-04
https://ifanca.org/resources/tradition-of-dastarkhawn-a-culinary-tapestry-of-eating-together/,Tradition of Dastarkhawn: A Culinary Tapestry of Eating Together,Article,Resources,"June 30, 2024",health and nutrition,eating,title,"“DASTARKHAWN” IS A PERSIAN AND TURKISH term, meaning tablecloth or a big ceremonial dining spread that was laid out on the floor meticulously. It was so highly regarded that it could be used to place serving utensils on. Historically, the dastarkhawn originated in the palaces of Iran and was brought",2026-10-04
https://ifanca.org/resources/make-your-breathwork-for-you/,Make Your Breathwork for You,Article,Resources,"June 30, 2024",other,,no match,"BREATHING IS ONE OF THE MOST FUNDAMENTAL aspects of life, but we don’t learn how to perform the activity. Yet we couldn’t survive without it. Since we don’t learn how to breathe, and don’t put conscious effort towards breathing, we often overlook its significant impact on our overall wellbeing. The ",2026-10-04
https://ifanca.org/resources/weathering-the-storms-of-climate-anxiety/,Weathering the Storms of Climate Anxiety,Article,Resources,"June 30, 2024",other,,no match,"WHENEVER WE TURN ON THE TELEVISION OR read the latest news article, it seems like we can’t avoid the topic of climate change. Whether it is hurricanes in the Gulf South or wildfires on the West Coast, melting polar ice caps or rising ocean temperatures, climate change has made “once-in-a-lifetime” s",2026-10-04
https://ifanca.org/resources/ashwagandha-traditional-wisdom-for-modern-wellness/,Ashwagandha: Traditional Wisdom for Modern Wellness,Article,Resources,"June 30, 2024",health and nutrition,wellness,title,"PROPHET MUHAMMAD (ﷺ) EMPHASIZED THE importance of seeking treatment when needed, saying, “God has not sent down a disease without sending down a remedy for it” (Mishkat al-Masabih, 4514). Ashwagandha, with its diverse medicinal uses, aligns with this holistic approach to well-being. Ashwagandha, a p",2026-10-04
https://ifanca.org/resources/diving-into-the-blue-zone/,Diving into the Blue Zone,Article,Resources,"June 30, 2024",other,,no match,"IMAGINE FINDING OUT THAT SCATTERED ACROSS the globe are very special towns where people live remarkably long, healthy lives. Not only do these regions support healthy populations, they also boast unique communities, including the highest concentration of men over 100, and the world’s oldest women. Y",2026-10-04
https://ifanca.org/resources/pioneering-food-diversity-how-ifanca-and-texas-am-university-are-leading-the-way/,Pioneering Food Diversity: How IFANCA and Texas A&M University are Leading the Way,Article,Resources,"June 30, 2024",community and events,universit,title,"THE ISLAMIC FOOD AND NUTRITION COUNCIL OF America (IFANCA) leads the promotion of halal food practices, ensuring food diversity and quality. In 2016, IFANCA partnered with Texas A&M University, establishing The Food Diversity Innovation Program (FDIP) within the Department of Food Science and Techno",2026-10-04
https://ifanca.org/resources/gulabi-chai/,Gulabi Chai,Recipe,Resources,"June 30, 2024",recipes,type=Recipe,listing type,"Servings: 4 Time: 40 minutes Ingredients 2 cups water 4 teaspoons Kashmiri green tea leaves 2 cups whole milk 3 cardamom pods, crushed 1 cinnamon stick 1 star anise 1/2 teaspoon baking soda 1/4 teaspoon salt 2 tablespoons sugar 1 tablespoon crushed pistachios and almonds (for garnish) 1/4 teaspoon r",2026-10-04
https://ifanca.org/resources/chana-halwa/,Chana Halwa,Recipe,Resources,"June 30, 2024",recipes,type=Recipe,listing type,Servings: 12 Time: 30-40 minutes Ingredients 1 cup chana dal (gram flour) 1/2 cup ghee 1/4 teaspoon cardamom powder 1/2 cup sugar 1 1/2 cups milk 1/2 cup water 1 teaspoon coconut powder (for garnish) 1/4 cup chopped almonds and pistachios (for garnish) Step 1 Soak the chana dal in a bowl with water ,2026-10-04
https://ifanca.org/resources/gyros-bread/,Gyros Bread,Recipe,Resources,"March 31, 2024",recipes,type=Recipe,listing type,"Servings: 12-16 | Time: 1 hour Ingredients 3 cups flour 1 cup warm water 1/3 cup olive oil 1 teaspoon salt 2 teaspoons sugar 1 1/2 teaspoons yeast 1 lb. of Olympia® Foods Cooked Halal Gyros Slices 2-3 cups of Cabot® Creamery Pepper Jack, Colby Jack, or Cheddar Cheese For the Garlic Parmesan Spread 1",2026-10-04
https://ifanca.org/resources/spotlight-the-abrahamic-center-for-cultural-education-acce/,SPOTLIGHT: The Abrahamic Center for Cultural Education (ACCE),Article,Resources,"March 31, 2024",community and events,educat,title,"The Abrahamic Center for Cultural Education (ACCE) is an Islamic art gallery and resource center, initiated by IFANCA®, located in downtown Chicago. It is dedicated to creatively educating the community on Islam and Muslims, while also preserving the community’s diverse history, heritage, and storie",2026-10-04
https://ifanca.org/resources/chicken-taco-soup/,Chicken Taco Soup,Recipe,Resources,"March 31, 2024",recipes,type=Recipe,listing type,Servings: 8 | Time: 40 minutes Ingredients 1 tablespoon olive oil 1/2 onion chopped 2 lbs halal chicken breast 2 10 oz. cans of diced tomatoes with green chilies 1 15 oz. can of black beans drained and rinsed 1/2 red bell pepper chopped 1 tablespoon chili powder 1 teaspoon garlic powder 1 teaspoon g,2026-10-04
https://ifanca.org/resources/a-special-focus-on-mens-health/,A Special Focus on Men’s Health,Article,Resources,"March 31, 2024",health and nutrition,health,title,"AS WOMEN FACE SPECIFIC HEALTH CHALLENGES due to their hormonal makeup and anatomy, men also face health challenges for the same reasons. Men’s health is tied to their unique reproductive system and lifestyle behaviors. We’ll start with health issues that originate in the male reproductive system. Me",2026-10-04
https://ifanca.org/resources/spiced-salmon-kebabs/,Spiced Salmon Kebabs,Recipe,Resources,"March 31, 2024",recipes,type=Recipe,listing type,"Servings: 4 | Time: 20 minutes Ingredients 2 tablespoons parsley, chopped 1 tablespoon sesame seeds 1 teaspoon black pepper 1/2 teaspoon sea salt 1/2 teaspoon red pepper flakes 2 tablespoons maple syrup 2 tablespoons extra-virgin olive oil (plus extra for asparagus) 1 1/4 pounds salmon fillet, slice",2026-10-04
https://ifanca.org/resources/ifancas-multifaceted-approach-to-food-security-and-health-equity/,IFANCA’s Multifaceted Approach to Food Security and Health Equity,Article,Resources,"March 31, 2024",health and nutrition,health,title,"BEFORE THE TERMS FOOD AND HEALTH SECURITY were mainstream ideas, IFANCA’s mission was to address these concerns. Access to halal foods is directly tied to food security, as many Muslims will forego nutrition security to adhere to religious dietary guidelines, regardless of their socio-economic class",2026-10-04
https://ifanca.org/resources/food-fraud-a-global-issue/,Food Fraud: A Global Issue,Article,Resources,"March 31, 2024",health and nutrition,food,title,"WHAT HAPPENS WHEN THE THINGS YOU AND your family eat and drink aren’t what they’re supposed to be? This pervasive issue threatens the global food supply chain and those of us who rely on it. Food fraud, a term describing the intentional deception of consumers by those in the food industry, is the il",2026-10-04
https://ifanca.org/resources/balancing-modern-eating-habits-with-spiritual-wisdom-lessons-from-prophet-muhammads-%ef%b7%ba-diet/,Balancing Modern Eating Habits with Spiritual Wisdom: Lessons from Prophet Muhammad’s (ﷺ) Diet,Article,Resources,"March 31, 2024",health and nutrition,diet,title,"THE WAYS IN WHICH WE EAT AND THE FOODS that we consume are often influenced by our inherited behaviors and cultural traditions. As Muslims, we adhere to the sunnah as we seek to emulate the lifestyle of Prophet Muhammad (ﷺ). His dietary habits, derived from teachings in the Qur’an, provide valuable ",2026-10-04
https://ifanca.org/resources/halal-or-not-decoding-ambiguous-ingredients/,Halal or Not? Decoding Ambiguous Ingredients,Article,Resources,"March 31, 2024",ingredients,ingredient,title,"THE FOOD INDUSTRY IS ALWAYS EVOLVING , with new trends and ingredients constantly emerging. With that comes a great deal of confusion, as to whether a certain ingredient is halal, as many words can have double meanings. Two of the forbidden categories for Muslim consumers are pork and alcohol. “Desp",2026-10-04
https://ifanca.org/resources/viral-dubai-chocolate-knafeh-bar-2/,Viral Dubai Chocolate Knafeh Bar,Recipe,Resources,"March 31, 2024",recipes,type=Recipe,listing type,"Servings: 8 | Time: 1 hour Ingredients 3 tablespoons unsalted butter 8 oz. Kontos® Kataifi Shredded Pastry Dough 16 oz. melted dark or milk chocolate 3 ½ cups Wonderful Pistachios® No Shells Lightly Salted pistachios 1/4 cup tahini Optional: white chocolate, food coloring, and edible gold dust for d",2026-10-04
https://ifanca.org/resources/a-neat-way-to-stay-fit/,A NEAT Way to Stay Fit,Article,Resources,"March 31, 2024",health and nutrition,fit,title,"IN THE EVERLASTING PURSUIT OF A HEALTHY lifestyle, exercise always sits center stage. We lace up our running shoes, hit the gym, or carry and roll out our yoga mats, all in the name of wellness. The countless health benefits that come with exercise can’t be emphasized enough. But, for once, exercise",2026-10-04
https://ifanca.org/resources/editors-note-2/,Editor’s Note,Editorial,Resources,"March 31, 2024",other,,no match,"Assalamu alaikum, We have had some new changes at the Halal Consumer magazine, and I am pleased to introduce myself as the new editor! I am so excited to be on board and will continue to bring you the latest trends and developments in the ever-changing halal landscape! In this issue, we will take in",2026-10-04
https://ifanca.org/resources/from-the-publishers-desk-2/,From the Publisher’s Desk,Publisher's Note,Resources,"March 31, 2024",other,,no match,"Assalaamu alaikum, There has been a changing of the guard here at the Halal Consumer Magazine. After 3 ½ years of dedicated service, our previous editor, Alison DeGuide, has now moved on to pursue new opportunities. We want to express our gratitude for her valuable contributions to IFANCA, and we wi",2026-10-04
https://ifanca.org/resources/the-call-to-calisthenics/,The Call to Calisthenics,Article,Resources,"December 31, 2023",health and nutrition,exercise,opening text,"CALISTHENICS IS A DYNAMIC AND empowering exercise that uses your body weight to develop a combination of strength, endurance, flexibility, and coordination. Anyone looking for a versatile bodyweight-centric workout can benefit from calisthenics. Whether you’re new to exercise or a seasoned athlete, ",2026-10-04
https://ifanca.org/resources/colorful-fall-quinoa-salad/,Colorful Fall Quinoa Salad,Recipe,Resources,"December 31, 2023",recipes,type=Recipe,listing type,"Salad Ingredients 2 - 3 medium sweet potatoes, scrubbed and diced 1 cup quinoa, rinsed and drained ½ cup pumpkin seeds, toasted 1 small bunch sage, chopped soft goat cheese for garnish (optional) kale (optional) lemon juice (optional) Tahini Dressing Ingredients: ¼ cup tahini 3 - 5 tablespoons olive",2026-10-04
https://ifanca.org/resources/a-special-focus-on-womens-health/,A Special Focus on Women’s Health,Article,Resources,"December 31, 2023",health and nutrition,health,title,"GOD IS AL-MUSAWWIR, THE BESTOWER OF Form, the Shaper of Unique Beauty. He has charged us to maintain the health of our bodies. While health challenges vary from person to person, we do share commonalities that shape our collective experience. He has given unique qualities to our male and female form",2026-10-04
https://ifanca.org/resources/turkey-and-barley-soup/,Turkey and Barley Soup,Recipe,Resources,"December 31, 2023",recipes,type=Recipe,listing type,"Servings: 6 Time: 30 minutes Ingredients 6 1/2 cups water 5 medium carrots, diced 1/2 sweet onion, diced 1 1/2 teaspoons Italian seasoning 1 teaspoon sea salt (to taste) 2/3 cup pearl barley, uncooked 12 ounces halal turkey breast, cooked and roughly chopped 2 cups baby spinach Step 1 Add the water,",2026-10-04
https://ifanca.org/resources/slow-cooker-vegan-chili/,Slow Cooker Vegan Chili,Recipe,Resources,"December 31, 2023",recipes,type=Recipe,listing type,"Servings: 8 Time: 8 hours Ingredients 6 cups canned whole tomatoes 2 cups red kidney beans, cooked, drained, and rinsed 2 cups white navy beans, cooked, drained, and rinsed 2 cups frozen corn 2 stalks celery, diced 2 green bell peppers, de-seeded and chopped 2 carrots, chopped 1 white onion, diced 4",2026-10-04
https://ifanca.org/resources/embracing-alternative-seafood-for-a-sustainable-future/,Embracing Alternative Seafood for a Sustainable Future,Article,Resources,"December 31, 2023",other,,no match,"IF YOU FIND YOURSELF CRINGING AT THE THOUGHT of “alternative” and “seafood” in the same sentence, you are not alone! However, as we face an increasing global demand for seafood and challenges with environmental sustainability, it’s time to accept alternative seafood for what it is: a viable and ethi",2026-10-04
https://ifanca.org/resources/coconut-brownie-bites/,Coconut Brownie Bites,Recipe,Resources,"December 31, 2023",recipes,type=Recipe,listing type,"Servings: 14 Time: 15 minutes Ingredients 1 cup almonds 1/4 cup cocoa powder 1/2 cup unsweetened coconut flakes, divided 1 cup pitted dates, soaked and drained 1 1/2 tablespoons coconut oil 1 tablespoon raw honey Step 1 Combine the almonds, cocoa powder, and half of the shredded coconut in a food pr",2026-10-04
https://ifanca.org/resources/food-for-thought/,Food For Thought,Article,Resources,"December 31, 2023",health and nutrition,food,title,"WE HAVE HEARD OF PROCESSED FOODS, BUT we may or may not have heard of ultraprocessed foods. What is the difference between the two? Gina Van Thomme explains it best in an article for the University of Texas MD Anderson Cancer Center . She tells us to envision food as being on a spectrum. Whole foods",2026-10-04
https://ifanca.org/resources/golden-turmeric-latte/,Golden Turmeric Latte,Recipe,Resources,"December 31, 2023",recipes,type=Recipe,listing type,"Servings: 2 | Time: 10 minutes 1 tablespoon ginger 1 cup canned coconut milk 1 cup water 1 teaspoon turmeric powder 1 tablespoon raw honey 1/2 teaspoon cinnamon 1 1/2 teaspoons coconut oil Step 1 Grate the ginger, then squeeze the juice out of it into a saucepan. Discard the pulp. Step 2 Add the rem",2026-10-04
https://ifanca.org/resources/good-grief/,Good Grief,Article,Resources,"December 31, 2023",other,,no match,"BETWEEN 2012 AND 2013, DR. TAMARA GRAY’S life changed dramatically. She had been settled in Syria for the last twenty years but was now back in Minneapolis, Minnesota, due to the country’s civil war. She was a well-known and sought-after educator in Damascus yet could not even get an interview here.",2026-10-04
https://ifanca.org/resources/editors-note/,Editor’s Note,Editorial,Resources,"December 31, 2023",other,,no match,"Assalaamu alaikum, I hope you have been enjoying the new year! Though this is our last issue for 2023, we have lots of exciting topics on the agenda for 2024. Stay tuned for more news on trending topics in food, health, nutrition, exercise, and wellness. Speaking of trends, alternative seafood has b",2026-10-04
https://ifanca.org/resources/embracing-alternative-seafood-for-a-sustainable-future-2/,Embracing Alternative Seafood for a Sustainable Future,Article,Resources,"December 31, 2023",other,,no match,"Variety of vegan plant-based fish and seafood. IF YOU FIND YOURSELF CRINGING AT THE THOUGHT of “alternative” and “seafood” in the same sentence, you are not alone! However, as we face an increasing global demand for seafood and challenges with environmental sustainability, it’s time to accept altern",2026-10-04
https://ifanca.org/resources/food-and-nutrition-security-impact-millions-of-u-s-households/,Food and Nutrition Security Impact Millions of U.S. Households,Article,Resources,"December 31, 2023",health and nutrition,nutrition,title,"IFANCA Is Committed to Addressing This Issue FOOD INSECURITY RATES ARE ON THE RISE nationwide, according to the U.S. Department of Agriculture (USDA). Recent analysis of national data on American Muslims that was carried out by the Institute for Social Policy and Understanding (ISPU) highlights leve",2026-10-04
https://ifanca.org/resources/banana-coconut-granola/,Banana Coconut Granola,Recipe,Resources,"December 31, 2023",recipes,type=Recipe,listing type,"Servings: 6 Time: 1 hour 15 minutes Ingredients 2 cups oats (rolled or old-fashioned) 1 cup unsweetened coconut flakes 1/2 cup pumpkin seeds 1/2 teaspoon cinnamon 1/4 teaspoon sea salt 1 ripe banana, mashed 2 tablespoons coconut oil, melted Step 1 Preheat oven to 300 F (149 C). Step 2 In a large bow",2026-10-04
https://ifanca.org/resources/ensuring-equitable-access-to-halal-foods-for-students-takeaways-from-ifancas-interactive-session-at-the-society-for-nutrition-education-and-behavior-sneb-annual-conference/,Ensuring Equitable Access to Halal Foods for Students,Article,,"November 30, 2023",community and events,student,title,"Takeaways from IFANCA’s Interactive Session at the Society for Nutrition Education and Behavior (SNEB) Annual Conference Due to a lack of access to halal foods, Muslim students nationwide experience food insecurity at critical points throughout their school day. This has direct implications for stud",2026-10-04
https://ifanca.org/resources/stretch-to-impress/,Stretch to Impress,Article,,"September 30, 2023",other,,no match,Stretching can be best described as a way for your muscles to find their freedom and for your body to discover new dimensions of motion. Athletes and dancers can witness firsthand how pliability and power unite to produce unmatched agility and strength. The benefits of stretching have been known for,2026-10-04
https://ifanca.org/resources/the-clean-label-trend/,The Clean Label Trend,Article,,"September 30, 2023",ingredients,clean label,title,"Consumers’ growing interest in the transparency of their food and other consumables has led the food industry to adopt the term “clean label,” which is one of the latest marketing buzzwords. This movement has grown steadily over the years as more consumers pay particular attention to the number and ",2026-10-04
https://ifanca.org/resources/chocolate-zucchini-muffins/,Chocolate Zucchini Muffins,Recipe,,"September 30, 2023",recipes,type=Recipe,listing type,"Servings: 12 Time: 30 minutes Ingredients 2 cups almond flour ¼ cup cocoa powder ¼ teaspoon sea salt ¼ teaspoon baking soda ¼ cup extra-virgin olive oil ¼ cup maple syrup 3 eggs 1 medium zucchini, grated Step 1 Preheat your oven to 350°F and line a muffin tin with muffin liners. Step 2 Brush each li",2026-10-04
https://ifanca.org/resources/salsa-black-beans-rice/,Salsa Black Beans & Rice,Recipe,,"September 30, 2023",recipes,type=Recipe,listing type,"Servings: 2 Time: 20 minutes Ingredients ½ cup jasmine rice ½ cup red onion, finely chopped 2 garlic cloves, minced ½ red bell pepper, finely chopped ¾ cup vegetable broth, divided 2 teaspoons cumin ¼ teaspoon sea salt 2 cups black beans ½ cup salsa ¼ cup cilantro (optional) Step 1 Cook the rice acc",2026-10-04
https://ifanca.org/resources/watermelon-cucumber-quinoa-salad/,Watermelon & Cucumber Quinoa Salad,Recipe,,"September 30, 2023",recipes,type=Recipe,listing type,"Servings: 2 Time: 30 minutes Ingredients ½ cup quinoa ⅛ seedless watermelon, cut into small cubes ½ cucumber, cubed and diced 2 tablespoons red onion, finely chopped 2 tablespoons lime juice 2 tablespoons hemp seeds 1½ tablespoons mint leaves ⅛ teaspoon sea salt Step 1 Cook the quinoa according to p",2026-10-04
https://ifanca.org/resources/immunity-bone-broth/,Immunity Bone Broth,Recipe,,"September 30, 2023",recipes,type=Recipe,listing type,"Servings: 6 Time: 8 hours, 20 minutes Ingredients 4 pounds halal beef bones (or halal goat bones) 2 medium carrots, roughly chopped 1 yellow onion, cut into quarters 10 garlic cloves 12 cups water 3 stalks celery, roughly chopped 2 bay leaves 1 tablespoon apple cider vinegar sea salt & black pepper ",2026-10-04
https://ifanca.org/resources/phobias-where-fear-and-anxiety-collide/,Phobias: Where Fear and Anxiety Collide,Article,,"September 30, 2023",other,,no match,"You’ve probably heard the following phrases: “He’s such a germophobe” or “She’s xenophobic.” As Muslims, we are familiar with the term Islamophobia. It’s a word used in everyday language. But few know the difference between what is considered prejudice, fear, or a medically classified phobia. It is ",2026-10-04
https://ifanca.org/resources/aging-with-grace/,Aging with Grace,Article,,"September 30, 2023",other,,no match,"Aging is what happens to our bodies over time. Some of it is caused by natural occurrences, while some is accumulative, such as skin damage due to excessive sun exposure. In this age-obsessed culture, looking and feeling young is a vulnerability for consumers. According to Matej Mikulic in an articl",2026-10-04
https://ifanca.org/resources/self-checks/,Self-Checks,Article,,"September 30, 2023",other,,no match,"With all the busy happenings in our lives, we often forget to pay close attention to what keeps us going: our body. Luckily, it has powerful ways of alerting us if something is not right. Self-checks help us develop a better awareness of what our bodies need and fix any issues early on. When to Perf",2026-10-04
https://ifanca.org/resources/yaupon/,Yaupon,Article,,"September 30, 2023",other,,no match,"When you need a pick-me-up, you might turn to a few different beverage options. Some prefer to start their day with a cup of coffee, while others may enjoy tea in the afternoon. Energy drinks and soda are also popular, though these options can leave you with a sugar crash. Another energy-providing b",2026-10-04
https://ifanca.org/resources/from-the-publishers-desk-fall-2023/,From the Publisher’s Desk,Editorial,,"September 30, 2023",other,,no match,"Assalaamu alaikum, In light of the recent case against Senator Robert Menendez, there has never been a greater need for integrity and transparency in matters of halal certification. When scandals like these arise, it is customers who suffer the effects, whether they be higher prices or increased con",2026-10-04
https://ifanca.org/resources/editors-note-fall-2023/,Editor’s Note,Editorial,,"September 30, 2023",other,,no match,"Assalaamu alaikum, We hope you are having a wonderful autumn! While the changing leaves are quite beautiful, shorter daylight hours often make us feel more tired than usual. Many of us reach for coffee or tea to stay awake, but other caffeinated beverages like yaupon have become more popular in rece",2026-10-04
https://ifanca.org/resources/women-and-weightlifting/,Women and Weightlifting,Article,,"June 30, 2023",health and nutrition,weight,title,"In recent years weightlifting has gained popularity among women as a powerful instrument in a physical fitness routine and a way to enhance one’s overall well-being. It’s a big change from the days when weightlifting was predominantly associated with oversized, hulk-like men sweating and grunting th",2026-10-04
https://ifanca.org/resources/putting-food-safety-first-the-ins-and-outs-of-food-recalls/,Putting (Food) Safety First? The Ins and Outs of Food Recalls,Article,,"June 30, 2023",health and nutrition,food,title,"According to the Centers for Disease Control and Prevention (CDC) , over 128,000 people are hospitalized and 3,000 people die of foodborne illnesses each year. There are thirty-one pathogens known to cause foodborne illness, and people who are pregnant or who have weakened immune systems tend to be ",2026-10-04
https://ifanca.org/resources/growing-up-with-vertical-farms/,Growing Up with Vertical Farms,Article,,"June 30, 2023",other,,no match,"What comes to mind when you imagine a farm? Never-ending rows of green separated by thin aisles of brown soil? Tractors and red barns? What about urban buildings and LED lights? Chances are, these last two are not what you traditionally associate with farming. However, they are key to vertical farmi",2026-10-04
https://ifanca.org/resources/gluten-free-sweet-potato-scones/,Gluten-Free Sweet Potato Scones,Recipe,,"June 30, 2023",recipes,type=Recipe,listing type,"These filling scones get their sweetness from sweet potato and raisins. Serves: 6-8 Ingredients 1 large sweet potato, roasted whole 1 cup millet flour (can substitute coconut flour or rice flour) 1 egg ¼ cup whole milk (or vegan milk of choice) ¼ cup raisins ½ cup walnut pieces ¼ cup coconut oil 2 t",2026-10-04
https://ifanca.org/resources/shrimp-fried-cauliflower-rice/,Shrimp Fried Cauliflower Rice,Recipe,,"June 30, 2023",recipes,type=Recipe,listing type,"Servings: 2 Time: 20 minutes Ingredients 8 ounces shrimp ¼ teaspoon chili powder 2 teaspoons avocado oil, divided 2 eggs 2½ cups cauliflower rice 1 red bell pepper, diced 2 tablespoons coconut aminos 2 stalks green onions, sliced Step 1 Season the shrimp with chili powder. Step 2 Heat a skillet over",2026-10-04
https://ifanca.org/resources/coconut-millet-banana-bread/,Coconut Millet Banana Bread,Recipe,,"June 30, 2023",recipes,type=Recipe,listing type,"Ingredients 3 ripe bananas ⅓ cup butter (either salted or unsalted), melted ½ teaspoon baking soda 1 cup sugar 4 teaspoons vanilla extract 1 pinch salt 1½ cups all-purpose flour 1 egg ½ cup millet (if you don’t want the bread to have too much crunch, use ¼ cup of millet instead) shredded sweetened c",2026-10-04
https://ifanca.org/resources/zucchini-noodles-with-arugula-sundried-tomatoes-and-pine-nuts/,"Zucchini “Noodles” with Arugula, Sundried Tomatoes, and Pine Nuts",Recipe,,"June 30, 2023",recipes,type=Recipe,listing type,"A simple, low-carb summer dish. Serves: 3-4 Ingredients 4 medium zucchinis 2 handfuls arugula 2 heirloom tomatoes ½ cup kalamata olives, sliced ¼ cup pine nuts, toasted 3 tablespoons olive oil 3-4 large spoonfuls pesto (see recipe below) herbes de provence red chili flakes (optional) Instructions Fi",2026-10-04
https://ifanca.org/resources/chocolate-avocado-pudding/,Chocolate Avocado Pudding,Recipe,,"June 30, 2023",recipes,type=Recipe,listing type,"Servings: 3 Time: 10 minutes Ingredients 2 avocados ½ cup pitted dates, chopped, soaked, and drained 2 tablespoons maple syrup ½ cup plain coconut milk ⅓ cup cocoa powder Step 1 Add the avocado, soaked dates, and maple syrup to a food processor and pulse to combine. Step 2 Add the coconut milk and b",2026-10-04
https://ifanca.org/resources/the-many-faces-of-community-care/,The Many Faces of Community Care,Article,,"June 30, 2023",community and events,communit,title,"In 2013, I did something I never imagined I would do. I had just finished a semester of a virtual Sirah class and felt inspired to step out of my comfort zone to teach what I had learned. I got permission from my teacher to share her notes and messaged a few of my neighbors and close friends. It was",2026-10-04
https://ifanca.org/resources/sugar-reduction-the-sweet-and-low-of-it/,Sugar Reduction: The Sweet and Low of It,Article,,"June 30, 2023",health and nutrition,sugar,title,"Bashir Ali* lost both his parents to the fatal effects of diabetes. He witnessed his parents suffer from strokes, vision loss, and gum, heart, and kidney disease, all consequences of the uncontrolled sugar levels in their bodies. “Their quality of life was lost early on, and I don’t want the same fo",2026-10-04
https://ifanca.org/resources/chrono-nutrition-how-eating-on-a-schedule-may-improve-your-well-being/,Chrono-nutrition: How Eating on a Schedule May Improve Your Well-being,Spotlight,,"June 30, 2023",health and nutrition,nutrition,title,"Much research has focused on what to eat and how much to eat. However, emerging research shows increasing evidence that meal timing plays an important role in maintaining the circadian rhythm (a person’s internal clock or night/day cycle) and metabolic health. Meal timing, also known as chrono-nutri",2026-10-04
https://ifanca.org/resources/millet/,Millet,Article,,"June 30, 2023",health and nutrition,millet,title,"My first encounter with millet was while visiting Ghana last summer. Cooked in the form of porridge and spiced up with ground chili pepper, cloves, and ginger, it tasted like corn pap or ogi, which is a popular Nigerian meal that can be made from maize, sorghum, or millet. According to the North Ame",2026-10-04
https://ifanca.org/resources/from-the-publishers-desk-summer-2023/,From the Publisher’s Desk,Editorial,,"June 30, 2023",other,,no match,"Assalaamu alaikum, Community care is an important aspect of our faith. As Muslims, we know that helping our neighbors benefits both parties and brings us closer together. Caring for the community is also core to our mission at IFANCA. In addition to our certification activities, we provide education",2026-10-04
https://ifanca.org/resources/editors-note-summer-2023/,Editor’s Note,Editorial,,"June 30, 2023",other,,no match,"Assalaamu alaikum, The IFANCA team has been busy this summer! Representatives attended the Institute of Food Technologists (IFT) First Annual Event and Expo and the National Association of College & University Food Services (NACUFS) 2023 National Conference in the same week. Then, a few days later, ",2026-10-04
https://ifanca.org/resources/biohacking-your-lifestyle/,Biohacking Your Lifestyle,Article,,"March 31, 2023",health and nutrition,exercise,opening text,"Biohacking has become an increasingly popular trend in recent years as people look for new ways to optimize their health and wellness. Sometimes referred to as do-it-yourself biology, biohacking is the practice of making small changes to your lifestyle to improve your overall health. From tracking s",2026-10-04
https://ifanca.org/resources/regenerative-agriculture-replenishing-the-earths-resources/,Regenerative Agriculture: Replenishing the Earth’s Resources,Article,,"March 31, 2023",community and events,cultur,title,"Imagine a table filled with your favorite foods. Maybe it includes a warm apple pie with a scoop of vanilla ice cream, a bowl of hummus with parsley sprinkled on top, or a plate of chicken tikka masala next to a stack of naans fresh out of the oven. Now think about where these foods come from: ​ ​ f",2026-10-04
https://ifanca.org/resources/eating-well-on-a-budget/,Eating Well on a Budget,Article,,"March 31, 2023",health and nutrition,eating,title,"According to a forecast by the Economic Research Service at the U.S. Department of Agriculture (USDA) , food prices are predicted to increase by 7.5% in 2023. This means that making healthy choices may become more challenging for consumers. However, making smart but healthy choices at the grocery st",2026-10-04
https://ifanca.org/resources/scrambled-eggs-with-peppers-kale/,Scrambled Eggs with Peppers & Kale,Recipe,,"March 31, 2023",recipes,type=Recipe,listing type,"Servings: 2 Time: 15 minutes Ingredients 1½ teaspoons extra-virgin olive oil 1 red bell pepper, sliced 2 cups kale leaves, chopped 6 eggs sea salt and black pepper (to taste) Step 1 Heat the olive oil in a skillet over medium heat. Add the red bell pepper and kale leaves and sauté until softened, ab",2026-10-04
https://ifanca.org/resources/maple-baked-beans/,Maple Baked Beans,Recipe,,"March 31, 2023",recipes,type=Recipe,listing type,"Servings: 4 Time: 30 minutes Ingredients ¼ cup water 1 small yellow onion, diced 2 cups white navy beans, cooked and rinsed ⅓ cup crushed tomatoes 1½ tablespoons fancy molasses 1 tablespoon maple syrup 1 tablespoon halal mustard 1 tablespoon lemon juice 2 tablespoons apple cider vinegar ½ teaspoon p",2026-10-04
https://ifanca.org/resources/spiced-chickpeas-with-spinach-and-rice/,Spiced Chickpeas with Spinach & Rice,Recipe,,"March 31, 2023",recipes,type=Recipe,listing type,"Servings: 2 Time: 20 minutes Ingredients ½ cup jasmine rice 1 tablespoon extra-virgin olive oil 2 cups chickpeas, cooked, rinsed, and patted dry 1 tablespoon taco seasoning (see ingredients below) 1 tablespoon coconut aminos 2 cups baby spinach, chopped sea salt and black pepper (to taste) Taco Seas",2026-10-04
https://ifanca.org/resources/burnout-a-k-a-the-great-exhaustion/,"Burnout, a.k.a. “The Great Exhaustion”",Article,,"March 31, 2023",other,,no match,"I’m just burnt out. This statement frequently echoes through the halls of Maariya Quadri’s microcosm in the western suburbs of Illinois. Many seniors like her may experience “senioritis,” or end-of-high-school exhaustion, after dealing with pressures from standardized testing, college applications, ",2026-10-04
https://ifanca.org/resources/a-spotlight-on-healthy-food-choices-and-what-that-even-means/,A Spotlight on “Healthy” Food Choices—And What That Even Means,Article,,"March 31, 2023",health and nutrition,health,title,"So eat from the good, lawful things which Allah has provided for you, and be grateful for Allah’s favours, if you [truly] worship Him [alone]. (Quran 16:114) Making “Healthy” Choices If you feel like you are navigating a growing mix of nutrition labels, health claims, and diet trends—all amid skyroc",2026-10-04
https://ifanca.org/resources/all-about-antioxidants/,All About Antioxidants,Article,,"March 31, 2023",other,,no match,"Antioxidants are everywhere. They’ve popped up in cereals, granola bars, juices, teas, supplements — and even water! Even though the word “antioxidant” may be seen on different food items, its impact is not quite so obvious. Antioxidants work at the subatomic level by combatting free radicals, which",2026-10-04
https://ifanca.org/resources/yummy-yuzu/,Yummy Yuzu,Article,,"March 31, 2023",other,,no match,"If you crave something sour and tangy, yuzu is right up your alley. Yuzu is a citrus fruit from East Asia. It is widely grown in Australia, China, France, Italy, and Spain. Prized in Japanese culture for thousands of years, yuzu is a staple of Japanese cuisine. Yuzu looks like a small grapefruit wit",2026-10-04
https://ifanca.org/resources/from-the-publishers-desk-spring-2023/,From the Publisher’s Desk,Editorial,,"March 31, 2023",other,,no match,"Assalaamu alaikum, When it comes to living and farming ethically, in a traditional manner, regenerative agriculture plays an important role. As the name demonstrates, regenerative agriculture focuses mainly on regenerating the Earth rather than draining it. This practice seeks to restore biodiversit",2026-10-04
https://ifanca.org/resources/editors-note-spring-2023/,Editor’s Note,Editorial,,"March 31, 2023",other,,no match,"Assalaamu alaikum, From all of us at IFANCA and Halal Consumer Magazine, we’d like to wish you Eid Mubarak. We hope you enjoyed a rewarding Ramadan and a joyous Eid celebration. Our first article in this issue features yuzu. Yuzu’s uniquely tart flavor has been popping up on menus and grocery store ",2026-10-04
https://ifanca.org/resources/spotlight-on-award-winning-companies-at-ifancas-40th-anniversary-celebration/,Spotlight on Award-Winning Companies at IFANCA’s 40th Anniversary Celebration,Spotlight,,"December 31, 2022",industry and certification,companies,title,"If you have been keeping up to date with Halal Consumer Magazine, you’ll know that IFANCA celebrated its 40 th anniversary in September 2023. Our celebration featured a banquet and a two-day conference, both of which were sponsored by Abbott, Amway, the Coca-Cola Company, and PepsiCo. Several compan",2026-10-04
https://ifanca.org/resources/ifanca-joins-unicef-delegation-to-jordan-as-part-of-ongoing-partnership-to-address-food-and-health-insecurity/,IFANCA Joins UNICEF Delegation to Jordan as Part of Ongoing Partnership to Address Food and Health Insecurity,Photo Story,,"December 31, 2022",community and events,partnership,title,"Through social impact and philanthropy, IFANCA is committed to bridging inequities that have emerged due to the COVID-19 pandemic . IFANCA’s visit to the Jerash and Za’atari camps, part of a UNICEF delegation to Jordan, provided insight into the needs of residents living there and how philanthropy c",2026-10-04
https://ifanca.org/resources/neuromuscular-training/,Neuromuscular Training,Article,,"December 31, 2022",health and nutrition,exercise,opening text,"Neuromuscular training centers around exercises that improve communication between nerves and muscles. Training in this method has always been an athlete favorite, but it shouldn’t be limited to this small demographic. Neuromuscular training is useful in any case where proper form equals better perf",2026-10-04
https://ifanca.org/resources/butter-chicken-cauliflower-rice/,Butter Chicken & Cauliflower Rice,Recipe,,"December 31, 2022",recipes,type=Recipe,listing type,"Servings: 4 Time: 30 minutes Ingredients 12-ounce halal chicken breast 2 tablespoons extra virgin olive oil 2 yellow onions, diced 2 garlic cloves, minced 2 tablespoons ginger, grated ¼ cup tomato paste 2 teaspoons paprika 1 tablespoon curry 2 teaspoons garam masala 1 teaspoon sea salt 1 tablespoon ",2026-10-04
https://ifanca.org/resources/one-pan-salmon-with-roasted-tomatoes-green-beans/,One-Pan Salmon with Roasted Tomatoes & Green Beans,Recipe,,"December 31, 2022",recipes,type=Recipe,listing type,"Servings: 4 Time: 25 minutes Ingredients 4 cups green beans, washed and trimmed 2 cups cherry tomatoes 1 tablespoon extra-virgin olive oil 1¼-pound salmon filet sea salt & black pepper to taste Step 1 Preheat oven to 500°F. Step 2 Place green beans and cherry tomatoes in a mixing bowl and toss with ",2026-10-04
https://ifanca.org/resources/creamy-chickpea-pasta-with-kale/,Creamy Chickpea Pasta with Kale,Recipe,,"December 31, 2022",recipes,type=Recipe,listing type,"Servings: 2 Time: 40 minutes Ingredients 4 ounces chickpea pasta 2⅔ cups kale leaves, chopped 1 garlic clove, minced ½ cup cashews, soaked for 30 minutes and drained ⅓ cup water 2 teaspoons lemon juice 2 tablespoons extra virgin olive oil sea salt & black pepper to taste 2 teaspoons nutritional yeas",2026-10-04
https://ifanca.org/resources/carrot-cake-chia-pudding/,Carrot Cake Chia Pudding,Recipe,,"December 31, 2022",recipes,type=Recipe,listing type,"Servings: 2 Time: 3 hours Ingredients 1 medium carrot, grated ½ teaspoon cinnamon ⅛ teaspoon ground cloves ¼ teaspoon ground ginger 1 teaspoon stevia powder (to taste) 2 cups unsweetened almond milk ½ cup chia seeds ¼ cup walnuts, chopped 2 tablespoons unsweetened coconut flakes Step 1 In a medium-s",2026-10-04
https://ifanca.org/resources/mental-wellness-and-social-media/,Mental Wellness and Social Media,Article,,"December 31, 2022",health and nutrition,wellness,title,"The advent of social media has had a major impact on our lives. It enables us to make new friends and rekindle old friendships. It gives us the opportunity to show beautifully curated photographs of our loved ones, hobbies, and interests. Attending virtual meetings and discussions on Zoom has helped",2026-10-04
https://ifanca.org/resources/your-brain-use-it-or-lose-it/,Your Brain: Use It or Lose It,Article,,"December 31, 2022",other,,no match,"One thing we know for certain is that as we age, we undergo gradual yet drastic changes. One of those changes is that we are gifted with maturity and wisdom. At the same time, our skin becomes wrinkled, and our brain health deteriorates. The good news is there are ways to protect our brain health, b",2026-10-04
https://ifanca.org/resources/food-for-thought-the-alternative-protein-revolution/,Food for Thought: The Alternative Protein Revolution,Article,,"December 31, 2022",health and nutrition,protein,title,"Protein is the building block of life, and it is one of the three macronutrients from food that provides us with energy. Protein is responsible for bodily functions like muscle growth, cell and tissue repair, immune system response, and hormone regulation. Consequently, alternative protein sources a",2026-10-04
https://ifanca.org/resources/fiber-the-impactful-tourist/,Fiber: The Impactful Tourist,Article,,"December 31, 2022",health and nutrition,fiber,title,"Whether it was a doctor, parent, or friend, chances are at least one person in your life has advised, “Make sure you are eating plenty of fiber!” For many of us, fiber is a mystery. We know of a few foods that are high in fiber, like whole grains, but that is the extent of our knowledge. It’s time t",2026-10-04
https://ifanca.org/resources/from-the-publishers-desk-winter-2022/,From the Publisher’s Desk,Editorial,,"December 31, 2022",other,,no match,"Assalaamu alaikum, Many things have changed in the years since IFANCA was founded. Forty years ago, our focus was on selecting good products from what was already available in the marketplace. We increased consumers’ awareness of certain ingredients and encouraged them to read food labels. For halal",2026-10-04
https://ifanca.org/resources/editors-note-winter-2022/,Editor’s Note,Editorial,,"December 31, 2022",other,,no match,"Assalaamu alaikum, This issue marks the end of another successful year for Halal Consumer Magazine. Our parent organization, IFANCA, celebrated its fortieth anniversary, and Halal Consumer celebrated twenty-three years of publication. We hope you’ve enjoyed the myriad of articles and recipes publish",2026-10-04
https://ifanca.org/resources/ifancas-40th-anniversary-banquet-and-conference/,IFANCA’s 40th Anniversary Banquet and Conference,Photo Story,,"September 30, 2022",community and events,conference,title,"After forty years of service as the leading certifier in the United States, IFANCA celebrated its anniversary. A banquet was held at the Renaissance Schaumburg Convention Center Hotel for current employees, former employees, and partners. Representatives from Ecolab and Milk Specialties Global were ",2026-10-04
https://ifanca.org/resources/check-your-intensity/,Check Your Intensity,Article,,"September 30, 2022",health and nutrition,exercise,opening text,"It’s time for your workout. Get your gear, mind, and body ready, then choose your intensity. Exercise intensity is one of the most important aspects of your wellness routine, and applying the right intensity to each situation will boost your results. Understanding your body’s physiological response ",2026-10-04
https://ifanca.org/resources/small-appliances-for-the-everyday-chef/,Small Appliances for the Everyday Chef,Article,,"September 30, 2022",other,,no match,"The past two and a half years have given us more than just a global pandemic; they have given us the opportunity to have more time at home as well. This means more time to eat, cook, and purchase more appliances. In recent years, honing one’s culinary skills has become a national pastime. With the a",2026-10-04
https://ifanca.org/resources/air-fryer-roasted-chicken/,Air Fryer “Roasted” Chicken,Recipe,,"September 30, 2022",recipes,type=Recipe,listing type,"Ingredients 1 whole halal chicken, cut into pieces 1 teaspoon garlic paste 1 teaspoon ginger paste ½ teaspoon turmeric ½ teaspoon red chili powder 1 teaspoon Himalayan salt 2 teaspoons halal dry steak seasoning 2 teaspoons rosemary leaves, chopped 1 teaspoon olive oil cooking spray to lightly coat a",2026-10-04
https://ifanca.org/resources/kimchi-fried-cauliflower-rice/,Kimchi Fried Cauliflower Rice,Recipe,,"September 30, 2022",recipes,type=Recipe,listing type,"Servings: 4 Time: 20 minutes Ingredients 1 medium head of cauliflower, chopped into florets 1 tablespoon coconut oil 2 cups kimchi, liquid drained off 2 tablespoons tamari 1 tablespoon apple cider vinegar ½ teaspoon black pepper 2 tablespoons sesame seeds 2 teaspoons sesame oil 3 stalks green onion,",2026-10-04
https://ifanca.org/resources/mushroom-garlic-quinoa/,Mushroom Garlic Quinoa,Recipe,,"September 30, 2022",recipes,type=Recipe,listing type,"Servings: 4 Time: 20 minutes Ingredients 1 cup quinoa, uncooked 1¾ cups water 1½ teaspoons extra-virgin olive oil 2 cups mushrooms, thinly sliced 2 garlic cloves, minced sea salt and black pepper to taste Step 1 Combine the quinoa and water in a pot. Place over high heat and bring to a boil. Step 2 ",2026-10-04
https://ifanca.org/resources/meditation-for-a-calmer-state-of-mind/,Meditation for a Calmer State of Mind,Article,,"September 30, 2022",other,,no match,"Our minds contain a flowing stream of constant thoughts. Like a stream, thoughts can flow smoothly or crash against rocky shores. Modern life demands much of our mental energy. Balancing our daily obligations combined with a bombardment of social media can make anyone feel mentally exhausted. So, wh",2026-10-04
https://ifanca.org/resources/gut-health-fall-2022/,Gut Health,Article,,"September 30, 2022",health and nutrition,health,title,"The gut is the control center of our physical and emotional health. It is a powerful yet delicate system that constantly works to empower our bodies by providing nutrients for growth and maintenance, as well as support for periods of healing. The gut is also home to trillions of bacteria unique to e",2026-10-04
https://ifanca.org/resources/is-gluten-free-the-new-normal/,Is Gluten-Free the New Normal?,Article,,"September 30, 2022",other,,no match,"Imagine removing certain breads, pastas, baked goods, cereals, crackers, gravy, and soups from your diet. Many of these foods contain a substance called gluten, a mixture of two proteins present in grains—especially wheat, barley, and rye—that is responsible for the elastic texture of dough. Some pe",2026-10-04
https://ifanca.org/resources/mushrooms-natures-hidden-gem/,Mushrooms: Nature’s Hidden Gem,Article,,"September 30, 2022",health and nutrition,nutrition,opening text,"As a young child, and even during my college years, I never recalled eating mushrooms despite their abundance. Nor did I have any idea of the powerful nutritional components found in mushrooms until a year before the COVID-19 pandemic. I’m sad to admit that the pandemic was the first time I truly an",2026-10-04
https://ifanca.org/resources/from-the-publishers-desk-fall-2022/,From the Publisher’s Desk,Editorial,,"September 30, 2022",other,,no match,"Assalaamu alaikum, As you may remember from the last issue, this past year marked the fortieth anniversary of IFANCA. To celebrate this important milestone, we hosted a banquet to thank our employees, clients, and partners. We also held a two-day conference on a range of topics relevant to the halal",2026-10-04
https://ifanca.org/resources/editors-note-fall-2022/,Editor’s Note,Editorial,,"September 30, 2022",other,,no match,"Assalaamu alaikum, This issue of Halal Consumer Magazine comes at an exciting time. Just a few weeks ago, IFANCA celebrated its 40th anniversary with a banquet and two-day conference. The celebration was a success thanks to the hard work of the IFANCA staff and thoughtful participation from attendee",2026-10-04
https://ifanca.org/resources/let-go-of-the-yo-yo/,Let Go of the Yo-Yo,Article,,"June 30, 2022",other,,no match,"Summer is here, and that means many things. Among these is the sudden urge to drop ten pounds by some unrealistic date for an upcoming event. Four to six weeks of reduced carbs or maybe two weeks of a liquid diet might work, but what comes next? Eventually carbs and fat find their way back into your",2026-10-04
https://ifanca.org/resources/saving-the-environment-one-bite-at-a-time/,"Saving the Environment, One Bite at a Time",Article,,"June 30, 2022",other,,no match,"By now you’ve heard of every type of diet trend. There is the low-carb diet, keto diet, vegetarian diet, meat-only diet, cabbage soup diet, boiled egg diet, fruit-only diet, no-fruit diet, Mediterranean diet, paleo diet, and even the caveman diet. Here is another one to add to the list: the climatar",2026-10-04
https://ifanca.org/resources/baked-mackerel-and-salmon/,Baked Mackerel and Salmon,Recipe,,"June 30, 2022",recipes,type=Recipe,listing type,"Servings: 6 Ingredients 3 mackerel filets 3 salmon filets 6 medium organic lemons 1 teaspoon paprika 1 teaspoon sweet basil leaves 1 teaspoon thyme 1 teaspoon rosemary leaves 1 tablespoon curry powder 2 cups organic baby carrots, grated Step 1 Place the fish in a large bowl. Step 2 Squeeze the lemon",2026-10-04
https://ifanca.org/resources/chickpea-cranberry-salad/,Chickpea Cranberry Salad,Recipe,,"June 30, 2022",recipes,type=Recipe,listing type,"Servings: 5 Time: 15 minutes Ingredients 1 medium apple, diced 2 cups cooked chickpeas, rinsed and drained ½ cup unsweetened dried cranberries 4 cups napa cabbage, finely sliced ¼ cup pumpkin seeds ¼ cup red onion, diced 1 teaspoon celery salt 1 tablespoon apple cider vinegar 2 teaspoons avocado oil",2026-10-04
https://ifanca.org/resources/slow-roasted-salmon-with-citrus/,Slow-Roasted Salmon with Citrus,Recipe,,"June 30, 2022",recipes,type=Recipe,listing type,"Servings: 4 Time: 40 minutes Ingredients ½ fennel bulb, cored and thinly sliced 1 lemon, thinly sliced 1 navel orange, thinly sliced ¼ teaspoon sea salt, divided ½ teaspoon fresh tarragon 1 pound salmon filet ¼ cup avocado oil ¼ cup fresh parsley, finely chopped ½ teaspoon chili flakes (optional) St",2026-10-04
https://ifanca.org/resources/eba-with-okra-soup/,Eba with Okra Soup,Recipe,,"June 30, 2022",recipes,type=Recipe,listing type,"Servings: 6 Ingredients 3 cups garri (dried cassava flour) 5 cups water 2 cups okra, blended 2 cups halal chicken or beef broth 1 teaspoon italian seasoning 1 tablespoon curry powder 3 teaspoons cayenne pepper ½ cup iru (locust beans) 1 cup dried stockfish Step 1 Boil the water. Step 2 Pour the garr",2026-10-04
https://ifanca.org/resources/can-therapy-be-virtual/,Can Therapy Be Virtual?,Article,,"June 30, 2022",health and nutrition,therapy,title,"Teletherapy is therapy that is done remotely rather than in person. It is a type of telehealth service that has seen a significant increase over the last two years since the COVID-19 pandemic began. Teletherapy has been around for a while, as it can be done over the phone, but more practitioners and",2026-10-04
https://ifanca.org/resources/eyes-a-window-to-our-health/,Eyes: A Window to Our Health,Article,,"June 30, 2022",health and nutrition,health,title,"Our eyes are such an integral part of our lives. It’s almost impossible to number the ways we rely on them. From observing the differences between colors and textures to watching the emotions on another person’s face, our eyes provide a wealth of information to help us navigate our world. As one of ",2026-10-04
https://ifanca.org/resources/meat-a-new-sustainability-solution/,“Meat” a New Sustainability Solution,Article,,"June 30, 2022",other,,no match,"Hybrid meat may sound like a science project gone wrong, but that is not the case. Hybrid meats are products made from a mix of animal- and non-animal-based meat and are a new way that people can go green in the kitchen. In order to understand how this new food is changing the market, let’s delve in",2026-10-04
https://ifanca.org/resources/adaptogens-take-center-stage/,Adaptogens Take Center Stage,Article,,"June 30, 2022",other,,no match,"As consumers take a more holistic approach to health, they continue to show growing interest in natural remedies. Natural remedies like adaptogens have started to take center stage in the health and wellness industry as modern science catches up with ancient medicine. According to an article by Veli",2026-10-04
https://ifanca.org/resources/from-the-publishers-desk-summer-2022/,From the Publisher’s Desk,Editorial,,"June 30, 2022",other,,no match,"Assalaamu alaikum, This year, IFANCA is celebrating its 40th anniversary. In 1980, two years before IFANCA was officially founded, a group of Islamic scholars, scientists, and industry executives met and decided to form a technical organization to help Muslim consumers in the United States find info",2026-10-04
https://ifanca.org/resources/editors-note-summer-2022/,Editor’s Note,Editorial,,"June 30, 2022",other,,no match,"Assalaamu alaikum, We hope you are enjoying summer and all the activities it brings. This issue features articles that are perfect for reading by the pool, on the beach, or simply while sitting on your porch. No matter where you peruse this issue, we hope you discover something new. One area of heal",2026-10-04
https://ifanca.org/resources/spotlight-on-maya-cosmetics/,Spotlight on Maya Cosmetics,Spotlight,,"March 31, 2022",industry and certification,type=Spotlight (company profile),listing type,"With the exception of 2020, which experienced a decline due to the COVID-19 pandemic, the Muslim market for cosmetics has grown steadily in recent years. According to the 2020/21 State of the Global Islamic Economy report by DinarStandard , Muslim spending on cosmetics will reach about $76 billion b",2026-10-04
https://ifanca.org/resources/physical-therapy-ive-heard-of-that/,Physical Therapy: I’ve Heard of That,Article,,"March 31, 2022",health and nutrition,therapy,title,"Aches and pains are a normal part of life, but sometimes they inhibit mobility, decrease strength in a joint or body part, or interfere with daily activities. Symptoms like these can affect a person’s quality of life and should be addressed by a physician. We’ve all heard about physical therapy but ",2026-10-04
https://ifanca.org/resources/telemedicine-whats-up-doc/,"Telemedicine: “What’s Up, Doc?”",Article,,"March 31, 2022",health and nutrition,medic,title,"In the wake of a global pandemic, the World Wide Web has become overloaded with everything virtual. Whether it is online shopping, online learning, or online medical appointments, everything seems to take place on your computer screen. The past two years have made telemedicine a key element in maint",2026-10-04
https://ifanca.org/resources/green-leafy-nigerian-medley/,Green Leafy Nigerian Medley,Recipe,,"March 31, 2022",recipes,type=Recipe,listing type,"Servings: 6 Ingredients 1 cup extra-virgin organic coconut oil 1 cup onions, diced 1 tablespoon ground coriander 1 tablespoon ground cumin 1 tablespoon thyme 1 tablespoon sweet basil leaves 1 tablespoon curry powder 1 tablespoon rosemary 1 tablespoon cayenne pepper ½ tablespoon sea salt 5 cups organ",2026-10-04
https://ifanca.org/resources/overripe-pineapple-and-ginger-smoothie/,Overripe Pineapple and Ginger Smoothie,Recipe,,"March 31, 2022",recipes,type=Recipe,listing type,"Servings: 6 Ingredients 3 large organic overripe pineapples 2 cups unpeeled organic ginger, grated 2 cups organic lemon juice 1 teaspoon organic black seeds 1 teaspoon organic flax seeds 1 teaspoon organic chia seeds 1 teaspoon organic moringa powder ½ teaspoon organic whole cloves Step 1 Slice the ",2026-10-04
https://ifanca.org/resources/ginger-based-broth/,Ginger-Based Broth,Recipe,,"March 31, 2022",recipes,type=Recipe,listing type,"Servings: 6 Ingredients 3 cups water 7 large organic roma tomatoes 3 medium organic red bell peppers 3 small organic habanero peppers 3 medium organic onions 1 cup unpeeled organic ginger, grated (can be old and/or dehydrated) Step 1 Boil the water in a large pot. Step 2 Add the tomatoes, peppers, o",2026-10-04
https://ifanca.org/resources/nutty-yogurt-parfait/,Nutty Yogurt Parfait,Recipe,,"March 31, 2022",recipes,type=Recipe,listing type,Servings: 6 Ingredients ½ cup organic peanuts ½ cup organic tiger nuts ½ cup organic pistachios ½ cup organic walnuts ½ cup organic cashew nuts ½ cup organic pecans ½ cup organic almonds ½ cup organic shredded coconut 3 cups organic halal yogurt Step 1 Blend all the nuts (except the shredded coconut,2026-10-04
https://ifanca.org/resources/in-pursuit-of-happiness-through-self-care/,In Pursuit of Happiness Through Self-Care,Article,,"March 31, 2022",other,,no match,"We deal with many people and challenging situations in our fast-paced world. Too often, the demands of others appear more pressing than our own, and thus we put our personal needs on the back burner. In many instances, this selfless act reflects our integrity. But when the going gets tough, even the",2026-10-04
https://ifanca.org/resources/boost-your-immune-system/,Boost Your Immune System,Article,,"March 31, 2022",health and nutrition,immun,title,"When the COVID-19 pandemic hit, many of us researched ways to give our bodies some extra help. Along with wearing masks and social distancing, having a strong immune system is our greatest weapon in the war against this respiratory disease. There are many ways we can strengthen our natural defense s",2026-10-04
https://ifanca.org/resources/upcycling-food-a-path-to-reducing-food-waste/,Upcycling Food: A Path to Reducing Food Waste,Article,,"March 31, 2022",health and nutrition,food,title,"Upcycled food: it is a concept that may sound unfamiliar but has actually been around for hundreds of years. Upcycling food is the process of rerouting food that would otherwise not be eaten by people back to our plates, and it is something you may already be doing. Have you ever used mushy brown ba",2026-10-04
https://ifanca.org/resources/postbiotics/,Postbiotics,Article,,"March 31, 2022",health and nutrition,immune,opening text,"Did you know that our bodies are composed of more bacterial cells than human cells? An estimated 70% of our immune system is located inside our gut (intestines), which is home to trillions of bacteria. Everyone has a different combination of bacteria influenced by their medications, lifestyle, and m",2026-10-04
https://ifanca.org/resources/from-the-publishers-desk-spring-2022/,From the Publisher’s Desk,Editorial,,"March 31, 2022",other,,no match,"Assalaamu alaikum, Food is the first line of defense against poor health. Your body uses the food you eat to produce hundreds of chemicals, biological materials, and energy necessary for performing bodily functions. You know your body’s needs better than anyone else. Choose the food you eat carefull",2026-10-04
https://ifanca.org/resources/editors-note-spring-2022/,Editor’s Note,Editorial,,"March 31, 2022",other,,no match,"Assalaamu alaikum, From all of us at IFANCA and Halal Consumer Magazine, we hope you enjoyed a peaceful and happy Ramadan. We would also like to wish our readers a blessed Eid. Eid Mubarak! We have an exciting group of articles in this issue! The cover story examines the upcycled food trend, which p",2026-10-04
https://ifanca.org/resources/spotlight-on-enjoy-life-foods/,Spotlight on Enjoy Life™ Foods,Spotlight,,"December 31, 2021",health and nutrition,foods,title,"Ever since its launch in 2002, Enjoy Life Foods has been dedicated to meeting the needs of consumers with food allergies and other dietary restrictions. All its products are free from fourteen common allergens: wheat, peanuts, tree nuts, dairy, casein, soy, egg, sesame, sulfites, lupin, mustard, fis",2026-10-04
https://ifanca.org/resources/ifanca-and-unicef-usa-team-up-to-address-health-security/,IFANCA® and UNICEF USA Team Up to Address Health Security,Article,,"December 31, 2021",community and events,unicef,title,"At IFANCA, our mission involves promoting nutrition equity and health security. Our organization was founded in 1982 to help companies meet the needs of halal consumers, and our core mission was, and continues to be, making halal accessible for everyone. This includes enabling access to halal produc",2026-10-04
https://ifanca.org/resources/ten-common-exercise-myths-debunked/,Ten Common Exercise Myths Debunked,Article,,"December 31, 2021",health and nutrition,exercise,title,"When looking for health and fitness advice, be sure you know the information originated from a trusted source before accepting it as the standard. Find an expert in the field and ask your questions. An expert will point you in the right direction and steer you clear of common misconceptions that con",2026-10-04
https://ifanca.org/resources/environmental-price-of-packaging/,The Environmental Price of Packaging,Article,,"December 31, 2021",health and nutrition,mental,title,"What do eggs, online deliveries, lipstick, and medicine all have in common? They are all kept safe by packaging! Packaging is found absolutely everywhere, and though it is important, not all of its effects are positive. It’s time to untape the box, pull back the layers of tissue paper, take out the ",2026-10-04
https://ifanca.org/resources/shrimp-and-okra-gumbo/,Shrimp and Okra Gumbo,Recipe,,"December 31, 2021",recipes,type=Recipe,listing type,"Ingredients 2 pounds medium shrimp, peeled and deveined salt and pepper to taste cayenne pepper to taste ½ cup olive oil 2 pounds chopped okra (frozen is okay) 1 tablespoon tomato paste 1 tomato, chopped 1 cup onion, chopped 4 cloves garlic, minced ½ cup celery, chopped ½ cup green bell pepper, chop",2026-10-04
https://ifanca.org/resources/husnas-jalapeno-butternut-squash-soup/,Husna’s Jalapeño Butternut Squash Soup,Recipe,,"December 31, 2021",recipes,type=Recipe,listing type,"Servings: 6 Ingredients 2 medium butternut squashes 2 to 3 tablespoons red lentils 6 to 7 cloves garlic, finely chopped 1 cube halal chicken stock 1 to 2 tablespoons halal steak seasoning 1 jalapeño pepper, chopped (add more if you dare!) 4 tablespoons unsalted butter ¾ cup Organic Valley® organic w",2026-10-04
https://ifanca.org/resources/spicy-citrus-wassail/,Spicy Citrus Wassail,Recipe,,"December 31, 2021",recipes,type=Recipe,listing type,"Ingredients 4 cups unsweetened pineapple juice 4 cups apple cider 1½ cups apricot or mango nectar 1 cup orange juice 2 3-inch cinnamon sticks 1 teaspoon whole cloves ½ teaspoon whole cardamom seeds, crushed apple slices (optional for garnish) cayenne pepper or turmeric (optional for garnish) Step 1 ",2026-10-04
https://ifanca.org/resources/ube-casserole/,Ube Casserole,Recipe,,"December 31, 2021",recipes,type=Recipe,listing type,Servings: 6-8 Ingredients 3 pounds ube or purple sweet potatoes (about 4) ½ cup unsalted butter or coconut oil ½ cup coconut sugar or stevia 1 teaspoon salt 2 teaspoons vanilla flavoring Step 1 Preheat the oven to 400°F. Step 2 Wrap each individual ube with foil. Bake for about 1 hour or until soft.,2026-10-04
https://ifanca.org/resources/minestrone-soup/,Minestrone Soup,Recipe,,"December 31, 2021",recipes,type=Recipe,listing type,"Ingredients 3 tablespoons olive oil 3 cloves garlic, chopped 2 onions, chopped 5 carrots, sliced 2 cups celery, chopped 2 cups halal chicken broth 2 cups water 4 cups tomato sauce 3 zucchini, quartered and sliced 2 cups baby spinach, rinsed 1 cup canned kidney beans, drained 1 can (15 ounces) green ",2026-10-04
https://ifanca.org/resources/fishermans-stew/,Fisherman’s Stew,Recipe,,"December 31, 2021",recipes,type=Recipe,listing type,"Ingredients ¼ cup olive oil 1 large white onion, finely chopped 2 tablespoons fresh garlic, chopped 2½ cups crushed tomatoes ¼ cup tomato puree 3 bottles (8 ounces each) clam juice 4 teaspoons dried oregano 2 teaspoons fennel seeds 1 pound white fish (pollock, haddock, hack, or monkfish) 2 cans (6 o",2026-10-04
https://ifanca.org/resources/egyptian-lentil-soup/,Egyptian Lentil Soup,Recipe,,"December 31, 2021",recipes,type=Recipe,listing type,"Ingredients 3 cups halal chicken stock 1 cup red lentils 1 Roma tomato, quartered 1 carrot, quartered 1 small onion, quartered 4 cloves garlic, quartered 1 cup water 2 teaspoons ground cumin ½ teaspoon salt ½ teaspoon cracked black pepper ¼ teaspoon ground coriander Step 1 Place chicken stock, lenti",2026-10-04
https://ifanca.org/resources/chilled-peach-soup/,Chilled Peach Soup,Recipe,,"December 31, 2021",recipes,type=Recipe,listing type,"Ingredients ½ cup sugar 1 teaspoon fresh mint leaves, chopped ½ teaspoon ground cinnamon 2 cups half-and-half cream 10 fresh peaches, sliced Step 1 Place sugar, mint leaves, cinnamon, and half-and-half in a bowl. Stir until the sugar has dissolved and the mixture is fully combined. Step 2 Add sliced",2026-10-04
https://ifanca.org/resources/chicken-noodle-soup/,Chicken Noodle Soup,Recipe,,"December 31, 2021",recipes,type=Recipe,listing type,"Ingredients 1 tablespoon butter ½ cup onion, chopped ½ cup celery, chopped ½ quart vegetable stock 1½ quarts halal chicken stock ½ pound cooked halal chicken breast, chopped 1½ cups egg noodles 1 cup carrot, sliced 1½ teaspoon dried basil 1½ teaspoon dried oregano salt and pepper to taste Step 1 Pla",2026-10-04
https://ifanca.org/resources/broccoli-cheddar-soup/,Broccoli Cheddar Soup,Recipe,,"December 31, 2021",recipes,type=Recipe,listing type,"Ingredients 4 tablespoons butter 1 onion, chopped ¼ cup flour 2 cups halal chicken stock kitchen salt freshly ground black pepper 1 large head of broccoli, finely chopped 1 large carrot, grated 2 stalks celery, thinly sliced 2 cups whole milk 3 cups halal shredded cheddar Step 1 In a stockpot over m",2026-10-04
https://ifanca.org/resources/soups-and-stews/,Soups and Stews,Article,,"December 31, 2021",other,,no match,"Soups and stews are not only consumed during the cold weather; they are also consumed year-round. In some cases, they may be made in under an hour, and you can make adjustments quite easily. Spices may be eliminated, changed, and even doubled. If the soup or stew is too thick, you can add additional",2026-10-04
https://ifanca.org/resources/reconsidering-the-facts-of-traumatic-stress/,Reconsidering the Facts of Traumatic Stress,Article,,"December 31, 2021",health and nutrition,stress,title,"Let’s start by making one thing clear: mental health matters. We need to be mentally stable to lead a productive life, achieve our goals, create and maintain healthy relationships, and bring peace to those around us. In other words, mental health benefits both the individual and the community at lar",2026-10-04
https://ifanca.org/resources/why-is-comfort-food-so-comfortable/,Why Is Comfort Food So Comfortable?,Article,,"December 31, 2021",health and nutrition,food,title,"During the cold weather months, our minds turn to eating more than we should, especially comfort foods. What does the term “comfort food” even mean? Doesn’t all food provide comfort because the flipside would be starving? Well no, not really. According to an article by Cari Romm in The Atlantic , co",2026-10-04
https://ifanca.org/resources/beverages-that-go-beyond-hydration/,Beverages That Go Beyond Hydration,Article,,"December 31, 2021",health and nutrition,hydrat,title,Almost all of today’s beverages boast several different functions. Energy drinks are no longer the only drinks where the benefits are advertised right on the label. Supermarkets sell beverages imbued with special vitamins and minerals that promise everything from relaxation to an immunity boost. Tho,2026-10-04
https://ifanca.org/resources/ube-the-powerful-purple-yam/,Ube: The Powerful Purple Yam,Article,,"December 31, 2021",other,,no match,"If you’re a foodie who’s always looking for the latest fad, you might have noticed your Instagram feed turning purple. The social media platform has been inundated with pictures of purple desserts from boba tea to ice cream to brownies. They are all made from ube (pronounced “ooh-beh”), the latest v",2026-10-04
https://ifanca.org/resources/from-the-publishers-desk-winter-2021/,From the Publisher’s Desk,Editorial,,"December 31, 2021",other,,no match,"Assalaamu alaikum, The topic of sustainability arises almost daily in the media and social discussions. How important is it from a scientific and environmental viewpoint and, more importantly, from the Islamic perspective? Caring for the environment is referenced in the Quran in many places. It seem",2026-10-04
https://ifanca.org/resources/editors-note-winter-2021/,Editor’s Note,Editorial,,"December 31, 2021",other,,no match,"Assalaamu alaikum, As we wrap up another year of Halal Consumer© Magazine, we would like to take a moment to thank you for your support. From all of us at IFANCA®, we wish you the best for the upcoming year! If you find yourself craving a snack while reading this issue, check out the spotlight on En",2026-10-04
https://ifanca.org/resources/pumpkin-pie-overnight-oats/,Pumpkin Pie Overnight Oats,Recipe,,"September 30, 2021",recipes,type=Recipe,listing type,Servings: 2 Prep Time: 10 minutes Ingredients 1 cup of old-fashioned rolled oats ½ cup Organic Valley Grassmilk® Milk ½ cup pumpkin puree 1 tablespoon pure maple syrup 1 tablespoon flax meal or chia seeds (or ½ tablespoon of each) 2 teaspoons pumpkin pie spice pinch of salt toasted pecans and dried ,2026-10-04
https://ifanca.org/resources/spotlight-on-organic-valley/,Spotlight on Organic Valley®,Spotlight,,"September 30, 2021",health and nutrition,organic,title,"Back in 1988, only seven farmers were a part of the Coulee Region Organic Produce Pool (CROPP) Cooperative. Now, Organic Valley features nearly 1,800 family farms. Though the brand name has changed, and many new members have been added, Organic Valley hasn’t abandoned its roots. The focus remains th",2026-10-04
https://ifanca.org/resources/making-healthy-choices-outside-your-home/,Making Healthy Choices Outside Your Home,Article,,"September 30, 2021",health and nutrition,health,title,"While some jobs remain remote indefinitely, a lot of people have been called back to the office. Remote working provided certain conveniences that people became accustomed to. Within fifteen minutes of shutting down your computer, you could be at the park powerwalking or in your living room enjoying",2026-10-04
https://ifanca.org/resources/information-technology-red-carpet-edition/,Information Technology: Red Carpet Edition,Article,,"September 30, 2021",other,,no match,People are speaking to themselves and staring at their wrists while running. They are wearing bulky glasses and screaming. They are listening to a calm voice that tells them which route to take. They are charging their devices with their clothing. What is this odd phenomenon that is taking over peop,2026-10-04
https://ifanca.org/resources/are-there-bugs-in-our-food-medicine-and-make-up/,"Are There Bugs in Our Food, Medicine, and Make-Up?",Article,,"September 30, 2021",health and nutrition,food,title,"For a while now, we’ve been hearing rumblings of insects being a more economical, plentiful, and easily accessible alternative source of protein. Yes, there is an ick factor for many unaccustomed to the practice of humans eating bugs as food, a.k.a. entomophagy. However, according to the Food and Ag",2026-10-04
https://ifanca.org/resources/homemade-yogurt-stovetop-method/,Homemade Yogurt (Instant Pot® and Stovetop Methods),Recipe,,"September 30, 2021",recipes,type=Recipe,listing type,"Servings: 8 Ingredients ½ gallon Organic Valley Whole or Fat-Free Grassmilk ® ⅓ cup halal yogurt starter (whole or fat-free yogurt, must contain “active cultures” or “live cultures” in the ingredient list) sliced almonds fresh strawberries, sliced fresh cherries, pitted and chopped honey or maple sy",2026-10-04
https://ifanca.org/resources/yogurt-rice-with-jalapeno-cumin/,Yogurt Rice with Jalapeño & Cumin,Recipe,,"September 30, 2021",recipes,type=Recipe,listing type,"Ingredients 4 cups water 2 cups white rice 1 tablespoon canola oil 1 tablespoon fresh ginger, minced 1 teaspoon whole cumin seeds 1 jalapeño, thinly sliced 2 tablespoons fresh cilantro, chopped ¾ teaspoon salt 1 container (6 ounces) halal unflavored low-fat yogurt (Do not use Greek yogurt, as it is ",2026-10-04
https://ifanca.org/resources/spicy-guacamole/,Spicy Guacamole,Recipe,,"September 30, 2021",recipes,type=Recipe,listing type,"Servings: 6 Ingredients 3 ripe avocados, peeled and pitted ½ cup garlic, finely chopped ½ cup serrano peppers, finely chopped ¼ cup fresh moringa leaves, minced 3 tablespoons fresh lemon juice ½ teaspoon black pepper, freshly ground ½ teaspoon ground cumin ½ teaspoon black seeds Step 1 Rinse, peel, ",2026-10-04
https://ifanca.org/resources/understanding-eating-disorders/,Understanding Eating Disorders,Article,,"September 30, 2021",health and nutrition,eating,title,"Throughout the COVID-19 pandemic, one topic has come up over and over again: weight gain. The COVID-19 (pounds) and how to lose them appear to be on most people’s minds. The topic of weight loss is not just becoming more common in conversation: it is also becoming increasingly common in the offices ",2026-10-04
https://ifanca.org/resources/alternative-therapy-a-holistic-way-to-health/,Alternative Therapy: A Holistic Way to Health,Article,,"September 30, 2021",health and nutrition,health,title,"Have you ever gotten a massage? Or enjoyed a warm cup of chamomile tea on a sleepless night? Have you ever tried yoga or tai chi? If so, you have used one of the many treatments that are part of alternative therapy. Before the advent of modern-day medicine and technological advances in science, alte",2026-10-04
https://ifanca.org/resources/butters-condiments-and-spreads/,"Butters, Condiments, and Spreads",Article,,"September 30, 2021",other,,no match,"Butters, condiments, and spreads are categories of food that almost defy definition. Certain items can be classified as more than one of these categories, while others change their classification depending on where and how you use them. However, the essence of all three is still the same: to enhance",2026-10-04
https://ifanca.org/resources/from-the-publishers-desk/,From the Publisher’s Desk,Editorial,,"September 30, 2021",other,,no match,"Assalaamu alaikum, Insects as food and food ingredients have been a controversial topic among different cultures, including Muslims and halal certification bodies. Insects are among the most diverse animal species and constitute the largest class. They comprise over 900 thousand species, accounting ",2026-10-04
https://ifanca.org/resources/editors-note-fall-2021/,Editor’s Note,Editorial,,"September 30, 2021",other,,no match,"Assalaamu alaikum, With the arrival of autumn come crisp breezes, cooler temperatures, and changing leaves. Though for many of us, fall preparations are limited to swapping out our wardrobes, farmers need to plan ahead for colder weather. In the spotlight on page 32 , you can learn about what farmer",2026-10-04
https://ifanca.org/resources/spotlight-on-saffron-road/,Spotlight on Saffron Road®,Spotlight,,"June 30, 2021",industry and certification,type=Spotlight (company profile),listing type,"With its products in over 25,000 stores across the United States, Saffron Road is working to bring premium better-for-you halal food to your neighborhood. The company became a national brand in 2010 when its ready-made frozen meals were sold at Whole Foods Market and now offers a lineup of frozen me",2026-10-04
https://ifanca.org/resources/a-lifelong-exercise-plan/,A Lifelong Exercise Plan,Article,,"June 30, 2021",health and nutrition,exercise,title,"Without a doubt, the best way to reach a goal is to plan out the journey, execute your plan, track your progress, and make adjustments along the way. Think about your health and fitness goals as your finish line. With your goals in mind, you can create an exercise plan that will act as a roadmap gui",2026-10-04
https://ifanca.org/resources/meal-kit-madness/,Meal Kit Madness,Article,,"June 30, 2021",health and nutrition,meal,title,"Over the past year, the kitchen has had more activity (and flour) than ever before. In my last article, I discussed how Instagram made many of us try out trendy concoctions such as whipped coffee, sourdough bread, and hot chocolate bombs. However, we have also added the preparation of homemade meals",2026-10-04
https://ifanca.org/resources/low-fodmap-superfood-kale-salad/,Low-FODMAP Superfood Kale Salad,Recipe,,"June 30, 2021",recipes,type=Recipe,listing type,"Servings: 8 Ingredients 3 cups kale 1 medium cucumber, chopped ½ cup toasted sunflower seeds ¼ cup olive oil juice of 1 small lemon 1 tablespoon nutritional yeast 3 tablespoons soy sauce (or a gluten-free option, if necessary) 2 tablespoons maple syrup ¼ teaspoon pink Himalayan salt pinch of black p",2026-10-04
https://ifanca.org/resources/nigerian-pepper-soup/,Nigerian Pepper Soup,Recipe,,"June 30, 2021",recipes,type=Recipe,listing type,"Servings: 6 Ingredients 3 large red onions 7 medium Habanero peppers 7 medium dried chile de árbol peppers (stemless) 3 medium red bell peppers 7 small serrano peppers 3 medium tomatoes 1 cup organic avocado oil 6 cups water 2 cups ginger, freshly grated 3 packets (0.6 oz each) of seaweed 2 cups fre",2026-10-04
https://ifanca.org/resources/sriracha-popcorn/,Sriracha Popcorn with Nori and Nutritional Yeast,Recipe,,"June 30, 2021",recipes,type=Recipe,listing type,"Ingredients 2 tablespoons organic extra-virgin coconut oil 2 tablespoons nutritional yeast 2 tablespoons sriracha sauce ½ cup popcorn kernels 1 sheet roasted nori, crumbled Step 1 Place a large stockpot over high heat, and add the coconut oil. Step 2 Once the oil has melted, add the popcorn kernels,",2026-10-04
https://ifanca.org/resources/nigerian-fried-rice/,Nigerian Fried Rice,Recipe,,"June 30, 2021",recipes,type=Recipe,listing type,"Nigeria Ingredients 1 whole halal chicken, cut up (or halal chicken drumsticks) 1 tablespoon thyme vegetable oil, divided 3 onions, chopped and divided 3¾ cups long-grain parboiled rice ¾ cup halal chicken stock 2 scallions 1½ cups mixed vegetables, (cubed carrots, sweet peas, corn, and green beans)",2026-10-04
https://ifanca.org/resources/onigiri/,Onigiri (Rice Balls),Recipe,,"June 30, 2021",recipes,type=Recipe,listing type,"Japan This is a staple in Japanese lunch boxes. They may be made in round balls, triangles, or even squares and served as an appetizer. Ingredients 4 cups steamed Japanese rice (sushi rice) 1 to 2 sheets dried nori seaweed (optional) salt to taste 1 ounce black sesame seeds (optional) 1 fillet salmo",2026-10-04
https://ifanca.org/resources/tahdeeg-tahdig/,Tahdeeg or Tahdig (Persian Rice),Recipe,,"June 30, 2021",recipes,type=Recipe,listing type,"Iran Persians make several variations of tahdeeg , but the simplest and the most common way is to place a thin flatbread known as lavash on the bottom of the pot with butter and splashes of brewed saffron. A flour tortilla or a split pita can serve as a replacement for lavash. Very thinly sliced pot",2026-10-04
https://ifanca.org/resources/arroz-con-pollo/,Arroz con Pollo (Rice with Chicken),Recipe,,"June 30, 2021",recipes,type=Recipe,listing type,"Puerto Rico Ingredients 2 tablespoons olive oil, divided 1½ pounds boneless, skinless halal chicken thighs 1 teaspoon cumin ¾ teaspoon paprika ½ teaspoon cayenne pepper ½ teaspoon chili powder ½ teaspoon onion powder ½ teaspoon garlic powder ¼ teaspoon coriander ½ teaspoon salt black pepper, freshly",2026-10-04
https://ifanca.org/resources/rizogalo-rice-pudding/,Rizogalo (Rice Pudding),Recipe,,"June 30, 2021",recipes,type=Recipe,listing type,"Greece When I make this, I use a double boiler. This way, the rice and milk are not scorched, and the mixture becomes quite smooth. Caution: do not use converted or parboiled rice, as it will take forever to thicken. Ingredients 1 cup Arborio rice ¾ cup sugar 1 cinnamon stick ½ lemon peel 8-9 cups m",2026-10-04
https://ifanca.org/resources/vegetable-biryani/,Vegetable Biryani (Spicy Vegetable Rice Dish),Recipe,,"June 30, 2021",recipes,type=Recipe,listing type,"India and Pakistan Biryani can be an elaborate, ambitious affair packed with layer upon layer of spiced meat and vegetables, all steamed together with ghee or olive oil. Ingredients 3 tablespoons ghee or olive oil 1 onion, diced into ½-inch pieces 1 tablespoon garlic, minced 1 tablespoon ginger, min",2026-10-04
https://ifanca.org/resources/mushroom-risotto/,Mushroom Risotto (Creamy Mushroom Rice),Recipe,,"June 30, 2021",recipes,type=Recipe,listing type,"Northern Italy In spite of the time it takes to make risotto, it is quite elegant and rewarding for you and your guests. Ingredients 6 cups halal chicken stock, divided 3 tablespoons olive oil, divided 1 pound portobello mushrooms, thinly sliced ½ pound white mushrooms, thinly sliced 2 shallots, dic",2026-10-04
https://ifanca.org/resources/the-basics-of-making-rice/,The Basics of Making Rice,Recipe,,"June 30, 2021",recipes,type=Recipe,listing type,"For most white rice recipes, you will need two cups of liquid (water or stock) for every cup of rice. Here is an example recipe: Ingredients liquid (stock or water) oil or butter rice salt (optional) Step 1 Bring liquid to a boil, and set aside. Step 2 In a separate sauce pot, turn on the heat, and ",2026-10-04
https://ifanca.org/resources/rice/,Rice,Recipe,,"June 30, 2021",recipes,type=Recipe,listing type,"As a young child growing up with my mother and grandmother, rice was made two ways. Every day we would eat rice pilaf with each dish, and as a special treat, once a month they would make rice pudding. My sisters and I loved the dessert. Once I began working as a cook, I discovered an expanded realm ",2026-10-04
https://ifanca.org/resources/when-its-not-just-a-bad-mood/,When It’s Not Just a Bad Mood,Article,,"June 30, 2021",other,,no match,"Ever feel like you’re under a permanent gray cloud or that your get-up-and-go has gotten up and disappeared? If you have, especially while battling our global pandemic, you aren’t alone. Sadness and grief are perfectly natural responses to disappointment, loss, trauma, tragedy, or bereavement. Howev",2026-10-04
https://ifanca.org/resources/a-dietitians-take-on-low-fodmap-diets/,A Dietitian’s Take on Low-FODMAP Diets,Article,,"June 30, 2021",health and nutrition,diet,title,"Discussing the low-FODMAP diet always brings back a fond memory. When I was completing an inpatient rotation in the GI Diseases and Surgery Department, I had to visit a patient for diet instruction. I walked in, and the patient and about twelve family members were sitting in a round-table fashion wi",2026-10-04
https://ifanca.org/resources/seaweed/,Seaweed,Article,,"June 30, 2021",other,,no match,"Seaweed? “What’s that?” I inquired of my sister-in-law as she opened up a seaweed packet in her kitchen and served it on top of hot rice. My sister-in-law, a certified holistic wellness coach based in Spring, Texas, told me how she found out about seaweed and got hooked on it. Initially, I was not q",2026-10-04
https://ifanca.org/resources/from-the-publishers-desk-summer-2021/,From the Publisher’s Desk,Editorial,,"June 30, 2021",other,,no match,"Assalaamu alaikum, The United States has reached new milestones in the fight against the COVID-19 pandemic. We are experiencing a steady decline in the number of new cases of the coronavirus disease, and the percentage of vaccinated U.S. adults continues to rise. While it seems as if the U.S. is fin",2026-10-04
https://ifanca.org/resources/editors-note-summer-2021/,Editor’s Note,Editorial,,"June 30, 2021",other,,no match,"Assalaamu alaikum, We hope you enjoyed a blessed Ramadan and a gratifying Eid. Just like the last issue, this issue includes a new(-ish) section. We are bringing back company spotlights, which will feature a business with IFANCA® halal-certified products. We’re excited to start with none other than ",2026-10-04
https://ifanca.org/resources/with-or-without-a-personal-trainer/,With or Without a Personal Trainer,Article,,"March 31, 2021",other,,no match,"I often see people anxiously wandering around the gym looking at the different equipment and wondering if they’ve accidentally walked into a torture chamber. Some machines are too confusing to try, while others might be used improperly or inefficiently. For these people, a few sessions with a person",2026-10-04
https://ifanca.org/resources/instagram-indulgences/,Instagram Indulgences,Article,,"March 31, 2021",other,,no match,We had quite the character-building year last year. The year 2020 will go down in history not just because of the global pandemic but also for testing our patience while in lockdown. How did we stay with the same bubble of people for an entire year without losing our gray matter? We turned to food! ,2026-10-04
https://ifanca.org/resources/the-joy-of-snacking/,The Joy of Snacking,Article,,"March 31, 2021",health and nutrition,snack,title,"Although snacking seems to be ingrained in our culture, the way we snack has changed over the decades. Parents may remember picking out treats to pass out after soccer practice, students might reminisce over the kindergarten days when snack time was a part of the curriculum, and partygoers can recal",2026-10-04
https://ifanca.org/resources/cream-cheese-with-cucumber-nectarine-and-kiwi-salsa/,"Cream Cheese with Cucumber, Nectarine, and Kiwi Salsa",Recipe,,"March 31, 2021",recipes,type=Recipe,listing type,"Servings: 12 Ingredients 1 nectarine or peach, chopped 1 kiwi, peeled and chopped 1 small cucumber, chopped 1 jalapeño pepper, finely chopped 8 ounces halal cream cheese 2 tablespoons onions, finely chopped 2 tablespoons cilantro or parsley ½ cup halal zesty Italian dressing* round, buttery crackers",2026-10-04
https://ifanca.org/resources/mango-matcha-smoothie/,Mango Matcha Smoothie,Recipe,,"March 31, 2021",recipes,type=Recipe,listing type,"Servings: 1 Ingredients ¾ cup frozen organic mango 1 cup organic whole milk ½ scoop vegan vanilla protein ½ teaspoon matcha powder ¼ cup water Step 1 Add mango, milk, protein, and matcha powder to a blender, and blend. Step 2 Add the water sparingly while blending to help create a perfect smoothie f",2026-10-04
https://ifanca.org/resources/kimchi-based-miso-dressing/,Kimchi-Based Miso Dressing,Recipe,,"March 31, 2021",recipes,type=Recipe,listing type,"Servings: 16 (Serving size is 2 tablespoons) Ingredients 4 tablespoons white miso 6 tablespoons kimchi, chopped ½ cup vegetable oil ½ cup extra soft tofu 1 tablespoon apple cider vinegar flake salt vegetable broth (optional) Step 1 Combine kimchi, miso, tofu, oil, and vinegar in a food processor, an",2026-10-04
https://ifanca.org/resources/classic-greek-baklava-diamonds/,Classic Greek Baklava Diamonds,Recipe,,"March 31, 2021",recipes,type=Recipe,listing type,Servings: 32 We recommend you read the entire recipe prior to starting. Tools Sauce pan Large bowl 2-quart baking pan – 10×14 inches Pastry brush Damp towel Ruler Knife or pastry cutter Ladle Ingredients For the Syrup: 2 cups sugar 2 cups water peel from half of a lemon 1 stick cinnamon 1 cup orange,2026-10-04
https://ifanca.org/resources/baklava-by-any-other-name/,Baklava by Any Other Name Would Smell as Sweet,Article,,"March 31, 2021",other,,no match,"(With Apologies to William Shakespeare) Baklava is that sweet-smelling, great-tasting dessert that everyone loves! It is a common dessert for the nations bordering the Mediterranean Sea in North Africa , the countries within and bordering the Arabian Peninsula, Turkey, Armenia, Georgia, Greece, the ",2026-10-04
https://ifanca.org/resources/what-you-should-know-about-anxiety-disorders/,What You Should Know About Anxiety Disorders,Article,,"March 31, 2021",other,,no match,"Life can be stressful, and we all experience feelings of anxiety. There are few emotions that can feel as frightening or debilitating. A tight feeling in the chest, a rapid heartbeat, or dizziness can create a sense of impending danger. While anxiety and stress are a normal part of life, they can de",2026-10-04
https://ifanca.org/resources/making-nutrition-personal/,Making Nutrition Personal,Article,,"March 31, 2021",health and nutrition,nutrition,title,"It seems like anywhere you go, you can find a personality test. These tests have jumped from the pages of magazines to websites created entirely for the purpose of learning more about ourselves. It doesn’t matter how superficial the test results are: we can’t seem to stop taking them. Whether it is ",2026-10-04
https://ifanca.org/resources/korean-food-coming-to-a-dining-table-near-you/,Korean Food: Coming to a Dining Table near You,Article,,"March 31, 2021",health and nutrition,food,title,"Dinner is ready, and Korean BBQ, Korean-style fried chicken, and Korean tacos served with a side of gochujang (a spicy fermented chili paste) are on the menu. Delicious, loaded with healthy veggies, quick and easy to prepare, and exotic to the American palate, Korean dishes are being hailed as one o",2026-10-04
https://ifanca.org/resources/from-the-publishers-desk-spring-2021/,From the Publisher’s Desk,Editorial,,"March 31, 2021",other,,no match,"Assalaamu alaikum, Take a moment to think about what you had for breakfast this morning. Did you start your day with a bowl of cereal, eggs and toast, or pancakes smothered in syrup? Maybe you just grabbed a protein bar or piece of fruit before running out the door (or settling into your seat at you",2026-10-04
https://ifanca.org/resources/editors-note-spring-2021/,Editor’s Note,Editorial,,"March 31, 2021",other,,no match,"Hello Readers, Welcome to our first issue for 2021! This marks the addition of the Mental Health section, which replaces Quranic & Prophetic Foods. While mental health has always been important, the challenges presented by the pandemic have given us cause to make it a new focus of our magazine. Chec",2026-10-04
https://ifanca.org/resources/stand-against-sitting/,Stand Against Sitting,Article,,"December 31, 2020",other,,no match,"Those of us whose jobs demand we sit at a desk for the better part of an eight- or ten-hour workday need to be diligent about taking a stand against sitting. The human body is a magnificent machine-like creation that functions at its best either standing upright on both feet or lying down to sleep, ",2026-10-04
https://ifanca.org/resources/make-the-most-with-compost/,Make the Most with Compost,Article,,"December 31, 2020",other,,no match,"Remember in elementary school when you weren’t sure what that smell was by the side of the building? Chances are that your science department was composting. Compost is the organic (or living) material used to enrich the soil with more nutrients. It is made from food scraps consisting of produce, an",2026-10-04
https://ifanca.org/resources/spicy-chickpea-salad/,Spicy Chickpea Salad,Recipe,,"December 31, 2020",recipes,type=Recipe,listing type,"Servings: 4 Ingredients 1 can (29 ounces) of chickpeas, rinsed ¼ cup extra virgin olive oil 2 tablespoons fresh lemon juice ¾ teaspoon coarse salt ½ teaspoon black pepper 1½ teaspoons cayenne pepper 2 jalapeño peppers, finely sliced or chopped (increase or decrease the amount based on your preferenc",2026-10-04
https://ifanca.org/resources/black-mustard-seed-cauliflower/,Black Mustard Seed Cauliflower,Recipe,,"December 31, 2020",recipes,type=Recipe,listing type,"Servings: 4-6 Ingredients 1 tablespoon ghee ¼ cup olive oil 2 medium onions, chopped 3 garlic cloves, chopped 2½ pounds cauliflower florets Himalayan salt fresh black pepper 1 teaspoon turmeric ½ teaspoon red chili powder 7 curry leaves 1 teaspoon black mustard seeds ½ teaspoon lemon zest ½ teaspoon",2026-10-04
https://ifanca.org/resources/spicy-harissa-chicken/,Spicy Harissa Chicken,Recipe,,"December 31, 2020",recipes,type=Recipe,listing type,Servings: 7 Ingredients 7 halal chicken thighs juice of ½ lemon 2 tablespoons olive oil 3 tablespoons harissa paste ¼ teaspoon white ground pepper ¼ teaspoon garlic powder ¼ teaspoon cumin ¼ teaspoon chili powder ¼ teaspoon paprika ¼ teaspoon onion powder 1½ teaspoon pink Himalayan salt Step 1 Prehe,2026-10-04
https://ifanca.org/resources/refreshing-star-fruit-tropical-salad/,Refreshing Star Fruit Tropical Salad,Recipe,,"December 31, 2020",recipes,type=Recipe,listing type,"Servings: 2-3 Ingredients 1 pint of strawberries 1 papaya 4 star fruit (carambola) 1 lime 1 bunch of mint leaves Step 1 Clean and cut strawberries. Step 2 Clean and cut strawberries. Step 3 Wash the ripe papaya, slice it in half lengthwise, discard the seeds, and slice off the skin. Prepare the base",2026-10-04
https://ifanca.org/resources/a-spice-that-passes-muster/,A Spice that Passes Muster,Article,,"December 31, 2020",health and nutrition,spice,title,"Narrated Anas: I heard the Prophet (Peace Be Upon Him) saying, “On the Day of Resurrection I will intercede and say, “O my Lord! Admit into Paradise (even) those who have faith equal to a mustard seed in their hearts.” Such people will enter Paradise, and then I will say, ‘O (Allah) admit into Parad",2026-10-04
https://ifanca.org/resources/what-you-need-to-know-about-allergies/,What You Need to Know About Allergies,Article,,"December 31, 2020",health and nutrition,allerg,title,"For allergy sufferers, life can be difficult. Sniffling, runny noses, sore throats, and headaches can ruin anyone’s day, especially if you couple those symptoms with itchy skin, red eyes, and overall fatigue. Allergies can be either a seasonal nuisance or a life-threatening challenge, and many of us",2026-10-04
https://ifanca.org/resources/nootropics-medicine-for-your-mind/,Nootropics: Medicine for Your Mind,Article,,"December 31, 2020",health and nutrition,medic,title,"Numerous science fiction works have speculated about the possibility of enhancing your brainpower by merely taking a pill. Medications and supplements like these fall into the category of nootropics, which are colloquially known as “smart drugs” or “cognitive enhancers.” The term itself comes from t",2026-10-04
https://ifanca.org/resources/star-fruit/,Star Fruit,Article,,"December 31, 2020",health and nutrition,fruit,title,"Star fruit is an oddly beautiful and eye-catching fruit. Store-bought star fruit has a peculiar shape—oblong with rough sides and a smooth, shiny surface. When you cut it open in a cross-section, the sections resemble little stars. Ripe star fruit is sweet and tart with a texture similar to that of ",2026-10-04
https://ifanca.org/resources/from-the-publishers-desk-winter-2020/,From the Publisher’s Desk,Editorial,,"December 31, 2020",other,,no match,"Assalaamu alaikum, After a year of COVID-19 consuming our thoughts, actions, and routines, many of us are anxious to leave the struggles of 2020 behind. We are eager to resume family gatherings, return to standard work and school schedules, and make up for postponed vacations, concerts, and celebrat",2026-10-04
https://ifanca.org/resources/editors-note-winter-2020/,Editor’s Note,Editorial,,"December 31, 2020",other,,no match,"Hello Readers, The end of the year is a time to reflect on all that has happened in the past twelve months. Many of us–myself included—are eager to move on to 2021. If this year has made you more health-conscious, you may be interested in “ Nootropics: Medicine for Your Mind .” Also known as “smart ",2026-10-04
https://ifanca.org/resources/focus-on-intensity/,Focus on Intensity,Article,,"September 30, 2020",other,,no match,"Picture yourself running for your life from a bear. You should’ve played dead, but here you are. You are running as fast as you can while at the same time looking for a getaway—or at least someplace to hide because you know your body can’t continue at this intensity much longer. As you approach a la",2026-10-04
https://ifanca.org/resources/vaccines-the-buzzword-for-2020/,Vaccines: The Buzzword for 2020,Article,,"September 30, 2020",health and nutrition,immune,opening text,"If you received a penny for every time you heard or said the word “vaccine” in the year 2020, you would have…a lot of pennies! What exactly is a vaccine? It is a weakened or dead form of a disease that stimulates a person’s immune system to produce antibodies to fight against that particular disease",2026-10-04
https://ifanca.org/resources/djaj-mhammar-baked-chicken/,Djaj Mhammar (Baked Chicken),Recipe,,"September 30, 2020",recipes,type=Recipe,listing type,"Servings: 4 Ingredients ¼ cup vegetable oil ¼ cup lemon juice 5 cloves garlic, pressed 1 teaspoon dried basil 1 teaspoon salt 1 teaspoon oregano ½ teaspoon pepper ¼ teaspoon cinnamon 1 halal fryer chicken, cut into serving-size pieces Step 1 Combine oil, lemon juice, garlic, and spices in a shallow ",2026-10-04
https://ifanca.org/resources/moimoi-nigerian-bean-cake/,MoiMoi (Nigerian Bean Cake),Recipe,,"September 30, 2020",recipes,type=Recipe,listing type,"Servings: 6 Ingredients 4 cups dried red or orange lentils 5 medium Roma tomatoes 3 medium red bell peppers 2 small habanero peppers 1 medium onion, diced 1 cup mushroom broth 1 cup dried shrimp 1 cup olive oil or palm oil 1 tablespoon curry powder 1 tablespoon thyme 1 tablespoon ground turmeric 1 t",2026-10-04
https://ifanca.org/resources/sprouted-lentil-salad/,Sprouted Lentil Salad,Recipe,,"September 30, 2020",recipes,type=Recipe,listing type,"Servings: 6 Ingredients 2 cups green sprouted lentils ½ small red onion 2 small Roma tomatoes 1 teaspoon black seeds 1 teaspoon organic chia seeds 1 teaspoon organic flax seeds 1 teaspoon organic shelled hemp seeds 1 teaspoon ground black pepper ½ cup lemon juice Step 1 In a colander, rinse the gree",2026-10-04
https://ifanca.org/resources/berkoukes-with-harissa-paste/,Berkoukes with Harissa Paste,Recipe,,"September 30, 2020",recipes,type=Recipe,listing type,"Servings: 6-7 Ingredients 1 cup berkoukes ½ pound halal stew meat with bones 1 medium onion, minced 3 cloves garlic, minced 2 tablespoons cooking oil 2 carrots 1 zucchini squash ¼ pound string beans 1 medium tomato, puréed 3 tablespoons harissa paste for mild-medium heat 1 tablespoon olive oil ⅛ tea",2026-10-04
https://ifanca.org/resources/yogurt-and-honey/,Yogurt and Honey,Recipe,,"September 30, 2020",recipes,type=Recipe,listing type,"In Greece, most dinners end with a refreshing bowl of yogurt. Ingredients halal yogurt honey Step 1 The yogurt must be very thick with the consistency of Greek yogurt or labneh . If it is not, place a piece of cheesecloth (available at the supermarket) in a strainer, add the yogurt, and set in the r",2026-10-04
https://ifanca.org/resources/lemon-potatoes/,Lemon Potatoes,Recipe,,"September 30, 2020",recipes,type=Recipe,listing type,"Ingredients 2 pounds russet potatoes, peeled oregano, crushed salt olive oil juice of 2 lemons water additional olive oil for drizzling Step 1 Pre-heat oven to 400°F. Step 2 Peel and cut the potatoes into long wedges. Step 3 In an oven-safe baking dish, arrange the potato wedges and season with salt",2026-10-04
https://ifanca.org/resources/stewed-zucchini/,Stewed Zucchini,Recipe,,"September 30, 2020",recipes,type=Recipe,listing type,"Ingredients 1 white onion, coarsely chopped 1 tablespoon olive oil ½ teaspoon basil, crushed 1 garlic clove, chopped fresh mint, chopped ½ teaspoon oregano, crushed 2 pounds zucchini dash of cinnamon 1 teaspoon sugar water 1 can (6 ounces) tomato paste salt and pepper to taste Step 1 In a pot, sauté",2026-10-04
https://ifanca.org/resources/baked-fish-with-aromatic-tomato-onion-sauce-plaki-style/,"Baked Fish with Aromatic Tomato-Onion Sauce, Plaki-Style",Recipe,,"September 30, 2020",recipes,type=Recipe,listing type,"Ingredients 2 pounds flaky white fish fillets such as cod, haddock, halibut, or pollock ½ cup olive oil 2 onions, sliced lengthwise 3 garlic cloves, chopped 2 bay leaves 1 can crushed tomatoes 1 can tomato sauce 1 tablespoon tomato paste water, warm (if needed) 4 tablespoons ground cinnamon 2 tables",2026-10-04
https://ifanca.org/resources/leg-of-lamb-with-garlic/,Leg of Lamb with Garlic,Recipe,,"September 30, 2020",recipes,type=Recipe,listing type,"Ingredients 1 leg of halal lamb (about 7 to 8 pounds) 2 garlic cloves, in slivers, sliced lengthwise 2 lemons, cut in half 4 additional garlic cloves, minced salt fresh ground pepper oregano, crushed about ½ cup water potatoes, sliced lengthwise (optional) onions, sliced lengthwise (optional) Step 1",2026-10-04
https://ifanca.org/resources/olive-rolls/,Olive Rolls,Recipe,,"September 30, 2020",recipes,type=Recipe,listing type,"CAUTION: May contain pit fragments. Ingredients 2 cups all-purpose flour 1 teaspoon baking powder 4 teaspoons vegetable oil 1 cup halal yogurt 1 egg, beaten (for brushing) 1 cup pitted Kalamata olives, chopped 1 onion, chopped 1 teaspoon dry mint, crumbled 1 tablespoon fresh mint, chopped 1 cup fres",2026-10-04
https://ifanca.org/resources/chickpea-soup/,Chickpea Soup,Recipe,,"September 30, 2020",recipes,type=Recipe,listing type,"Ingredients 3 large carrots, chopped 2 celery stalks, chopped 2 large cans chickpeas ¾ cups olive oil 3 large onions, sliced thinly 1 can (8 ounces) tomato sauce 1 can (16 ounces) whole tomatoes, loosely crushed salt and pepper to taste Step 1 Place all ingredients in a pot and bring to a boil. Step",2026-10-04
https://ifanca.org/resources/cucumber-salad-with-yogurt/,Cucumber Salad with Yogurt,Recipe,,"September 30, 2020",recipes,type=Recipe,listing type,"Ingredients 2 or 3 cucumbers 1 cup tzatziki sauce salt and pepper to taste 1 small onion, sliced in thin rings sprigs of dill Step 1 Peel the cucumbers, then slice into rings. Step 2 Place the sliced cucumbers in a bowl and add the tzatziki sauce. Step 3 Mix well and season to taste. Step 4 Place on",2026-10-04
https://ifanca.org/resources/meatballs-cocktail-size/,Meatballs—Cocktail Size,Recipe,,"September 30, 2020",recipes,type=Recipe,listing type,"Ingredients 1 pound halal ground beef ½ teaspoon ground cinnamon ½ teaspoon ground cumin 1 large onion, chopped finely 1 tablespoon parsley ½ teaspoon mint, crushed 1 garlic clove, minced 2 eggs 1 slice of bread, soaked and squeezed dry salt and pepper to taste flour vegetable oil Step 1 Combine all",2026-10-04
https://ifanca.org/resources/tzatziki-sauce/,Tzatziki Sauce,Recipe,,"September 30, 2020",recipes,type=Recipe,listing type,"Ingredients 1 medium cucumber 1 garlic clove, minced juice of ½ lemon 2 teaspoons olive oil 2 teaspoons white vinegar 2 cups halal yogurt salt to taste Step 1 Peel the cucumber, slice in half, and remove the seeds, then chop very fine. Step 2 Combine the cucumber, garlic, lemon juice, olive oil, vin",2026-10-04
https://ifanca.org/resources/the-cuisine-of-greece/,The Cuisine of Greece,Article,,"September 30, 2020",other,,no match,"Greece, which is surrounded on three sides by water, has always been a seafaring nation throughout its history. Its landmass includes 6,000 islands and islets scattered in the Aegean and Ionian Seas, of which only 227 are inhabited. As seafarers, they traveled and traded throughout the Mediterranean",2026-10-04
https://ifanca.org/resources/lentils/,Lentils,Article,,"September 30, 2020",other,,no match,"Lentils are considered pulses, which are “the dry, edible seeds of plants in the legume family” according to Pulses.org , and are a powerhouse for many key nutrients. There are several varieties, including green, red, small brown, French green, and black, and they can be purchased with or without th",2026-10-04
https://ifanca.org/resources/the-new-rise-of-intuitive-eating/,The New Rise of Intuitive Eating,Article,,"September 30, 2020",health and nutrition,eating,title,"Unlike many diets that have come and gone over the years, intuitive eating has stuck around because it’s based on a simple concept: when it comes to food, trust your gut. The idea was outlined in a book of the same name by Evelyn Tribole, MS, RDN, and Elyse Resch, MS, RDN. In the book, they eschew t",2026-10-04
https://ifanca.org/resources/say-hello-to-harissa/,Say Hello to Harissa,Article,,"September 30, 2020",other,,no match,"If you are an avid reader of Halal Consumer Magazine , you may recall Chef Demetrios Haralambatos mentioning harissa in his article “Upcoming Culinary Trends” for issue 52. Harissa hails originally from Tunisia and is a blend made up of red peppers, spices, and oils often used in North African cuisi",2026-10-04
https://ifanca.org/resources/from-the-publishers-desk-fall-2020/,From the Publisher’s Desk,Editorial,,"September 30, 2020",other,,no match,"Assalaamu alaikum, Vaccines have been one of the most talked about topics of the year, and for good reason; hope that cure for coronavirus is on the way. As the COVID-19 pandemic continues to play havoc with the health of the community and create economic shocks; availability of vaccines promises a ",2026-10-04
https://ifanca.org/resources/editors-note-fall-2020/,Editor’s Note,Editorial,,"September 30, 2020",other,,no match,"Assalaamu alaikum, These last few months have brought about a myriad of changes, many of which have taken some getting used to. For some, like me, the changes have also brought with them new opportunities. I was fortunate enough to begin work as a Content Coordinator with IFANCA at the end of June, ",2026-10-04
https://ifanca.org/resources/fitness-at-a-distance/,Fitness at a Distance,Article,,"June 30, 2020",health and nutrition,fitness,title,"Fitness, fun, work, and life took a wildly unexpected turn at the beginning of this year as the Coronavirus spread across the world sickening millions and killing hundreds of thousands of people. Gyms, fitness centers, yoga studios, and many other retail brand health and wellness shops had to close ",2026-10-04
https://ifanca.org/resources/cultured-meat-food-of-the-future-or-weird-science/,Cultured Meat: Food of the Future or Weird Science?,Article,,"June 30, 2020",community and events,cultur,title,"Have you ever heard of cultured meat? No, it doesn’t mean the cow took a stroll through a Smithsonian museum or caught a show at the Chicago Symphony Orchestra before slaughter. Also referred to as clean, cell-cultivated, cell-based, and lab-grown meat, cultured meat just might be the next big thing",2026-10-04
https://ifanca.org/resources/cbd-the-next-wonder-supplement/,CBD: The Next Wonder Supplement?,Article,,"June 30, 2020",other,,no match,CBD is getting a lot of attention lately. It has been touted as a natural medicinal alternative for a variety of health problems. It is a substance promoted as a wonderful ingredient to add to your morning smoothie or post-workout power drink. You can even get some CBD enhanced brownies! Due to chan,2026-10-04
https://ifanca.org/resources/shakshuka/,Shakshuka,Recipe,,"June 30, 2020",recipes,type=Recipe,listing type,"Servings: 3-6 Ingredients 3-6 eggs 1 medium onion 2 cloves garlic, minced 1 medium bell pepper 2 cans tomatoes 2 tablespoons tomato paste 1 teaspoon cumin 1 tablespoon olive oil 1 teaspoon paprika or chili powder black pepper to taste salt to taste to garnish cilantro (coriander leaves) Step 1 Prep ",2026-10-04
https://ifanca.org/resources/freekah-pilaf-with-zaatar-chicken/,Freekah Pilaf with Za’atar Chicken,Recipe,,"June 30, 2020",recipes,type=Recipe,listing type,"Servings: 4-5 Ingredients 1 cup freekeh, washed 1¼ water or broth of choice 1 tablespoon butter or oil ¼ teaspoon ground allspice salt to taste almonds or pine nuts, optional chopped parsley, optional 5-6 boneless halal chicken breasts 2 tablespoons olive oil 3 tablespoons za’atar , reserve some to ",2026-10-04
https://ifanca.org/resources/crockpot-beef-stew-with-saffron-road-korean-stir-fry-simmer-sauce/,Crockpot Beef Stew with Saffron Road Korean Stir Fry Simmer Sauce,Recipe,,"June 30, 2020",recipes,type=Recipe,listing type,"Servings: 4 Ingredients 2 pounds halal lean beef, cut into cubes 2 tablespoons olive oil 1 packet of Saffron Road® Korean Stir fry simmer sauce 1 Vidalia onion, diced 2 celery stalks, diced 3 cloves garlic, crushed 2 tablespoons tomato paste 1 cinnamon stick (for flavor) 1 cup halal chicken or veget",2026-10-04
https://ifanca.org/resources/fattoush/,Fattoush,Recipe,,"June 30, 2020",recipes,type=Recipe,listing type,"Servings: 2-4 Fattoush Ingredients 1 head Romaine lettuce, chopped ½ bunch chopped parsley ½ cup chopped mint leaves 5 radishes, sliced 2 cucumbers, sliced 3 tomatoes, diced 1 green pepper, diced 5 spring onions, diced 2 loaves pita bread cut into 1-inch squares, browned in vegetable oil and drained",2026-10-04
https://ifanca.org/resources/roasted-figs-and-almonds/,Roasted Figs and Almonds,Recipe,,"June 30, 2020",recipes,type=Recipe,listing type,"Ingredients 12 figs, cut in half 6-8 tablespoons pomegranate juice 2 tablespoons Demerara (you may substitute light brown sugar) zest of 1 orange, finely grated ¼ cup blanched almonds ½ cup halal yogurt honey Step 1 Preheat oven to 400°F. Step 2 Place figs, cut side up, on a cookie sheet, pour pomeg",2026-10-04
https://ifanca.org/resources/lentils-rice-and-caramelized-onions/,"Lentils, Rice and Caramelized Onions",Recipe,,"June 30, 2020",recipes,type=Recipe,listing type,"Ingredients 1 cup green lentils 4 tablespoons olive oil 4 medium-sized onions, sliced ½ cup Basmati rice, rinsed 2 teaspoons salt ½ teaspoon ground cumin ½ teaspoon pepper ½ teaspoon seven spice seasoning ( see recipe page 19 ) water Step 1 In a pot, place lentils and cover with water. Step 2 Bring ",2026-10-04
https://ifanca.org/resources/lamb-with-eggplant-and-rice/,Lamb with Eggplant and Rice,Recipe,,"June 30, 2020",recipes,type=Recipe,listing type,"Ingredients 1 eggplant, peeled and cubed 6 tablespoons olive oil 1 onion, very finely chopped 3 garlic cloves, peeled and crushed 1¼ pounds lamb, boneless cubed water 1 teaspoon pepper salt to taste 1 teaspoon seven spice seasoning ( see recipe page 19 ) 1 cup long grain rice, rinsed twice Step 1 Pr",2026-10-04
https://ifanca.org/resources/sumac-crusted-tuna/,Sumac Crusted Tuna,Recipe,,"June 30, 2020",recipes,type=Recipe,listing type,"Ingredients 2 tuna steaks, about 6-ounce portions olive oil 1 tablespoon sumac Step 1 Brush the tuna with olive oil and rub the sumac on all sides. Step 2 Heat a skillet; when hot, place the tuna on it and cook for 2-3 minutes per side. Step 3 Remove from heat and serve immediately. You may serve th",2026-10-04
https://ifanca.org/resources/lamb-meatball-soup/,Lamb Meatball Soup,Recipe,,"June 30, 2020",recipes,type=Recipe,listing type,"Ingredients 8 ounces ground lamb 1 onion, grated 1½ tablespoons flour 1 teaspoon seven spice seasoning ( see recipe on page 19 ) salt and pepper (to taste) 1 can chopped tomatoes (14 ounces) 5 cups vegetable stock (see Halal Consumer Issue 51, page 9) 1 tablespoon sugar 1 small can corn kernels (rin",2026-10-04
https://ifanca.org/resources/walnut-dressing/,Walnut Dressing,Recipe,,"June 30, 2020",recipes,type=Recipe,listing type,"Ingredients 1 cup shelled walnuts, chopped 2 tablespoons vegetable oil (grapeseed or sunflower oil may be substituted) 6 tablespoons walnut oil 2 tablespoons white vinegar salt and pepper, to taste Step 1 Place walnuts in a small skillet over low heat and pan fry, stirring until they have become gol",2026-10-04
https://ifanca.org/resources/grilled-halloumi-cheese-with-garlic-and-mint/,Grilled Halloumi Cheese with Garlic and Mint,Recipe,,"June 30, 2020",recipes,type=Recipe,listing type,"Ingredients 4 tablespoons extra virgin olive oil juice of one (1) lemon 1 garlic clove, finely chopped small bunch of fresh mint, chopped salt and pepper, to taste 1 package Halloumi cheese 2 tablespoons pomegranate seeds (optional) Step 1 In a large bowl, mix the first four ingredients, and season ",2026-10-04
https://ifanca.org/resources/seven-spice-seasoning/,Seven Spice Seasoning,Recipe,,"June 30, 2020",recipes,type=Recipe,listing type,Ingredients ½ cup ground allspice ½ cup ground cloves ⅓ cup ground fenugreek ⅓ cup ground ginger ⅓ cup ground nutmeg ¼ cup ground black pepper ¼ cup ground cinnamon Preparation Combine all the ingredients thoroughly and store in an air-tight container. Uses Used in and on numerous meat preparations.,2026-10-04
https://ifanca.org/resources/the-cuisine-of-lebanon/,The Cuisine of Lebanon,Article,,"June 30, 2020",other,,no match,"The civilization of Lebanon can be traced back seven thousand years. Lebanon was originally home to the Phoenicians, a seafaring community, that traded spices from the Far East and travelled throughout the Mediterranean. The region came under the rule of the Roman Empire, then subsequently was conqu",2026-10-04
https://ifanca.org/resources/wheat/,Wheat,Article,,"June 30, 2020",health and nutrition,wheat,title,"Bread has a certain spiritual connection to it. Observe as it accidentally falls to the floor: people are mortified, and someone rushes to pick it up, kiss it, and set it aside. “I seek God’s forgiveness” abounds. Bread is brought last to the table, as it is the most honored of foods. In Egypt, they",2026-10-04
https://ifanca.org/resources/lactose-intolerance/,Lactose Intolerance,Article,,"June 30, 2020",ingredients,enzyme,opening text,"Lactose intolerance is a common culprit for digestive dilemmas in many individuals. Lactose is the sugar naturally present in dairy products. Once consumed, it must be broken down by the intestinal enzyme lactase. Primary lactose intolerance is the most common form of the condition. It is due to a d",2026-10-04
https://ifanca.org/resources/collagen-chronicles/,Collagen Chronicles,Article,,"June 30, 2020",ingredients,collagen,title,"Should you eat it? Should you drink it? Should you apply it on your face? Should you stare at it? You may have no idea that I am talking about collagen! So what exactly is collagen and do you need it? Well, you already have collagen in your body. Collagen is a fibrous protein found throughout the bo",2026-10-04
https://ifanca.org/resources/from-the-publishers-desk-summer-2020/,From the Publisher’s Desk,Editorial,,"June 30, 2020",other,,no match,"Assalaamu alaikum, Things are changing, really changing. You don’t need a cow to produce meat so you can enjoy a steak or a burger. Food engineers and scientists are busy creating products that are supposed to reduce the carbon footprint and the reliance on animal protein. The alternate protein meat",2026-10-04
https://ifanca.org/resources/editors-note-summer-2020/,Editor’s Note,Editorial,,"June 30, 2020",other,,no match,"Assalaamu alaikum, Eid Mubarak. This Ramadan and Eid were little different than usual as most of us were self-distancing and sheltering-in-place. We trust you still had a rewarding Ramadan and very happy and blessed Eid. Some of you may still be self-distancing. If so, “ Fitness at a Distance ” offe",2026-10-04
https://ifanca.org/resources/ready-set-ramadan/,Ready…Set…Ramadan!,Article,,"March 31, 2020",community and events,ramadan,title,"Food is one part of our lives that has always brought people together. We pour our hearts into the preparation of our meals; and we sit together with our friends and family to enjoy the tastes, aromas, and enlightening conversation which accompanies a bountiful dinner. As Ramadan draws near, food be",2026-10-04
https://ifanca.org/resources/a-breath-of-fresh-air/,A Breath of Fresh Air,Article,,"March 31, 2020",other,,no match,"Ready to rejuvenate? Step outside and fill your lungs with fresh air. It’s free! Each inhale invigorates your brain cells and each exhale cleanses your body of carbon dioxide and other wastes. Day and night, the rhythm of breath keeps you company. You might take this lifelong relationship for grante",2026-10-04
https://ifanca.org/resources/upcoming-culinary-trends/,Upcoming Culinary Trends,Article,,"March 31, 2020",other,,no match,"As old-world traders and travelers discovered new territories, they brought back to their home countries, spices as well as recipes and other goods from their travels. With modern transportation methods, our world became known as a “small world,” but actually, it has become a “larger neighborhood,” ",2026-10-04
https://ifanca.org/resources/savory-carrot-leek-and-sweet-potato-soup/,"Savory Carrot, Leek and Sweet Potato Soup",Recipe,,"March 31, 2020",recipes,type=Recipe,listing type,"Serves: 2 Ingredients 1 sweet potato, peeled and cubed 2 carrots, peeled and chopped 1 leek, washed and chopped (remove green ends) 1 onion, peeled and chopped 2 cloves of garlic, minced 1 teaspoon mixed dried herbs 1 teaspoon turmeric, ground 1 cup vegetable stock 1 pinch nutmeg 1 stalk parsley 2 c",2026-10-04
https://ifanca.org/resources/zucchini-and-date-brownies/,Zucchini and Date Brownies,Recipe,,"March 31, 2020",recipes,type=Recipe,listing type,"Serves: 16 Ingredients 5 oz dark chocolate, 72% or higher cocoa content ¼ cup coconut oil 2 eggs ¼ cup raw honey 2 teaspoons vanilla powder ¼ teaspoon almond extract 1 cup blanched almond flour 4-6 dates 1½ teaspoons baking soda ¼ teaspoon salt 1½ cups shredded zucchini Step 1 Preheat oven to 350°F.",2026-10-04
https://ifanca.org/resources/masbhat-ad-darwish/,Masbhat ad-Darwish,Recipe,,"March 31, 2020",recipes,type=Recipe,listing type,"Servings: 6-8 Ingredients 1 pound halal lamb shoulder, cut into filbert-sized pieces 2 large potatoes 2 small eggplants or 1 large one 3 tomatoes 2 zucchini 2 medium onions 2 medium carrots 2 green peppers ¼ teaspoon cinnamon salt and pepper to taste water Step 1 Sauté lamb until lightly browned. St",2026-10-04
https://ifanca.org/resources/poached-fish-with-roasted-tomato-sauce/,Poached Fish with Roasted Tomato Sauce,Recipe,,"March 31, 2020",recipes,type=Recipe,listing type,"Servings: 4 Ingredients 1 medium yellow onion, chopped 1 garlic clove, minced ½ inch piece fresh ginger, peeled and grated 1 can (15 ounces) roasted chopped tomatoes, no added salt ½ teaspoon Himalayan pink salt 2 tablespoons extra virgin olive oil ¼ teaspoon black pepper ½ teaspoon curry powder (op",2026-10-04
https://ifanca.org/resources/dates-the-fruit-of-paradise/,Dates: The Fruit of Paradise,Article,,"March 31, 2020",health and nutrition,fruit,title,We’re all familiar with dates; that famous fruit that becomes more popular around the month of Ramadan. Dates are an integral part of Middle East cuisine and a blessed fruit in Islam. They have been a staple food of the Middle East and Southeast Asia for millennia. Whether you enjoy them during the ,2026-10-04
https://ifanca.org/resources/keeping-up-with-the-ketos/,Keeping Up with the Ketos,Article,,"March 31, 2020",other,,no match,"At restaurants, your friends are ordering bunless burgers with a side of avocado smothered in cheese. At the local coffee shop, they are drinking sugarless lattes made with heavy cream. At home, they are eating cheddar and mozzarella omelets. What new eating trend is this? Welcome to the world of ke",2026-10-04
https://ifanca.org/resources/prebiotics/,Prebiotics,Article,,"March 31, 2020",other,,no match,"Many of us have heard of probiotics and their associated health benefits, but what are prebiotics? Prebiotics are elements contained in certain foods that help feed and nourish the growth or activity of beneficial microorganisms such as bacteria, yeast, and fungi. They are the non-digestible carbohy",2026-10-04
https://ifanca.org/resources/from-the-publishers-desk-spring-2020/,From the Publisher’s Desk,Editorial,,"March 31, 2020",other,,no match,"Assalaamu alaikum, For the entire month of March, we have had an overload of information about Coronavirus COVID-19, and I don’t wish to add to the overload by preaching the importance of hygiene. I know that you, all of you, are taking special precautions and heeding the stay-at-home orders to stay",2026-10-04
https://ifanca.org/resources/editors-note-spring-2020/,Editor’s Note,Editorial,,"March 31, 2020",other,,no match,"Assalaamu alaikum, With Ramadan approaching, we wish you Ramadan Mubarak. May your fasting and prayers be accepted, may your supplications be answered, and may it bring peace and security to all. Ramadan is a time when we divert our attention to more spiritual matters, but that doesn’t mean we shoul",2026-10-04
https://ifanca.org/resources/moooove-over-milk-new-dairy/,Moooove Over Milk…The New “Dairy”,Article,,"December 31, 2019",other,,no match,"They’re in restaurants, grocery stores (and not just in the kale-happy ones), gas stations, and most likely in your in-laws’ house. What are they? Vegan dairy options! Don’t worry; you don’t need to move to California or register for a 15K to join the dairy-free movement. What does “vegan dairy” mea",2026-10-04
https://ifanca.org/resources/mitigating-disease-with-a-healthier-lifestyle/,Mitigating Disease with a Healthier Lifestyle,Article,,"December 31, 2019",health and nutrition,health,title,"Physical activity is an essential part of living a healthy life, but sometimes it gets pushed to the rear of our increasingly technologically dependent lives. It is also a critical factor in mitigating many different diseases that have become epidemic in nature over the last few decades. According t",2026-10-04
https://ifanca.org/resources/dates-on-food-labels/,Dates on Food Labels,Article,,"December 31, 2019",ingredients,food labels,title,"Dates on food labels are often the cause of confusion in many households. With a variety of terms listed on food packaging, consumers face a dilemma: toss or keep? A 2019 U.S consumer survey published in the journal Waste Management highlighted how consumers decipher different dates on food packagin",2026-10-04
https://ifanca.org/resources/spirulina-and-almond-milk-superfood-protein-smoothie/,Spirulina and Almond Milk Superfood Protein Smoothie,Recipe,,"December 31, 2019",recipes,type=Recipe,listing type,"Servings: 4 Ingredients 1 cup almond milk 1 tablespoon almond butter 1 tablespoon Spirulina powder ¼ teaspoon vanilla powder 1 cup baby spinach 1 banana, frozen 1 cup ice (optional) Step 1 Combine ingredients in blender. Step 2 Blend until smooth and creamy. Step 3 Serve chilled.",2026-10-04
https://ifanca.org/resources/vegan-vanilla-bean-and-oat-milk-smoothie/,Vegan Vanilla Bean and Oat Milk Smoothie,Recipe,,"December 31, 2019",recipes,type=Recipe,listing type,"Servings: 4–6 Ingredients 1 cup oat milk (vegan milk) 1 cup spinach, fresh 1 medium banana, frozen ½ cup strawberries, frozen ¼ cup blueberries, frozen ¼ teaspoon vanilla bean powder 1 Natural Delight Medjool date for extra sweetness 1 cup of ice Step 1 Combine ingredients in blender. Step 2 Blend u",2026-10-04
https://ifanca.org/resources/spicy-catfish-soup/,Spicy Catfish Soup,Recipe,,"December 31, 2019",recipes,type=Recipe,listing type,Servings: 6 Ingredients 30 medium-sized Roma tomatoes 3 big white onions ½ cup of dried chile de arbol (stemless) peppers 3 small habanero peppers 1 garlic bulb 3 cups water 2 cups of extra virgin olive oil 2 medium-sized catfish 2 small lemons 1 tablespoon paprika 1 tablespoon thyme 1 tablespoon ba,2026-10-04
https://ifanca.org/resources/banana-parsley-winter-salad/,Banana and Parsley Winter Salad,Recipe,,"December 31, 2019",recipes,type=Recipe,listing type,"Servings: 6 Ingredients 2 small bananas, diced 4 cups of fresh parsley ½ big red onion ½ cup dried cranberries ½ cup lemon juice 1 tablespoon organic chia seeds 1 tablespoon organic shelled hemp seeds 1 teaspoon red flakes pepper 2 tablespoons halal cream salad dressing Step 1 Rinse, peel, and dice ",2026-10-04
https://ifanca.org/resources/the-appeel-of-bananas/,The “ApPEEL of Bananas”,Article,,"December 31, 2019",other,,no match,"Bananas, with their creamy texture and yummy flavor, are a staple of American breakfast food. As one of the most popular fruits, they are found on many kitchen counters. Their sweet and smooth flesh makes food preparation very easy. Surprisingly, bananas are botanically considered berries due to the",2026-10-04
https://ifanca.org/resources/for-the-love-of-spice/,For the Love of Spice!,Article,,"December 31, 2019",health and nutrition,spice,title,"In 1492, Christopher Columbus set off to sail the world in hopes of finding a better trade route to India. Thus began the colonization of the west as we know it. But why was Columbus so desperately seeking to reach India? One word: spices. Spices of all sorts are now used globally to enhance food qu",2026-10-04
https://ifanca.org/resources/vegetable-stock-basic/,Vegetable Stock (Basic),Recipe,,"December 31, 2019",recipes,type=Recipe,listing type,"Ingredients 1 tablespoon olive oil 1 large onion, chopped into 1 inch pieces 2 stalks celery, chopped into 1 inch pieces 2 large carrots, chopped into 1 inch pieces 1 bunch green onions, chopped 8 cloves garlic, minced 8 sprigs fresh parsley 6 sprigs fresh thyme 2 bay leaves 1 teaspoon salt 2 quarts",2026-10-04
https://ifanca.org/resources/beef-stock-basic/,Beef Stock (Basic),Recipe,,"December 31, 2019",recipes,type=Recipe,listing type,"Ingredients 6 pounds halal beef soup bones 1 large onion, quartered, peel and all 3 large carrots, chopped 1-inch pieces ½ cup water 1 medium potato, cubed 2 stalks celery, including some leaves, chopped 1 large tomato, chopped ½ cup chopped parsnip 8 whole black peppercorns 4 sprigs fresh parsley, ",2026-10-04
https://ifanca.org/resources/chicken-stock-basic/,Chicken Stock (Basic),Recipe,,"December 31, 2019",recipes,type=Recipe,listing type,"Ingredients 1 large onion, quartered 3 stalks celery, chopped into 1 inch pieces 1 large carrot, chopped into 1 inch pieces 1-pound halal chicken pieces 1½ teaspoons salt 3 whole cloves 6 cups water Step 1 Place onion, celery, carrot, chicken pieces, salt, and cloves in large soup pot. Step 2 Add 6 ",2026-10-04
https://ifanca.org/resources/soups-and-stews-winter-2019/,Soups and Stews,Article,,"December 31, 2019",other,,no match,"With winter and cool weather upon us, a hardy bowl of soup and stew is the perfect way to help take the chill out of your system. By stocking your freezer with homemade soup stocks, you will have soup stock that is lower in salt and more flavorful than the watered-down versions available in local gr",2026-10-04
https://ifanca.org/resources/from-the-publishers-desk-winter-2019/,From the Publisher’s Desk,Editorial,,"December 31, 2019",other,,no match,"Assalaamu alaikum, Concerned about halal? Food Insecurity is your business. The USDA defines food insecurity as a lack of consistent access to food for an active healthy life. Globally, in third world and first world nations, halal consumers constitute one of the largest cohorts of people who are fo",2026-10-04
https://ifanca.org/resources/editors-note-winter-2019/,Editor’s Note,Editorial,,"December 31, 2019",other,,no match,"Assalaamu alaikum, Winter is just about upon us here in Chicago. Other areas of the nation have already been blessed with a generous snowfall. It’s time to bundle up when we head outdoors. Indoors, we may want to warm up with a hardy bowl of soup. “ Soups and Stews ” offers tips on how to prepare di",2026-10-04
https://ifanca.org/resources/whats-your-major-mal-function/,What’s Your Major Mal-Function?,Article,,"September 30, 2019",other,,no match,Our ability to successfully perform daily activities is paramount to living a vibrant and happy life. Having trouble with any activity you perform regularly can add stress and anxiety to your day resulting in a diminished quality of life. Perhaps you suffered an injury from which you have not been a,2026-10-04
https://ifanca.org/resources/feeding-nine-billion-people/,Feeding Nine Billion People,Article,,"September 30, 2019",other,,no match,"Are you ready to share the planet with nine billion people? Well you better make room because the Global Hunger Index has reported that in ten years we will reach eight billion and in thirty years we will hit nine billion. Is our food production sustainable? We’ve all heard the term sustainability, ",2026-10-04
https://ifanca.org/resources/whats-in-a-name-food-label-laws/,What’s in a Name: Food Label Laws,Article,,"September 30, 2019",ingredients,food label,title,"Food product labels empower us to make informed choices about our food consumption and health. Reading labels allows us to determine if a product is genetically modified, organic, or low calorie. Whether you’re an avid label reader or barely notice it, food labels are the result of laws that were cr",2026-10-04
https://ifanca.org/resources/plant-based-chickpea-omelet/,Plant-Based Chickpea Omelet,Recipe,,"September 30, 2019",recipes,type=Recipe,listing type,Servings: 1 Ingredients Chickpea Batter ¾ cup chickpea flour (gram flour) ¾ cup unsweetened non-dairy milk 2 teaspoon apple cider vinegar 2 teaspoon nutritional yeast ¼ teaspoon turmeric powder ¼ teaspoon garlic powder ¼ teaspoon onion powder ¼ teaspoon baking soda 2 tablespoons Extra-Virgin Olive O,2026-10-04
https://ifanca.org/resources/pea-protein-superfood-powder-smoothie/,Pea Protein Superfood Powder Smoothie,Recipe,,"September 30, 2019",recipes,type=Recipe,listing type,"Servings: 4 Ingredients 1 cup cashew milk 1 cup spinach, fresh 1 medium banana, frozen ½ cup strawberries, frozen ¼ cup blueberries, frozen 1 scoop pea protein powder ¼ teaspoon vanilla bean powder 1 Natural Delight Medjool date for extra sweetness 1 cup ice Step 1 Combine ingredients in blender. St",2026-10-04
https://ifanca.org/resources/palestinian-msakhan-rolls/,Palestinian Msakhan Rolls,Recipe,,"September 30, 2019",recipes,type=Recipe,listing type,"Servings: 4-6 Ingredients 1 pound halal chicken breast 4-5 cups water or broth 1 package flour tortillas 3-4 large onions ¾ cup olive oil, extra for brushing 2 tablespoons sumac seasoning salt pepper Step 1 In a pot over medium-high heat, add the chicken breast. Pour water or broth over the chicken ",2026-10-04
https://ifanca.org/resources/dark-cocoa-powder-and-cacao-nibs-superfood-powder-smoothie/,Dark Cocoa Powder and Cacao Nibs Superfood Powder Smoothie,Recipe,,"September 30, 2019",recipes,type=Recipe,listing type,"Servings: 4 Ingredients 1 cup coconut milk 1 medium banana, frozen 2 tablespoons raw dark cocoa powder and cacao nibs 2 tablespoons peanut butter 1 dash of cinnamon 1 cup of ice Step 1 Combine ingredients in blender. Step 2 Blend until smooth and creamy. Step 3 Serve chilled.",2026-10-04
https://ifanca.org/resources/onions-where-sweet-meets-tangy/,Onions: Where Sweet Meets Tangy,Article,,"September 30, 2019",other,,no match,"Whether raw or sautéed, pickled or fried, onions always bring the unique taste of sweet and tangy to every meal. Known for their zesty flavor and pungent scent, they release chemicals that can irritate our eyes when chopped. Despite the tears, it doesn’t stop us from adding them to our favorite dish",2026-10-04
https://ifanca.org/resources/the-rise-of-plant-based-meat/,The Rise of Plant-Based Meat,Article,,"September 30, 2019",other,,no match,"A meat which you don’t have to worry about the method of slaughtering, plant-based meat is a fast-growing alternative to conventional meat. It is made from vegetarian ingredients, but is designed to mimic the flavor, texture, and appearance of regular meat. Veggie burgers have been around for a long",2026-10-04
https://ifanca.org/resources/food-handling-basics/,Food Handling Basics,Article,,"September 30, 2019",health and nutrition,food,title,"Sanitation and Food Handling We must begin by understanding . . . there is an invisible menace to your food that could be lingering in your home. This menace cannot be seen—you cannot smell it—or feel it. This menace is called bacteria . Bacteria can already be invading; food products, kitchen surfa",2026-10-04
https://ifanca.org/resources/super-powders-to-the-rescue/,Super Powders to the Rescue,Article,,"September 30, 2019",health and nutrition,vitamin,opening text,"Have you heard of super powders? No, it’s not a powder that will give you special abilities, but it will help you achieve a nutritious diet rich in vitamins, minerals, and antioxidants promoting a healthy lifestyle. So, although you won’t get the flying powers of Superman or indestructible ability o",2026-10-04
https://ifanca.org/resources/from-the-publishers-desk-fall-2019/,From the Publisher’s Desk,Editorial,,"September 30, 2019",other,,no match,"Assalaamu alaikum, “…and [that] We made out of water every living thing?…” (Quran 21:30) Water is essential for life on earth. You might think that since 71% of the surface of our planet is covered with water, we have plenty. However, 96% of that water is in the oceans and less than 3% of all the wa",2026-10-04
https://ifanca.org/resources/editors-note-fall-2019/,Editor’s Note,Editorial,,"September 30, 2019",other,,no match,"Assalaamu alaikum, We trust those blessed with performing Hajj this year had a rewarding and fulfilling experience and returned home safely and those who missed the blessing this year enjoyed a joyous Eid. Eid Mubarak to all! And Happy New Hijra Year 1441! We welcome Kontos Executive Chef Demetrios ",2026-10-04
https://ifanca.org/resources/exercising-your-heart-muscle/,Exercising Your Heart Muscle,Article,,"June 30, 2019",health and nutrition,heart,title,Hopping onto a treadmill and walking in place on the fast-track to nowhere can make even the most seasoned man or woman gasp for breath and cringe out of boredom. Cardiovascular exercise holds its own significance in terms of weight loss; but there are so many hidden benefits lying beneath this mult,2026-10-04
https://ifanca.org/resources/obesity/,Obesity,Article,,"June 30, 2019",health and nutrition,obes,title,"Fat. Overweight. Obese. If you dust off your biology and chemistry books, you will see that the term “fat” (in this case human fat) is actually adipose tissue (loose connective tissue) comprised of mainly adipose “fat” cells that store energy, as well as some blood vessels, macrophages, etc. To save",2026-10-04
https://ifanca.org/resources/why-organics/,Why Organics?,Article,,"June 30, 2019",health and nutrition,organic,title,"Organics have become an integral part of our food system. As a young child, I knew organics to be the fruits and vegetables in that one corner of the grocery store which did not seem to receive much attention. Today, grocery aisles are filled with organic products. It is not surprising that 82% of U",2026-10-04
https://ifanca.org/resources/cilantro-and-lentil-soup/,Cilantro and Lentil Soup,Recipe,,"June 30, 2019",recipes,type=Recipe,listing type,Servings: 6 Ingredients 3 medium carrots 2 medium red onions 3 large cloves garlic 4 cups fresh cilantro 1 tablespoon olive oil or flaxseed oil 1 teaspoon ground paprika 1 teaspoon ground cayenne pepper 2 cups mushroom broth 1 cup dried yellow lentils 1 teaspoon ground black pepper ½ cup lemon juice,2026-10-04
https://ifanca.org/resources/detox-ginger-turmeric-tea/,Detox Ginger-Turmeric Tea,Recipe,,"June 30, 2019",recipes,type=Recipe,listing type,"Servings: 4 Ingredients 5 cups water 1-inch ginger root, sliced or grated ½ teaspoon turmeric pinch of black pepper 1 cinnamon stick or ½ teaspoon cinnamon powder 1 teaspoon anise seeds or ½ teaspoon anise powder honey and lemon juice to taste Step 1 Bring water, ginger, turmeric, pepper, cinnamon, ",2026-10-04
https://ifanca.org/resources/ramadan-smoothie/,Ramadan Smoothie,Recipe,,"June 30, 2019",recipes,type=Recipe,listing type,"Servings: 1 Ingredients ½ avocado 3 dates 1 tablespoon honey ½ inch piece fresh ginger, peeled 1½ cups milk 5 mint leaves ½ cup ice Step 1 Place ingredients in a blender. Step 2 Blend till smooth. Step 3 Pour into your favorite glass and enjoy!",2026-10-04
https://ifanca.org/resources/cheesecake-stuffed-strawberries/,Cheesecake Stuffed Strawberries,Recipe,,"June 30, 2019",recipes,type=Recipe,listing type,"Servings 4-6 Ingredients 1 pound strawberries, washed and cored 1 8-oz package of Organic Valley Cream Cheese ½ cup powdered sugar ½ teaspoon vanilla extract ½ teaspoon lemon juice desired toppings (crushed graham cracker or mini chocolate chips), optional Step 1 Wash the strawberries and remove the",2026-10-04
https://ifanca.org/resources/why-ginger-should-be-added-to-your-day/,Why Ginger Should Be Added to Your Day,Article,,"June 30, 2019",other,,no match,"And they will be given to drink a cup [of wine] whose mixture is of ginger (Quran 76:17). Aromatic, pungent, and spicy, ginger is well-known as an important kitchen spice with a distinct flavor. It has been revered for thousands of years to treat ailments. It’s a staple in many cuisines of the world",2026-10-04
https://ifanca.org/resources/abdominal-turbulence/,Abdominal Turbulence,Article,,"June 30, 2019",other,,no match,"We usually think of eating as one of the most joyful, pleasurable activities of life. What’s better than sharing a tasty meal with friends and family? Unfortunately, everyone will experience food poisoning at least once in their lifetime; and it’s certainly no fun. Suddenly, a home cooked meal or a ",2026-10-04
https://ifanca.org/resources/managing-our-plastic-addiction/,Managing Our Plastic Addiction,Article,,"June 30, 2019",other,,no match,"The invention of synthetic plastic in 1907 by Belgian-born American immigrant, Leo Hendrik Baekeland, gradually and completely changed life for people around the world. In the search for a substitute to shellac–a natural electrical insulator–Baekeland invented Bakelite. Because it provides endless p",2026-10-04
https://ifanca.org/resources/from-the-publishers-desk-summer-2019/,From the Publisher’s Desk,Editorial,,"June 30, 2019",other,,no match,"Assalaamu alaikum, The use of plastic in the food industry is so prevalent, it is almost impossible to avoid it. Be it plastic wrap, plastic coated paper, plastic bags, plastic bottles, or plastic utensils, plastic is everywhere. It is convenient, inexpensive, and serves as a moisture and gas barrie",2026-10-04
https://ifanca.org/resources/editors-note-summer-2019/,Editor’s Note,Editorial,,"June 30, 2019",other,,no match,"Assalamu alaikum, We hope everyone enjoyed a rewarding Ramadan and joyous Eid celebration. If we didn’t get enough exercise during the month, or even if we did, we will want to go back to a regular exercise routine. “ Exercising Your Heart Muscle ” offers pointers on how to make sure we keep our hea",2026-10-04
https://ifanca.org/resources/lets-get-hard-core/,Let’s Get Hard Core,Article,,"March 31, 2019",other,,no match,"For years now, fitness professionals have impressed upon us the importance of core training. We’ve been told that a strong core will enhance our ability to perform our activities of daily life, reduce the occurrence of lower back pain, improve our reaction time to external stimuli, and even make it ",2026-10-04
https://ifanca.org/resources/protein-more-than-meats-the-eye/,Protein—More Than Meats (The Eye),Article,,"March 31, 2019",health and nutrition,protein,title,"When we think of foods that are sources of protein in our diets, non-vegetarians think meat, chicken, and fish. Vegetarians resort to legumes, i.e. lentils (including moong daal, urad daal) and dry beans (including chickpeas [garbanzo], split peas, kidney beans, navy beans, and pinto beans). What bo",2026-10-04
https://ifanca.org/resources/heart-healthy-banana-and-guava-smoothie/,Heart-Healthy Banana and Guava Smoothie,Recipe,,"March 31, 2019",recipes,type=Recipe,listing type,"Servings: 6 Ingredients 2 cups homemade yogurt 4 medium size ripe bananas, sliced 2 small guava, diced 1 teaspoon chia seeds 1 teaspoon black seeds ½ cup lemon juice Step 1 Pour the yogurt in the blender and add in the bananas, guava, chia seeds, and black seeds. Step 2 Blend for a 1 to 2 minutes un",2026-10-04
https://ifanca.org/resources/bamia-okra-soup/,Bamia (Okra) Soup,Recipe,,"March 31, 2019",recipes,type=Recipe,listing type,"Servings: 6 Ingredients 2 pounds okra (fresh or frozen) 1 head garlic olive oil for frying okra and garlic 1 cup tomato sauce water, as needed salt, pepper, allspice to taste 2 cups rice, if desired Step 1 Slice okra into bite size pieces, discarding the top hat part. Step 2 Fry the okra in olive oi",2026-10-04
https://ifanca.org/resources/garlic-based-pepper-soup/,Garlic-Based Pepper Soup,Recipe,,"March 31, 2019",recipes,type=Recipe,listing type,"Servings: 6 Ingredients 3 cups mushroom broth ½ cup extra virgin olive oil 3 heads/bulbs garlic, minced 1 small red onion, minced 8 medium-size tomatoes, minced 3 medium-size habanero peppers, minced 3 medium-size cayenne peppers, minced 1 medium-size raw ginger, minced 2 tablespoons turmeric powder",2026-10-04
https://ifanca.org/resources/grass-fed/,Grass-Fed,Article,,"March 31, 2019",other,,no match,"Grass-fed meat and dairy are a bit of a misnomer. All cattle eat grass as they grow, but truly grass-finished ones continue eating just forage for their entire lives. The vast majority of cattle are grain-finished, which means they are plumped up in a feedlot on grain for a few months before heading",2026-10-04
https://ifanca.org/resources/take-charge-of-your-heart-health/,Take Charge of Your Heart Health,Article,,"March 31, 2019",health and nutrition,health,title,"Heart disease, also known as cardiovascular disease, describes heart conditions that include diseased vessels, structural problems, and blood clots. The most common types are coronary artery disease, high blood pressure, cardiac arrest, congestive heart failure, peripheral artery disease, stroke, an",2026-10-04
https://ifanca.org/resources/garlic/,Garlic,Article,,"March 31, 2019",health and nutrition,garlic,title,"When the children of Israel asked Prophet Moses (Peace be Upon Him [PBUH]) for a variety of food, one of the items they specifically mentioned was garlic. “…O Moses, we can never endure one [kind of] food. So call upon your Lord to bring forth for us from the earth its green herbs and its cucumbers ",2026-10-04
https://ifanca.org/resources/deceptive-chefs-homemade-kimchi/,Deceptive Chef’s Homemade Kimchi,Recipe,,"March 31, 2019",recipes,type=Recipe,listing type,"Servings: yields 1 quart Ingredients 1 small head or ½ medium head of napa cabbage 1 tablespoon salt (without any anti-caking agents) 1 red pepper, thinly sliced 1 tablespoon fresh garlic, minced 1 tablespoon fresh ginger, finely chopped 1 tablespoon fresh shallots, finely chopped ½ teaspoons dried ",2026-10-04
https://ifanca.org/resources/deceptive-chefs-5-star-dill-pickles/,Deceptive Chef’s 5 Star Dill Pickles,Recipe,,"March 31, 2019",recipes,type=Recipe,listing type,"Servings: yields 1 quart Ingredients 1 English or 3 medium pickling cucumbers, cut into rounds with peel on 3 tablespoons distilled vinegar (increase with equal amounts of water if necessary to fully cover cucumbers) 3 tablespoons water (increase with equal amounts of vinegar if necessary to fully c",2026-10-04
https://ifanca.org/resources/fermenting-foods-for-future-fare/,Fermenting Foods for Future Fare,Article,,"March 31, 2019",health and nutrition,foods,title,"For centuries, in most cultures throughout the world, fermented foods have held an important place at the table. Without any refrigeration it would be one of the only methods for preserving fresh ingredients. Many of the fermented recipes we see today have stood the test of time. The Romans ate saue",2026-10-04
https://ifanca.org/resources/from-the-publishers-desk-spring-2019/,From the Publisher’s Desk,Editorial,,"March 31, 2019",other,,no match,"Assalaamu alaikum, For many, eating some form of animal protein on a regular basis is normal. Most enjoy a barbecued steak or burger at a family picnic, a juicy hot dog at the ball park, a spicy hot wing appetizer, or a nice grilled salmon dinner. For some this is regular fare; for others an occasio",2026-10-04
https://ifanca.org/resources/editors-note-spring-2019/,Editor’s Note,Editorial,,"March 31, 2019",other,,no match,"Assalamu alaikum, Continuing the spotlight on physical fitness, this issue presents “ Let’s Get Hard Core ,” providing insight into the “core” muscles that control our movements, posture, and disposition. Before starting a new exercise routine, get cleared by your physician. Heart disease is the lea",2026-10-04
https://ifanca.org/resources/weight-management-what-do-we-have-to-lose/,Weight Management: What Do We Have to Lose?,Article,,"December 31, 2018",health and nutrition,weight,title,"The South Beach diet. The Paleo diet. The Atkins diet. The Mediterranean diet. And then there is the “see food, eat food” diet that the rest of us are on. Jokes aside, if you’ve tried to lose weight, or even if you haven’t, you’ve probably heard about these diets. So when it comes to weight manageme",2026-10-04
https://ifanca.org/resources/realign-your-mind-and-body-with-pilates/,Realign Your Mind and Body with Pilates,Article,,"December 31, 2018",health and nutrition,exercise,opening text,"With names like “the Spine Twist,” “the Saw,” and “the Jack Knife,” Pilates may sound more like a method of medieval torture than an exercise system designed to improve body awareness, muscle function, flexibility, and posture. As a German national in Britain, Joseph Pilates was sent to an internmen",2026-10-04
https://ifanca.org/resources/riced-cauliflower-taco-salad/,Riced Cauliflower Taco Salad,Recipe,,"December 31, 2018",recipes,type=Recipe,listing type,"Servings: 4 Ingredients 16 oz riced cauliflower ground to small pieces 2 tablespoons chili powder 1 teaspoon cumin ½ teaspoon coriander 1 tablespoon onion powder 1 teaspoon paprika 1 small onion, finely chopped ½ teaspoon pink salt ¼ teaspoon fresh ground pepper to taste 1 cup shredded lettuce 1 tom",2026-10-04
https://ifanca.org/resources/shrimp-and-vegetable-stir-fry/,Shrimp and Vegetable Stir Fry,Recipe,,"December 31, 2018",recipes,type=Recipe,listing type,"Servings: 4 Ingredients 1 pound fresh or frozen large uncooked shrimp, peeled and deveined 1 zucchini, washed and julienned 1 yellow squash, washed and julienned 1 red onion, sliced crosswise ½ pound fresh or frozen broccoli, cut into small chunks 3-4 garlic cloves, finely chopped 3-4 teaspoons oliv",2026-10-04
https://ifanca.org/resources/maryams-super-red-power-fruit-salad/,Maryam’s “Super Red Power” Fruit Salad,Recipe,,"December 31, 2018",recipes,type=Recipe,listing type,"Servings: 6 Ingredients 2 medium-sized pomegranates 1 medium-sized watermelon 1 cup raspberries 1 cup cherries 1 cup strawberries, sliced 2 medium-sized red apples, peeled, cored, and grated ½ cup dried cranberries 1 small-sized red onion, diced juice of 1 lemon 1 teaspoon of red crushed paprika 3 t",2026-10-04
https://ifanca.org/resources/ultimate-black-bean-burger/,The Ultimate Black Bean Burger,Recipe,,"December 31, 2018",recipes,type=Recipe,listing type,"Servings: 4 Ingredients 2 cans of organic black beans, drained and rinsed or 1 cup dried black beans, presoaked and drained 1 medium avocado, mashed (binding agent) ½ cup loose corn, room temperature ½ cup bread crumbs ½ bell pepper, finely diced ½ red onion, finely diced 1 tablespoon parsley, finel",2026-10-04
https://ifanca.org/resources/creamy-chunky-potato-soup-with-pesto-chickpea-dip/,Creamy Chunky Potato Soup with Pesto Chickpea Dip,Recipe,,"December 31, 2018",recipes,type=Recipe,listing type,"Servings: 8 Ingredients Vegan Basil Pesto 4 bunches fresh basil (about 1½ cup tightly packed) ½ cup pine nuts or cashews 4 cloves garlic, chopped ⅓ cup extra virgin olive oil ½ teaspoon salt 1 tablespoon fresh-squeezed lemon juice Pesto Hummus 1½ cups cooked chickpeas (or a 15 oz can of chickpeas) 2",2026-10-04
https://ifanca.org/resources/natural-organic-and-synthetic/,"Natural, Organic, and Synthetic",Article,,"December 31, 2018",health and nutrition,organic,title,"“O you who have believed, eat from the good things which We have provided for you and be grateful to Allah [God] if it is [indeed] Him that you worship . ” (Quran 2:172) Our religion instructs us to seek out the best and most wholesome food to eat. During the time of the Prophet Muhammad (Peace Be U",2026-10-04
https://ifanca.org/resources/pomegranates/,Pomegranates,Article,,"December 31, 2018",other,,no match,"“And it is He who sends down rain from the sky, and We produce thereby the growth of all things. We produce from it greenery from which We produce grains arranged in layers. And from the palm trees—of its emerging fruit are clusters hanging low. And [We produce] gardens of grapevines and olives and ",2026-10-04
https://ifanca.org/resources/vitamins-and-minerals/,Vitamins and Minerals,Article,,"December 31, 2018",health and nutrition,vitamin,title,"The human body may need vitamins and minerals in small amounts, but these building blocks have an immense impact. Missing out on any of them can have serious consequences on health and nutrition. “Vitamins and minerals help your body do what it needs to in terms of everyday functioning, from proper ",2026-10-04
https://ifanca.org/resources/hair-form-and-function/,Hair: Form and Function,Article,,"December 31, 2018",other,,no match,"A full head of healthy, thick, flowy hair has traditionally been a sign of attractiveness and indicator of potency. Without healthy locks or burly mops on our heads, many people feel a loss of identity and lack of beauty. Hair loss is not entirely within our control, though, because it can often be ",2026-10-04
https://ifanca.org/resources/going-vegan-the-push-and-pull-of-a-plant-based-diet/,Going Vegan: The Push and Pull of a Plant-Based Diet,Article,,"December 31, 2018",health and nutrition,diet,title,"Gone are the days when following a vegan diet was synonymous with living a hippie lifestyle or just another fad diet made popular by celebrities. Veganism is slowly gaining a foothold amongst consumers, particularly for millennial and future generations, in large part for its health benefits, as wel",2026-10-04
https://ifanca.org/resources/plethora-of-purple-produce/,Plethora of Purple Produce,Article,,"December 31, 2018",other,,no match,"Purple foods are seeing a resurgence from farmers and that translates to us seeing them in grocery stores. The significant number of purple foods (such as heirloom carrots, cauliflower, potatoes, purple cabbage, etc.) available at the grocery store, creates a larger selection of healthy options to p",2026-10-04
https://ifanca.org/resources/from-the-publishers-desk-winter-2018/,From the Publisher’s Desk,Editorial,,"December 31, 2018",other,,no match,"Assalaamu alaikum, Proper nutrition and physical activity are two components needed to live a healthy life. The American diet has deteriorated over the past decades, resulting in an increase in chronic disease and obesity. This has led to higher medical costs, lower productivity, and a less than ide",2026-10-04
https://ifanca.org/resources/editors-note-winter-2018/,Editor’s Note,Editorial,,"December 31, 2018",other,,no match,"Assalamu alaikum, As winter arrives in the Midwest, we’ll try to keep you warm with this issue’s articles and recipes. If you are turning purple from cold, warm up with a “ Plethora of Purple Produce ” and consider replacing the usual vegetables with heirloom and colorful varieties. Maintaining a he",2026-10-04
https://ifanca.org/resources/running/,Running,Article,,"September 30, 2018",health and nutrition,obes,opening text,"In a recent issue of Runner’s World magazine is a story profiling 50 ordinary people who turn their lives around through running. Before becoming runners, they suffered from obesity and numerous other medical, physical, and mental ailments. At some point in their lives, they decided to transform the",2026-10-04
https://ifanca.org/resources/islamic-perspective-on-animal-welfare/,Islamic Perspective on Animal Welfare,Article,,"September 30, 2018",halal basics,islamic perspective,title,"According to Census of Marine Life scientists, there are an estimated 8.7 million living species on earth, and yet the Quran teaches us that humans are the highest of creation. With this elevated status comes an elevated responsibility. This responsibility encompasses not only how we treat our own b",2026-10-04
https://ifanca.org/resources/microwave-omelet/,Microwave Omelet,Recipe,,"September 30, 2018",recipes,type=Recipe,listing type,Servings: 1 Ingredients 2 large eggs 2 tablespoons Organic Valley Lactose Free Fat Free milk ¼ orange bell pepper ½ medium tomato 1 tablespoon cooked corn or other vegetable dash of Cajun spice 2 slices rye bread 4 slices Cabot Extra Sharp Cheddar cheese Step 1 Dice ½ of the orange bell pepper. Step,2026-10-04
https://ifanca.org/resources/quinoa-tabbouleh/,Quinoa Tabbouleh,Recipe,,"September 30, 2018",recipes,type=Recipe,listing type,"Servings: 8 Ingredients 1 cup cooked Quinoa, follow packaged directions ½ red pepper, diced small ½ cucumber, diced small ½ cup diced scallion, both white and green 2 celery ribs, diced small ¼ cup grated carrot ½ cup raisins or fruit sweetened cranberries ½ cup frozen peas ¼ cup lemon juice ¼ cup c",2026-10-04
https://ifanca.org/resources/taco-salad/,Taco Salad,Recipe,,"September 30, 2018",recipes,type=Recipe,listing type,"Servings: 3-4 Ingredients 1 pound halal ground beef or halal ground turkey 1 avocado, peeled and diced 1 tomato, diced 1 red pepper, diced 1 green pepper, diced 1 can of black beans, rinsed and drained 1 cup of halal shredded cheddar cheese (Cabot) ½ cup black olives tortilla chips for garnish 1 tab",2026-10-04
https://ifanca.org/resources/veggie-and-egg-scramble/,Veggie and Egg Scramble,Recipe,,"September 30, 2018",recipes,type=Recipe,listing type,"Servings: 2 Ingredients 2-4 tablespoons of olive oil 1 small onion, diced 2-4 cloves garlic, chopped or minced (optional to taste) 1 large tomato, diced 1 head broccoli, chopped small 4 large eggs, lightly beaten ¼ teaspoon salt ½ teaspoon black pepper 2 tablespoons parsley, roughly chopped Step 1 I",2026-10-04
https://ifanca.org/resources/diabetic-diets/,Diabetic Diets,Article,,"September 30, 2018",health and nutrition,diet,title,"Diabetes is a deadly, disabling disease that occurs when the pancreas does not produce enough insulin (Type 1 diabetes), or when the body cannot effectively use the insulin it produces (Type 2 diabetes). It is one of the top chronic diseases in the world and it has become an epidemic affecting both ",2026-10-04
https://ifanca.org/resources/eggs/,Eggs,Article,,"September 30, 2018",health and nutrition,nutrition,opening text,"Whether they are being eaten on their own for breakfast, or as an ingredient in a recipe, eggs are a staple in the kitchen for many households. Eggs play a major role in people’s diet as a versatile source of protein. Nutrition Profile Eggs provide a variety of vitamins and minerals and are a nutrit",2026-10-04
https://ifanca.org/resources/insulin-resistance/,Insulin Resistance,Article,,"September 30, 2018",other,,no match,"Our bodies work miraculously. Every cell, tissue, organ, and system plays a role in the perfect functioning of the human body. The collaboration and networking that occur in our bodies would never happen without the command of God because He is our Creator and the maker of all living things. The way",2026-10-04
https://ifanca.org/resources/sleep-disorders/,Sleep Disorders,Article,,"September 30, 2018",health and nutrition,sleep,title,"In high school, Melodie Monroe’s school football team was tied with its rival, and there were just 10 seconds left on the clock. The team managed a win, and she jumped up in excitement with the rest of the school. That exhilaration was too much for Monroe, who has narcolepsy with cataplexy. Her musc",2026-10-04
https://ifanca.org/resources/sweet-meets-spicy-chai-latte/,Sweet Meets Spicy: Chai Latte!,Article,,"September 30, 2018",other,,no match,"Chai lattes—those yummy, flavorful drinks you can get at any local coffee shop—have been quite popular for many years. While this sweet but zesty drink is a recent favorite among many Americans, it has been enjoyed in the Indian subcontinent for centuries. Chai lattes are based on the famous beverag",2026-10-04
https://ifanca.org/resources/alternate-flours/,Alternate Flours,Article,,"September 30, 2018",health and nutrition,flour,title,"As of a year ago, Aliya Durrani* could barely get herself out of bed. She had to force herself every morning and drag through her day in a foggy state. The mother of four from Glen Ellyn, Illinois, attributed her declining energy to missing her daughter, who had recently gotten married. “I assumed I",2026-10-04
https://ifanca.org/resources/from-the-publishers-desk-fall-2018/,From the Publisher’s Desk,Editorial,,"September 30, 2018",other,,no match,"Assalaamu alaikum, Veggie burgers have been around for a number of years. These are meat substitutes made from vegetables and though they don’t look like real beef burgers, they taste pretty good. Well, the future is changing that. The next generation of faux hamburgers are being made to look, cook,",2026-10-04
https://ifanca.org/resources/editors-note-fall-2018/,Editor’s Note,Editorial,,"September 30, 2018",other,,no match,"Assalamu alaikum, Eid Mubarak. We hope you enjoyed the Eid season and if you were fortunate enough to perform hajj this year, may your efforts be accepted and rewarded. Do you remember the days when flour was either white or wheat? Who knew there were so many different types of flour? If you can’t t",2026-10-04
https://ifanca.org/resources/swimming/,Swimming,Article,,"June 30, 2018",other,,no match,"Being a national champion in a sport you love is an incredible feat. Achieving that title as a teenager makes it even more admirable. For around four years, Kamal Nasser was Pakistan’s best swimmer until the rigors of medical school took over. And the rest as they say is history. Or is it? Even thou",2026-10-04
https://ifanca.org/resources/aromatics/,Aromatics,Article,,"June 30, 2018",other,,no match,"If you have a distinct memory of the smell of your mom’s kitchen, the scents and fond recollections that make up the background of your childhood are likely due to her use of aromatics. Whether your grandmother started off her meal by chopping up some garlic and ginger and heating it up in ghee or y",2026-10-04
https://ifanca.org/resources/sodium-sneaky-villain-hidden-hero/,Sodium: Sneaky Villain & Hidden Hero,Article,,"June 30, 2018",health and nutrition,blood pressure,opening text,"Sodium gets a bad rap from dieticians, but this simple element also plays a heroic role in our health. It’s true that sodium imbalances factor into serious health problems, from high blood pressure to heart failure; but plants, animals, and people all need sodium to survive. It helps keep fluids bal",2026-10-04
https://ifanca.org/resources/herb-veggie-baked-spicy-mackerel/,Herb & Veggie-Baked Spicy Mackerel,Recipe,,"June 30, 2018",recipes,type=Recipe,listing type,"Servings: 8-10 Ingredients 6 fresh, medium-sized mackerel fish 2 medium-sized tomatoes 2 medium-sized red and green bell peppers 1 tablespoon of turmeric 1 tablespoon of cumin 1 tablespoon of paprika 1 tablespoon of garlic powder 1 tablespoon of black powder 1 tablespoon chopped fresh cilantro 1 tab",2026-10-04
https://ifanca.org/resources/persimmon-fruit-salad/,Persimmon Fruit Salad,Recipe,,"June 30, 2018",recipes,type=Recipe,listing type,"Serving size: 6 Ingredients 5 medium-sized persimmons 2 green apples, diced 1 cup of green grapes 2 small dates, chopped ¼ cup chopped pecans or walnuts Step 1 Cut the persimmons and apples in small dices, and shred the dates. Add the grapes and mix all the fruits together in a medium bowl. Step 2 T",2026-10-04
https://ifanca.org/resources/dodo-a-k-a-fried-plantains/,“Dodo” (a.k.a. “Fried Plantains”),Recipe,,"June 30, 2018",recipes,type=Recipe,listing type,"Servings: 6 Ingredients 4 ripe, bright yellow plantains 1½ cups of organic, cold pressed, virgin, unrefined, non-GMO avocado or coconut oil Step 1 Wash the plantains and use a sharp knife to peel open the plantains. Step 2 One by one, slice each plantain in a crosswise manner, into a medium-sized bo",2026-10-04
https://ifanca.org/resources/salt/,Salt,Article,,"June 30, 2018",other,,no match,"Salt is essential for life. It is one of the five basic human tastes and most often used mineral for flavoring food. Although it has gotten a bad reputation as of late, this mineral is a key factor in maintaining good health. Salt is a mineral primarily composed of sodium chloride (NaCl). According ",2026-10-04
https://ifanca.org/resources/breast-cancer/,Breast Cancer,Article,,"June 30, 2018",health and nutrition,cancer,title,"“You have breast cancer.” These are words no woman ever wants to hear, and yet according to breastcancer.org, a non-profit that provides information and support to those touched by the disease, 1 in 8 women in America will develop invasive breast cancer over the course of their lifetime. It is the m",2026-10-04
https://ifanca.org/resources/gut-health/,Gut Health,Article,,"June 30, 2018",health and nutrition,health,title,"A healthy gut is an important component to an overall fit life. Any issues with it will have repercussions on the rest of the body. It’s a large part of what makes us feel good, energetic, and strong on a daily basis. We have a biological need to eat every single day, and that has a daily effect on ",2026-10-04
https://ifanca.org/resources/alternative-sugars/,Alternative Sugars,Article,,"June 30, 2018",health and nutrition,sugar,title,"I lost my father to the fatal effects of diabetes. He suffered from Type 2 diabetes for over 2 decades, losing his quality of life over those years. Watching his health deteriorate was very hard, and it is still hard to accept that he is not with us anymore. It has been almost 9 years since he left,",2026-10-04
https://ifanca.org/resources/food-on-wheels/,Food on Wheels,Article,,"June 30, 2018",health and nutrition,food,title,"Ring! Ring! I open the door to a huge package on my porch and get excited to see what’s inside. Lately, my husband has been constantly working while I’m chasing after two kids under two. I barely have time to go grocery shopping and am worried about my family getting proper, nutritious meals. Inside",2026-10-04
https://ifanca.org/resources/from-the-publishers-desk-summer-2018/,From the Publisher’s Desk,Editorial,,"June 30, 2018",other,,no match,"Assalaamu alaikum, As we just bid farewell to the blessed month of Ramadan, we hope to have emerged with a renewed energy and commitment to maintain those blessings we enjoyed throughout the month. After a month of fasting, we hope to have attained the taqwa which the fast was intended to afford us.",2026-10-04
https://ifanca.org/resources/editors-note-summer-2018/,Editor’s Note,Editorial,,"June 30, 2018",other,,no match,"Assalamu alaikum, Ramadan Mubarak and Eid Mubarak. We hope you had a rewarding Ramadan and we wish you Eid Mubarak. May you enjoy, tranquility, joy, and success throughout the year. As we head into summer, we need to keep hydrated. Maintaining the proper electrolyte balance is important. That means ",2026-10-04
https://ifanca.org/resources/when-dinner-makes-218-billion-worth-of-trash/,When Dinner Makes $218 Billion Worth of Trash,Article,,"March 31, 2018",other,,no match,"Guess what’s the number one item in America’s landfills? We may think it’s diapers, plastics, or electronics but the answer is, unfortunately, food. As a nation, 40 percent of our food ends up in the trash, according to SavetheFood.com. A family of four wastes as much as $1500 worth of food yearly. ",2026-10-04
https://ifanca.org/resources/say-cheese/,Say Cheese!,Article,,"March 31, 2018",other,,no match,"Presented in slices on elegant appetizer platters, or baked into casual delights like pizza and spinach-feta pie, cheese compliments nearly every cuisine. This delicious and versatile treat inspires smiles and pleases palates around the world. The winds of time have obscured cheese’s true origins, b",2026-10-04
https://ifanca.org/resources/panko-breaded-chicken/,Panko Breaded Chicken,Recipe,,"March 31, 2018",recipes,type=Recipe,listing type,"Servings: 4 Ingredients 1 pound boneless halal chicken thighs, cut into 1-inch strips, pat dry 2 teaspoons salt 1 teaspoon garlic powder 1 teaspoon onion powder 1 teaspoon smoked paprika ½ teaspoon chili powder (optional) 1 cup flour 2 eggs 2 cups panko bread crumbs Step 1 Preheat oven to 425°F. Ste",2026-10-04
https://ifanca.org/resources/moimoi-a-nigerian-delicacy/,MoiMoi: A Nigerian Delicacy,Recipe,,"March 31, 2018",recipes,type=Recipe,listing type,Servings: 8-10 Ingredients 4 cups red lentils (black-eyed beans can also be used) 2 large red bell peppers 2 large onions 2 cups water 1 cup cooked shrimps 1 cup extra virgin olive oil 2 tablespoons of turmeric powder 1 tablespoon salt 1 teaspoon black pepper 1 teaspoon of cayenne pepper 1 teaspoon ,2026-10-04
https://ifanca.org/resources/lentil-soup-shorabat-addas/,Lentil Soup “Shorabat Addas”,Recipe,,"March 31, 2018",recipes,type=Recipe,listing type,"Ingredients 2 cups red lentils 9-10 cups water 1 teaspoon cumin ½ teaspoon turmeric 1 tablespoon salt ½ teaspoon pepper 1 large onion, diced 2 tablespoons olive oil juice of one lemon Step 1 Rinse lentils well. Add to a large pot with the water. Bring to a boil, then cover pot and reduce heat slight",2026-10-04
https://ifanca.org/resources/focaccia-pizza/,Focaccia Pizza,Recipe,,"March 31, 2018",recipes,type=Recipe,listing type,"Servings: 4 Ingredients 2½+⅛ teaspoons active dry yeast 3 cups white flour 1 cup lukewarm water 1 tablespoon nonfat dry milk powder (optional) 1½ teaspoons salt 4 tablespoons extra virgin olive oil, plus more for oiling pans toppings as desired such as shredded halal Cabot Cheddar cheese, tomato sau",2026-10-04
https://ifanca.org/resources/meat/,Meat,Article,,"March 31, 2018",other,,no match,There is an often used expression of “getting to the meat of the matter.” The phrase is used when someone wants to point out the most important or fundamental essence of an issue at hand. Such an expression compares itself to the importance of meat in the literal sense as the most important and basi,2026-10-04
https://ifanca.org/resources/whats-up-with-turmeric/,What’s Up with Turmeric?,Article,,"March 31, 2018",other,,no match,"“Then eat of what Allah has provided for you [which is] lawful and good. And be grateful for the favor of Allah, if it is [indeed] Him that you worship.” Quran 16:114 For years, the only culinary spices and food flavors that I was very familiar with were Maggi cubes, Monosodium Glutamate seasoning, ",2026-10-04
https://ifanca.org/resources/finding-your-fit/,Finding Your Fit,Article,,"March 31, 2018",health and nutrition,fit,title,"If you’ve been diligently hopping on the treadmill every morning for the past couple of years to get in a 5-mile run before your day begins, you may literally and figuratively be running to nowhere. While the jog, an aerobic exercise that increases your heart rate initially and then maintains it at ",2026-10-04
https://ifanca.org/resources/the-sunshine-vitamin/,The Sunshine Vitamin,Article,,"March 31, 2018",health and nutrition,vitamin,title,"Skeletons, without them life would be a flop, literally. The 206 bones in our body are responsible for keeping us upright, protecting our organs, and producing red blood cells. With the many functions our bones carry out, keeping them healthy is especially important. A key step in keeping ones’ bone",2026-10-04
https://ifanca.org/resources/celebrating-halal/,Celebrating Halal,Article,,"March 31, 2018",community and events,celebrat,title,"The first-ever halal lifestyle event of its kind in the United States is taking place at the iconic Navy Pier in Chicago, Illinois on April 13-15, 2018. I Heart Halal ™ is the premier event for Muslim American consumers looking to embrace both modernity and faith in their lives and in the products a",2026-10-04
https://ifanca.org/resources/from-the-publishers-desk-spring-2018/,From the Publisher’s Desk,Editorial,,"March 31, 2018",other,,no match,"Assalamu alaikum, As humans, we are responsible for the well-being of our planet. That responsibility encompasses taking care of each other, taking care of the animals and plants, as well as taking care of the planet as a whole. While we face many day-to-day as well as long-term challenges including",2026-10-04
https://ifanca.org/resources/editors-note-spring-2018/,Editor’s Note,Editorial,,"March 31, 2018",other,,no match,"Assalamu alaikum, Spring is upon us and we look forward to more outdoor activities. Gardening, relaxed strolls, athletic activities, and barbeques are some of what we may be participating in. This issue features many a helpful article as we prepare for the outdoor fun! More outdoor activities means ",2026-10-04
https://ifanca.org/resources/halal-on-campus/,Halal on Campus,Article,,"December 31, 2017",community and events,campus,title,"When choosing a college, students consider location, programs offered, size, cost, reputation… dining hall food? Even for those who require a special diet, dining hall food options are not usually at the top of the list. Shouldn’t all schools provide balanced meals all their students can eat, especi",2026-10-04
https://ifanca.org/resources/addicted-to-flavors/,Addicted to Flavors,Article,,"December 31, 2017",ingredients,flavors,title,"Barbeque flavored, hickory flavored, citrus flavored, mint flavored, grape flavored and on goes the list. From toothpaste and mouthwash to ice-cream, candy, and pizza, chances are whatever you pick today will include ‘artificial and natural flavors’ as ingredients. As of 2016, there were 2,700 natur",2026-10-04
https://ifanca.org/resources/savory-morning-porridge/,Savory Morning Porridge,Recipe,,"December 31, 2017",recipes,type=Recipe,listing type,"Servings: 2-4 Ingredients 1 cup whole grains (brown rice/red rice/purple rice/sorghum/quinoa or a combination of all) 10 cups water (or halal chicken or veggie broth; preferably homemade) 2 tablespoons toasted sesame oil ½ cup scallions, chopped ¼ cup ginger, minced ½ cup goji berries (optional) sal",2026-10-04
https://ifanca.org/resources/spinach-and-fruit-smoothie/,Spinach and Fruit Smoothie,Recipe,,"December 31, 2017",recipes,type=Recipe,listing type,Servings: 1 Ingredients 2 tablespoons halal protein powder 8 strawberries 1 banana 1 cup fresh spinach 1 tablespoon hemp or chia seed 1 tablespoon coconut butter (optional) Step 1 Place all ingredients in blender. Step 2 Blend on high speed until smooth. Step 3 Enjoy.,2026-10-04
https://ifanca.org/resources/grandma-sallys-mushrooms/,Grandma Sally’s Mushrooms,Recipe,,"December 31, 2017",recipes,type=Recipe,listing type,"Servings: 6 Ingredients 1 pound whole mushrooms 2 cubes halal beef boullion ½ cup hot water 1 stick Organic Valley® lightly-salted butter 2 tablespoons white flour ½ cup Organic Valley® heavy cream a dash of pepper ½ cup bread crumbs 1 cup Parmesan cheese Step 1 In a pan, sauté mushrooms in ½ stick ",2026-10-04
https://ifanca.org/resources/truffled-pasta/,Truffled Pasta,Recipe,,"December 31, 2017",recipes,type=Recipe,listing type,"Servings: 8 Ingredients 1 tablespoon black truffles, finely chopped ½ a pound of any pasta of your choice by Helios Pasta Industry 2 tablespoons olive oil 3 tablespoons lightly-salted Organic Valley butter ¾ cup bread crumbs 1 small onion, finely chopped ¼ cup white flour 3 cups Organic Valley whole",2026-10-04
https://ifanca.org/resources/to-die-for-carrot-cake/,To-Die-For Carrot Cake,Recipe,,"December 31, 2017",recipes,type=Recipe,listing type,"Servings: 8–10 Ingredients 3 eggs ¾ cup buttermilk ¾ cup vegetable oil ½ cups white sugar, plus additional ⅓ cup for cake soak ¾ cup dark brown sugar ¼ cup coconut cream 2 teaspoons vanilla extract, plus additional 1 teaspoon for cake soak 2 teaspoons ground cinnamon, plus additional teaspoon for ca",2026-10-04
https://ifanca.org/resources/a-mold-sold-at-the-cost-of-gold/,A Mold Sold at the Cost of Gold,Article,,"December 31, 2017",other,,no match,"Truffles. No, not the chocolate ones. We’re talking about the other ones—perhaps the priciest food on earth, comparable only to gold leaf sheets and caviar. At a recent Sotheby’s auction in New York, a 4.16 pound white truffle is reported to have sold at a “bargain” price of $61,250, to a phone bidd",2026-10-04
https://ifanca.org/resources/nutrients-for-kids/,Nutrients for Kids,Article,,"December 31, 2017",health and nutrition,kids,title,"Most kids are picky eaters, which may well explain the boom in the multivitamin industry. Statista reports that from 2000 to 2017, the retail sales of vitamins and nutritional supplements in the United States topped $36 billion. With the popularity of supplements increasing every year, one would ass",2026-10-04
https://ifanca.org/resources/the-body-at-war-with-itself/,The Body at War with Itself,Article,,"December 31, 2017",health and nutrition,immune,opening text,"It’s easy to envy those cheerful people who rarely get sick and recover rapidly from occasional illnesses. Conventional wisdom says that, “they were born that way”—but recent Cell research studies ( http://www.cell.com ) show that genetics play a surprisingly minor role in our health. Starting in th",2026-10-04
https://ifanca.org/resources/drinking-your-vegetables/,Drinking Your Vegetables,Article,,"December 31, 2017",health and nutrition,vegetable,title,"Although not a new trend by any means, green juices have become ubiquitous. Juice bars have popped up hailing cold-pressed concoctions (care for some dandelion greens and celery?), and health sites boast of hundreds of recipes that help the calorie-conscious drink down their vegetables. Juice cleans",2026-10-04
https://ifanca.org/resources/out-of-the-box-parties/,Out of the Box Parties,Article,,"December 31, 2017",other,,no match,"At special events, unique trends are becoming more the norm than the exception. Party timings, portion sizes, and menu options are drifting away from the conventional. When Sarah Siddiqui started planning her wedding, she knew she wanted something different. Like many brides-to-be, she wanted her we",2026-10-04
https://ifanca.org/resources/from-the-publishers-desk-winter-2017/,From the Publisher’s Desk,Editorial,,"December 31, 2017",other,,no match,"Assalamu Alaikum, We are commanded by God Almighty to ‘partake of what is lawful ( halal ) and good ( tayyib ).’ It is our duty to ensure our consumption is good, clean, and wholesome. The food must be from a halal source, be free from harmful substances, and be produced in a clean environment that ",2026-10-04
https://ifanca.org/resources/editors-note-winter-2017/,Editor’s Note,Editorial,,"December 31, 2017",other,,no match,"Salaam Readers, As I write this letter at our IFANCA office in the Windy City, I’m looking out of the window at a glorious winter day with a high of 53°F. Not bad at all for a December afternoon. I do feel guilty about feeling happy at this, given the implication it has for global warming. Based on ",2026-10-04
https://ifanca.org/resources/the-color-wheel/,The Color Wheel,Article,,"September 30, 2017",other,,no match,"Red 40, annatto, and anthocyanin. While these ingredients may sound foreign and intimidating, chances are you have eaten all three of them. Red 40 gives Red Velvet cake its distinctive color, annatto is often used to add an orange tinge to sherbet ice cream, and anthocyanin gives blue corn chips the",2026-10-04
https://ifanca.org/resources/your-food-is-better-traveled-than-you/,Your Food Is Better Traveled Than You,Article,,"September 30, 2017",health and nutrition,food,title,"If you heard that your food is better traveled than you are, would you be surprised? Fact is, it is. The slogan ‘Farm to Fork’ leaves out the detail that oceans may have been crossed in between. Yes, it is very likely that the produce that constitutes your food has crossed borders between states, if",2026-10-04
https://ifanca.org/resources/a-quick-quesadilla/,A Quick Quesadilla,Recipe,,"September 30, 2017",recipes,type=Recipe,listing type,"Servings: 6 Ingredients 9 ounces shredded, cooked chicken breast 3 tablespoons minced pickled green chilies 3 tablespoons minced fresh cilantro leaves 12 ounces shredded IFANCA halal certified cheese by Cabot Creamery or Whitehall Specialties 6 whole flour tortillas 6 tablespoons vegetable oil 1 tea",2026-10-04
https://ifanca.org/resources/macedonian-eggplant-salad/,Macedonian Eggplant Salad,Recipe,,"September 30, 2017",recipes,type=Recipe,listing type,Servings: 6 Ingredients 1½ pounds eggplants 3 cloves garlic (finely chopped) ½ cup parsley (finely chopped) ⅓ cup olive oil ¼ cup apple cider vinegar ½ teaspoon salt Step 1 Poke each eggplant in three spots and place all of them in a baking pan. Put them in the oven at 380°F and bake for 30 to 40 mi,2026-10-04
https://ifanca.org/resources/creamy-cauliflower-soup/,Creamy Cauliflower Soup,Recipe,,"September 30, 2017",recipes,type=Recipe,listing type,"Servings: 8-10 Ingredients 2 tablespoons avocado butter 1 tablespoon olive oil 1 medium onion, coarsely chopped 1 clove garlic, minced 6-8 scallions, chopped 2 stalks celery, chopped 2 medium cauliflowers, cored and coarsely chopped ½ teaspoon sea salt ¼ teaspoon dried thyme 2 teaspoons chopped fres",2026-10-04
https://ifanca.org/resources/baked-quince/,Baked Quince,Recipe,,"September 30, 2017",recipes,type=Recipe,listing type,"Servings: 4–5 Ingredients 4-5 quinces unpeeled, washed, halved, and cored 4-5 whole cloves per each quince 2-3 cinnamon sticks 1½ cups water ½ cup brown sugar (or more if you want it sweeter) Step 1 Preheat oven to 375°F. Step 2 Press cloves into each quince half. Place the fruit in a roasting pan c",2026-10-04
https://ifanca.org/resources/whats-nice-about-niacin/,What’s Nice About Niacin?,Article,,"September 30, 2017",health and nutrition,vitamin,opening text,"We are all too familiar with vitamin commercials that encourage us to take our daily one-a-day tablet, filled with the combined essential minerals for health and growth. The most popular belong to a group known as the vitamin B complex. There are eight within this set, out of which, vitamin B3, is k",2026-10-04
https://ifanca.org/resources/the-mysterious-quince/,The Mysterious Quince,Article,,"September 30, 2017",other,,no match,"Quince fruit are a mystery, just waiting to be unlocked. They don’t exactly make it easy to reap their benefits. There are hints that the fruit holds a secret; when ripe, they have the inviting perfume of vanilla, pineapple, and citrus. They look like a mix between apples and pears, but don’t expect",2026-10-04
https://ifanca.org/resources/smile/,Smile!,Article,,"September 30, 2017",other,,no match,"If a picture is worth a thousand words, then your smile is worth a million bucks, sometimes quite literally. In order to keep that smile, do go the extra mile! The extra mile begins with dental hygiene, techniques of which can be traced back to thousands of years. We know that early humans did not h",2026-10-04
https://ifanca.org/resources/fabulously-fit-fabulously-pregnant/,"Fabulously Fit, Fabulously Pregnant",Article,,"September 30, 2017",health and nutrition,pregnan,title,"Is there anything more miraculous than a pregnancy? What a wonder it is to see how a woman’s body develops to nurture its growing baby, nestled in the comfort of her womb. Religious scriptures highlight the respect and honor mothers deserve from their children, often citing references to the nine mo",2026-10-04
https://ifanca.org/resources/keeping-the-taste-not-the-waste/,"Keeping the Taste, Not the Waste",Article,,"September 30, 2017",other,,no match,"One of my earliest memories of food is of having a scrumptious peanut butter and jelly sandwich. I can also never forget that delectable, butter glazed cinnamon donut I enjoyed for breakfast in grade school. I wasn’t the only one. My peers and I crowded the cafeteria tables to hurriedly gobble up ou",2026-10-04
https://ifanca.org/resources/from-the-publishers-desk-fall-2017/,From the Publisher’s Desk,Editorial,,"September 30, 2017",other,,no match,"Assalamu Alaikum, Thanksgiving is a big part of the autumn season. It is a time when most of us get together with our extended family and friends, partake of various activities, watch a football game, and of course, enjoy a turkey with all the trimmings. Before dinner, we bow our heads in silent pra",2026-10-04
https://ifanca.org/resources/editors-note-fall-2017/,Editor’s Note,Editorial,,"September 30, 2017",other,,no match,"Salaam Readers, Marked by the equinox, the season of football fantasy, bulky scarves, Halloween, and Thanksgiving is here. As temperatures drop and sunlight dims, chlorophyll gives way to other pigments to create a glorious spectacle of russet hues, a treat for forest sightseers. I’m wondering if th",2026-10-04
https://ifanca.org/resources/oven-versus-microwave-cooking/,Oven Versus Microwave Cooking,Article,,"June 30, 2017",health and nutrition,cook,title,"Marie T. Smith’s claim to fame, decades after her death, was to be hailed as the author of the world’s saddest cookbook. Her Microwave Cooking for One was recently resurrected from the annals of the 1980s and immortalized in a reddit string and an Internet meme. People bought it for single friends a",2026-10-04
https://ifanca.org/resources/coffee-healthy-treat-or-dangerous-indulgence/,Coffee: Healthy Treat or Dangerous Indulgence?,Article,,"June 30, 2017",health and nutrition,health,title,"Coffee isn’t a drink; it’s a lifestyle. Three-quarters of Americans drink coffee every single day. Americans are, in fact, the leading coffee consumers across the globe, with annual retail sales in 2016 estimated at 5.17 billion dollars (Statista, 2017). American millennials are into having out-of-h",2026-10-04
https://ifanca.org/resources/grape-ambrosia/,Grape Ambrosia,Recipe,,"June 30, 2017",recipes,type=Recipe,listing type,"Servings: 6 Ingredients 1 (15-ounce) can mandarin oranges 2 bananas, sliced 2 cups white grapes ½ cup Medjool dates, pitted, diced 4 tablespoons lemon juice ½ cup flaked coconut ½ pint whipping cream Step 1 Combine well-drained fruits and dates, sprinkle with lemon juice, chill. Step 2 Fold in whipp",2026-10-04
https://ifanca.org/resources/kabargah-a-kashmeri-delicacy/,"Kabargah, A Kashmeri Delicacy",Recipe,,"June 30, 2017",recipes,type=Recipe,listing type,Servings: 6 Ingredients 2 pounds mutton chops 2 cups Organic Valley whole milk 3 tablespoons ground anise seeds 10 green cardamoms ½ teaspoon saffron 1 tablespoon salt 1 tablespoon ginger powder 1 tablespoon ground black pepper 2 eggs 1 teaspoon salt 1 teaspoon pepper ½ cup oil for shallow frying St,2026-10-04
https://ifanca.org/resources/the-great-greensby-yogurt-smoothie/,"The Great Greensby, Yogurt Smoothie",Recipe,,"June 30, 2017",recipes,type=Recipe,listing type,Servings: 6 Ingredients 1 cup frozen peaches 1 cup frozen pineapples 1 cup fresh spinach 1 cup baby kale 1 cup IFANCA-certified Greek yogurt 1 ripe banana 1 teaspoon cinnamon Step 1 Combine ingredients in a blender. Step 2 Blend until smooth and creamy. Step 3 Serve with cinnamon sprinkled on top.,2026-10-04
https://ifanca.org/resources/mexican-hot-chocolate-ice-cream/,Mexican Hot Chocolate Ice Cream,Recipe,,"June 30, 2017",recipes,type=Recipe,listing type,"Servings: 6 Ingredients 1 pint heavy whipping cream 1 (14-ounce) can sweetened condensed milk 4 tablespoons cocoa powder 1 teaspoon cinnamon ¼ teaspoon ground cayenne pepper Step 1 In a bowl, whip heavy cream until it thickens and peaks form, about 3 minutes. Step 2 In a separate bowl, mix sweetened",2026-10-04
https://ifanca.org/resources/gelatin/,Gelatin,Article,Ingredients,"June 30, 2017",ingredients,gelatin,title,"From its odd beginnings as the labor-intensive result of boiled meat bones, skins, and other animal byproducts, and as the 1950’s epitome of the modern housewife’s kitchen to its present-day rise as a symbol of culinary sophistication, gelatin has had a long history as a common thickener, stabilizer",2026-10-04
https://ifanca.org/resources/grapes-natures-candy/,Grapes: Nature’s Candy,Article,,"June 30, 2017",other,,no match,"Grapes are the perfect finger food. These juicy morsels are nature’s candy that come in many colors, from light green to red or purple; blue, pink, and even black. Just wash off a bunch with water and they become a simple snack to satisfy your sweet tooth without any guilt. In the science of botany,",2026-10-04
https://ifanca.org/resources/nutrition-bars/,Nutrition Bars,Article,,"June 30, 2017",health and nutrition,nutrition,title,"Anyone who has gone to the grocery store or watched television has caught on to the new food craze: sports nutrition bars. Aisles of grocery stores are dedicated to the plethora of bars. But what exactly are nutrition bars? And what is the difference between nutrition bars, energy bars, and sports n",2026-10-04
https://ifanca.org/resources/weight-fluctuations-during-ramadan/,Weight Fluctuations During Ramadan,Article,,"June 30, 2017",community and events,ramadan,title,"Weight loss during Ramadan is a welcome, worldly bonus to the multiplied, spiritual rewards. It helps us practice better self-control. For some it is an opportunity to catapult their weight loss goals, while for others it’s perplexing to see weight creep up, despite long hours without any nourishmen",2026-10-04
https://ifanca.org/resources/cool-desserts/,Cool Desserts,Article,,"June 30, 2017",other,,no match,"Do you ever look at research studies on the effects of different types of chocolate, or how napping at work makes you a better employee and wonder how one gets the opportunity to be part of research studies? Well, I lived one of my dreams while writing this article. I researched ice cream, gelato, a",2026-10-04
https://ifanca.org/resources/food-trucks-a-touch-of-travel/,Food Trucks: A Touch of Travel,Article,,"June 30, 2017",health and nutrition,food,title,"For foodies, food trucks conjure up an appetite! On their menus is just about everything: dim sum, tacos, Indian dosas, shawarma, gumbo, Chinese, Brazilian barbecue, gyros, pancakes, cupcakes, Filipino halo-halo, sushi, Mexican ice-cream. While some have fixed menus, other food truck owners experime",2026-10-04
https://ifanca.org/resources/from-the-publishers-desk-summer-2017/,From the Publisher’s Desk,Editorial,,"June 30, 2017",other,,no match,"Assalamu Alaikum, The use of anti-microbial products has become commonplace in our society. Products claiming to kill 99+% of all germs and microbes are readily available as foams, lotions, and liquids for personal use or for sanitizing household items, including in laundry detergents. Hospitals and",2026-10-04
https://ifanca.org/resources/editors-note-summer-2017/,Editor’s Note,Editorial,,"June 30, 2017",other,,no match,"Assalamu Alaikum, Before you wonder at the change of name at the bottom, let me begin by introducing myself. I’ve been with IFANCA since the beginning of this year in the media department and have now assumed Alia’s role as the Content Manager of Halal Consumer© magazine. We’ll miss her and wish her",2026-10-04
https://ifanca.org/resources/how-do-we-rank-a-global-health-review/,How Do We Rank? A Global Health Review,Article,,"March 31, 2017",health and nutrition,health,title,"Where do you live? Does it affect your health? Does it affect your eating habits? Of course, it does! Many factors play into your lifestyle, including geographical factors. A region’s weather, sunlight amount, air quality, accessibility to outdoor physical activity, and availability of various foods",2026-10-04
https://ifanca.org/resources/the-hunt-for-healthy-kids-meals/,The Hunt for Healthy Kids’ Meals,Article,,"March 31, 2017",health and nutrition,health,title,"Growing up, our family would go out to eat mainly to celebrate special occasions like birthdays, anniversaries, graduations, etc. Eating out was a luxury and not a common practice for us. It was a real treat to go to a restaurant as a kid, but there were not as many halal food options back then as t",2026-10-04
https://ifanca.org/resources/spring-smoothie/,Spring Smoothie,Recipe,,"March 31, 2017",recipes,type=Recipe,listing type,"Servings: 2 Ingredients 2 cups Organic Valley milk 1 large banana 1 cup fresh mango, sliced 1 teaspoon cinnamon 1 teaspoon honey 1 tablespoon fresh ginger, grated 1 cup ice 1 fresh stalk of mint Step 1 Add all ingredients except mint to a blender and pulse until smooth and creamy. Step 2 Top with mi",2026-10-04
https://ifanca.org/resources/egg-salad/,Egg Salad,Recipe,,"March 31, 2017",recipes,type=Recipe,listing type,"Servings: 6 Ingredients 8 large hard-boiled eggs 2 tablespoons mayonnaise 1 teaspoon yellow mustard ¾ teaspoon salt ½ teaspoon pepper ¼ teaspoon paprika Step 1 Chop up the hard-boiled eggs. Step 2 Add the remaining ingredients and combine well. Step 3 Serve on bread, toast, or with crackers. Enjoy!",2026-10-04
https://ifanca.org/resources/curried-red-lentils/,Curried Red Lentils,Recipe,,"March 31, 2017",recipes,type=Recipe,listing type,"Servings: 6 Ingredients 2 tablespoons vegetable oil 1 large onion, finely chopped 2 large carrots, finely chopped 1 rib celery, finely chopped 3 cloves garlic, minced 2 tablespoons curry powder 6 cups Saffron Road™ Classic Culinary Vegetable Broth 1½ cups dried red lentils, washed and sorted 2 teasp",2026-10-04
https://ifanca.org/resources/shaved-asparagus-citrus-salad/,Shaved Asparagus Citrus Salad,Recipe,,"March 31, 2017",recipes,type=Recipe,listing type,"Servings: 6 Ingredients ⅓ cup finely chopped shallots ¼ cup lemon juice 1 teaspoon mustard 1 teaspoon honey 1 pound asparagus 2 tablespoons finely chopped fresh mint 2 tablespoons finely chopped fresh parsley Step 1 In a large bowl, whisk together shallots, lemon juice, mustard, and honey. Step 2 Re",2026-10-04
https://ifanca.org/resources/l-cysteine-a-friend-to-our-bodies/,L-Cysteine: A Friend to Our Bodies,Article,,"March 31, 2017",ingredients,l-cysteine,title,"I say “calcium,” you say “strong bones.” I say “vitamin C,” you say “cold prevention.” I say “L-cysteine,” you say “what?” Though unfamiliar to most of us, L-cysteine is a substance our bodies make and use on a daily basis. It is a non-essential amino acid, however, when a person is stressed or phys",2026-10-04
https://ifanca.org/resources/extraordinary-barley/,Extraordinary Barley,Article,,"March 31, 2017",other,,no match,"When I used to think of barley, I imagined a plain, bland box of cereal. Of course, who in their right mind would choose an ordinary box of barley cereal when there is a plethora of more colorful, fruity, and exciting options? Naturally, we are drawn to foods that are eye-catching, aromatic, and fam",2026-10-04
https://ifanca.org/resources/fasting-for-your-health/,Fasting for Your Health,Article,,"March 31, 2017",health and nutrition,health,title,"While it may not feel like a stride for a healthier body when Muslims brave 16-hour days of no food or water in Ramadan, some are emulating the practice outside of religious edicts as a way to jumpstart weight loss, increase lifespans, and stave off diseases. Intermittent fasting has become an avenu",2026-10-04
https://ifanca.org/resources/fueling-the-body-with-fermented-foods/,Fueling the Body with Fermented Foods,Article,,"March 31, 2017",health and nutrition,foods,title,"While seeds and nuts will continue to reign supreme as the top superfoods for 2017, registered dietitians are simultaneously singing the praises of fermented foods like cultured yogurt and sauerkraut, according to national food trend survey “What’s Trending in Nutrition.” The survey, conducted in De",2026-10-04
https://ifanca.org/resources/from-the-publishers-desk-spring-2017/,From the Publisher’s Desk,Editorial,,"March 31, 2017",other,,no match,"Assalamu Alaikum, Once in a while we hear someone question the need for halal certification. While it is surprising to learn anyone in the United States is unaware of the need, it may be useful to occasionally remind ourselves why halal certification is necessary. When consumers used to get their me",2026-10-04
https://ifanca.org/resources/editors-note-spring-2017/,Editor’s Note,Editorial,,"March 31, 2017",other,,no match,"Assalamu Alaikum, Ramadan is fast-approaching, but do you ever fast outside of this blessed month? Some studies suggest infrequent fasting could be good for your health. Find out more in “ Fasting for Your Health .” Something else good for your health? Fermented foods! If you’re not familiar with th",2026-10-04
https://ifanca.org/resources/homemade-face-wash/,Homemade Face Wash,Recipe,,"December 31, 2016",recipes,type=Recipe,listing type,Ingredients ½ teaspoon sweet almond oil ½ cup castile soap 20 drops essential oil of choice ⅔ cups distilled water Step 1 Pour the sweet almond oil and castile soap into a foaming soap dispenser. Step 2 Add the essential oil; swirl to combine. Step 3 Fill the container with distilled water and screw,2026-10-04
https://ifanca.org/resources/immune-boosting-roller/,Immune Boosting Roller,Article,,"December 31, 2016",health and nutrition,immun,title,Ingredients 20 drops thieves 20 drops frankincense 20 drops lemon 1 tablespoon grapeseed oil Step 1 Mix all ingredients in a 15-milliliter roller bottle. Step 2 Apply to the bottoms of feet and cover with socks before bed.,2026-10-04
https://ifanca.org/resources/non-toxic-household-cleaner/,Non-Toxic Household Cleaner,Article,,"December 31, 2016",other,,no match,"Ingredients 16-ounce glass spray bottle 30 drops Sentry ¼ cup rubbing alcohol 1¾ cups water Step 1 Place oil and alcohol into the spray bottle. Step 2 Fill the rest of the bottle with water. Step 3 Use to clean countertops, bathrooms, floors, etc.",2026-10-04
https://ifanca.org/resources/the-power-of-a-single-drop-could-essential-oils-be-the-cure/,The Power of a Single Drop: Could Essential Oils Be the Cure?,Article,,"December 31, 2016",other,,no match,"Ward away bed bugs, get rid of your acne, and regulate your digestive system—all with just a few drops of essential oil. That’s the claim, but could it possibly be true? Essential oils may currently be all the rage, but that doesn’t mean they’re new to the scene. Actually, these potent plant-based e",2026-10-04
https://ifanca.org/resources/food-for-thought-understanding-food-addiction/,Food for Thought: Understanding Food Addiction,Article,,"December 31, 2016",health and nutrition,food,title,"Some foods are just easy to love. Try as we might to resist chocolate cake, potato chips, or soda pop, as soon as we have the chance, we cave and we devour, often reaching for seconds. Before you let the guilt settle, take note: food addiction is more than just a self-diagnosed lack of willpower. Sc",2026-10-04
https://ifanca.org/resources/banana-bread/,Banana Bread,Recipe,,"December 31, 2016",recipes,type=Recipe,listing type,"Servings: 10-12 Ingredients 3 ripe bananas ½ cup sugar 1 egg 1½ cups flour of your choice cup ¼ vegetable oil 1 teaspoon salt 1 teaspoon baking soda ½ cup chopped walnuts, optional Step 1 Preheat oven to 325°F. Step 2 Mash bananas with a fork. Step 3 Stir in remaining ingredients until well combined",2026-10-04
https://ifanca.org/resources/triple-berry-smoothie/,Triple Berry Smoothie,Recipe,,"December 31, 2016",recipes,type=Recipe,listing type,Servings: 1 Ingredients 1 banana 1 kiwi ½ apple 1 cup black seedless grapes 3 tablespoons organic honey 1 teaspoon of turmeric powder 1 tablespoon kalonji 3 tablespoons Cabot Greek-Style Yogurt 2 tablespoons walnuts frozen triple berry mix frozen blueberries frozen strawberries 100% grape juice (no ,2026-10-04
https://ifanca.org/resources/slow-cooker-fasoolia-khadra-beef-and-green-bean-stew/,Slow-Cooker Fasoolia Khadra (Beef and Green Bean Stew),Recipe,,"December 31, 2016",recipes,type=Recipe,listing type,"Servings: 10-12 Ingredients 2 pounds halal beef chuck, cut in chunks 1 medium onion, diced 2 (26.46-ounce) boxes chopped/diced tomatoes 2 cloves garlic, chopped or minced 2 pounds green beans, fresh (trimmed) or frozen 1 tablespoon 7-spice blend 3 teaspoons salt, divided 1½ teaspoons pepper, divided",2026-10-04
https://ifanca.org/resources/savory-spicy-winter-muffins/,Savory Spicy Winter Muffins,Recipe,,"December 31, 2016",recipes,type=Recipe,listing type,"Servings: 12-14 Ingredients 2¼ cups flour of your choice ⅔ cup brown sugar ½ cup sugar 2 teaspoons cinnamon ⅛ teaspoon nutmeg ⅛ teaspoon allspice ⅛ teaspoon cloves teaspoon ⅛ teaspoon ginger 2½ teaspoons baking powder ¼ teaspoon salt ½ cup Organic Valley® Organic Butter, softened 1 large egg ¾ cup c",2026-10-04
https://ifanca.org/resources/thiamine-a-wonder-vitamin/,Thiamine: A Wonder Vitamin,Article,,"December 31, 2016",health and nutrition,vitamin,title,"In the world of vitamins, the stars are vitamin C, vitamin D, and vitamin A, boasting the ability to improve everything from skin to eyesight to memory. However, one of the most important vitamins is an unsung hero: vitamin B1, also known as thiamine. Just as a superhero helps the police discover wh",2026-10-04
https://ifanca.org/resources/the-versatility-of-vinegar/,The Versatility of Vinegar,Article,,"December 31, 2016",ingredients,vinegar,title,"From cooking to cleaning to healing, vinegar is considered one of the most flexible ingredients when it comes to its usage. An ancient liquid dating as far back as 10,000 years, vinegar has not changed much from its origin. Named after its sour taste, vinegar comes in a variety of flavors and has a ",2026-10-04
https://ifanca.org/resources/staying-active-a-lifetime-of-fitness/,Staying Active: A Lifetime of Fitness,Article,,"December 31, 2016",health and nutrition,fitness,title,"As a tap dance instructor for over 10 years who mainly teaches children and teenagers, I’ve had the pleasure of teaching a handful of people above college age. The majority of my students have been dancing since around age three. In the last year or so however, I’ve seen more and more interest in ta",2026-10-04
https://ifanca.org/resources/healing-your-headaches/,Healing Your Headaches,Article,,"December 31, 2016",other,,no match,"After giving birth to her third child, Shereen Hussain started suffering from such debilitating migraines that she was often out of commission for days at a time. The throbbing pain would hit her right behind the eyes or at the base of her skull. The only way to deal with it was to put on a blindfol",2026-10-04
https://ifanca.org/resources/the-deets-on-detox-water/,The Deets on Detox Water,Article,,"December 31, 2016",health and nutrition,water,title,"While no one would suggest we drink the water we rinse our fruits and veggies in, a glass of water with a sprig of mint and a handful of blueberries has a certain cachet, especially when it’s called “Blueberry and Mint Infused Water.” In a similar vein, a jug of water with slices of lemon, lime, and",2026-10-04
https://ifanca.org/resources/flour-power/,Flour Power,Article,,"December 31, 2016",health and nutrition,flour,title,"Oh no! Not another article glorifying gluten, gluten-free, or gluten bashing. Don’t worry. This article will not make you feel guilty about eating a few slices of bread. In fact, it will inspire you to add variety and depth to your gastronomical experience. The “en vogue” fashion statement in the fo",2026-10-04
https://ifanca.org/resources/from-the-publishers-desk-winter-2016/,From the Publisher’s Desk,Editorial,,"December 31, 2016",other,,no match,"Assalamu Alaikum, As the year 2016 comes to an end and we welcome 2017, let me start by wishing you a Happy New Year! May 2017 bring you peace, security, happiness, and many more halal-certified products. Now is a good time to reflect on our activities and accomplishments over the past year and to p",2026-10-04
https://ifanca.org/resources/editors-note-winter-2016/,Editor’s Note,Editorial,,"December 31, 2016",other,,no match,"Assalamu Alaikum, New year, new you? That’s how the saying goes. Many of us, perhaps by tradition, like to resolve that we will be a better version of ourselves in the coming year. And many of us fail, usually because the goals we’ve set forth are too lofty. Rather than proclaiming to change your li",2026-10-04
https://ifanca.org/resources/at-war-with-food/,At War with Food,Article,,"September 30, 2016",health and nutrition,food,title,"After a little over a year of what seemed to be a blissful marriage, 19-year-old Deena Khaled* got a phone call that would change her life forever. Her husband, who was temporarily 6,500 miles away, told her he wanted a divorce. Yes. He gave her the news over the phone. “His decision came out of now",2026-10-04
https://ifanca.org/resources/a-look-at-yoga-and-islam/,A Look at Yoga & Islam,Article,,"September 30, 2016",health and nutrition,yoga,title,"Intuition is an instinctive feeling rather than a conscious reasoning. Studies indicate that intuition plays a major role in our lives, telling us when to keep going with a decision or when to back down. However, throughout our lives, we can become so clouded with thoughts, expectations, and societa",2026-10-04
https://ifanca.org/resources/roasted-vegetable-risotto/,Roasted Vegetable Risotto,Recipe,,"September 30, 2016",recipes,type=Recipe,listing type,"Servings: 4–6 Ingredients 2 large carrots, peeled and cubed 2 potatoes, peeled and cubed 1 bunch haricot verts, cut in half 1 medium red onion, chopped 4 tablespoons extra virgin olive oil 2 cloves garlic, chopped 2 sprigs rosemary 4½ cups Saffron Road™ All Natural Traditional Chicken Broth 1½ cups ",2026-10-04
https://ifanca.org/resources/pumpkin-power-smoothie/,Pumpkin Power Smoothie,Recipe,,"September 30, 2016",recipes,type=Recipe,listing type,Servings: 1 Ingredients 2 tablespoons pumpkin puree ¼ cup Cabot Greek-Style Yogurt 1½ cups Organic Valley® Organic Lowfat 1% Milk 1 scoop Abbott EAS Complete Protein Powder Nutrition Shake Mix Vanilla (optional) ¼ teaspoon cinnamon handful of ice Step 1 Blend all ingredients for 30 seconds in a blen,2026-10-04
https://ifanca.org/resources/butternut-squash-chickpea-and-lentil-stew/,"Butternut Squash, Chickpea, and Lentil Stew",Recipe,,"September 30, 2016",recipes,type=Recipe,listing type,"Servings: 8–10 Ingredients ¾ cup dried chickpeas 2 pounds butternut squash, peeled, seeded, and cut into 1-inch cubes 4 medium carrots, peeled and largely chopped 1 large onion, chopped 1 cup red lentils 4 cups Saffron Road™ All Natural Classic Culinary Vegetable Broth 3 tablespoons tomato paste 1 t",2026-10-04
https://ifanca.org/resources/paleo-breakfast-of-champions/,Paleo Breakfast of Champions,Recipe,,"September 30, 2016",recipes,type=Recipe,listing type,"Servings: 2 Ingredients 1 tablespoon extra-virgin olive oil 2 tablespoons Organic Valley® Organic Butter 2 garlic cloves, minced ¼ cup sweet white onion, chopped 1 cup yellow squash, chopped ½ cup mushroom, sliced pinch salt pinch pepper 1 cup cherry tomatoes, halved 1 cup fresh spinach, chopped 4 e",2026-10-04
https://ifanca.org/resources/the-enzyme-enigma/,The Enzyme Enigma,Article,,"September 30, 2016",ingredients,enzyme,title,"The word “enzyme” probably brings you back to your high school biology class. If you have an elephant’s memory, you likely can utter the phrase “enzymes are catalysts,” but what does that really mean? And how does that apply to you now as a halal consumer? What is the role of enzymes in the human bo",2026-10-04
https://ifanca.org/resources/dont-be-bored-by-gourd/,Don’t Be Bored by Gourd,Article,,"September 30, 2016",other,,no match,"Whether it’s cheesy squash and zucchini casserole or a heart-healthy butternut squash salad, or even a traditional pumpkin pie, squash has amazing variety and taste. Many people think of squash as a vegetable. But among botanists, it is considered a fruit because it contains the seeds of the plant. ",2026-10-04
https://ifanca.org/resources/choosing-wisely-the-best-ways-to-get-your-daily-dose-of-carbs/,Choosing Wisely: The Best Ways to Get Your Daily Dose of Carbs,Article,,"September 30, 2016",health and nutrition,nutrition,opening text,"In the extra-cheese, super-sized world we live in today, many of us have found it difficult, if not impossible, to maintain a healthy body weight. As the obesity and diabetes epidemics began to spread throughout the United States, doctors, nutritionists, and researchers began to scramble to understa",2026-10-04
https://ifanca.org/resources/a-greasy-situation-your-guide-to-cooking-oils/,A Greasy Situation: Your Guide to Cooking Oils,Article,,"September 30, 2016",health and nutrition,cook,title,Grocery shopping has become a difficult task over the years as the number of products has increased exponentially. How do you choose the best products when there are so many different variations of the same item? Bread has a whole side of an aisle all to itself! Head over to the oil aisle and you’ll,2026-10-04
https://ifanca.org/resources/specialty-diets-fad-or-for-real/,Specialty Diets: Fad or for Real?,Article,,"September 30, 2016",health and nutrition,diet,title,"It’s the ultimate throwback: Eat like a caveman. The proliferation of the Paleo diet has been seemingly overnight, but the concept of it—beyond the obvious beginning in the Stone Age—first came about in the 70s. A 2002 book by Loren Cordain codified the rules of it, but it took a decade for the idea",2026-10-04
https://ifanca.org/resources/from-the-publishers-desk-fall-2016/,From the Publisher’s Desk,Editorial,,"September 30, 2016",other,,no match,"Assalamu Alaikum, The IFANCA family endured another sad day on July 8 with the news of the passing away of Br. Ali (Allen) Hamood. I have known Br. Hamood for nearly 35 years, as we met in Chicago in 1980 to create a halal awareness group. He became one of the founders of IFANCA and served on the Bo",2026-10-04
https://ifanca.org/resources/editors-note-fall-2016/,Editor’s Note,Editorial,,"September 30, 2016",other,,no match,"Assalamu Alaikum, Summer is officially over. Eid ul-Adha has come and gone. The kids are back in school. When the seasons change, quite often, so too do our diets. Nothing too dramatic usually—trading in the grill for the oven, adding hearty soups to the menu, replacing light summer salads with heav",2026-10-04
https://ifanca.org/resources/battle-royale-which-food-storage-method-is-best/,Battle Royale: Which Food Storage Method Is Best?,Article,,"June 30, 2016",health and nutrition,food,title,"Before the refrigerator was invented, people used a variety of food storage methods. Some collected ice from mountains, others placed food in brine or salt water, and still others would dig holes in the ground to access the cooler temperatures. Lowering the temperatures of foods prevents or slows th",2026-10-04
https://ifanca.org/resources/halalification-more-than-a-pinch-of-imagination/,Halalification: More Than a Pinch of Imagination,Article,,"June 30, 2016",other,,no match,"When it’s time to “halalize” a French, Puerto Rican, or other ethnic recipe, swapping pork with halal beef or chicken is just the beginning. Asma Ahad, director of halal market development at IFANCA, calls herself a below average cook and says she has no option but to follow recipes exactly. That is",2026-10-04
https://ifanca.org/resources/lemon-kulfi/,Lemon Kulfi,Recipe,,"June 30, 2016",recipes,type=Recipe,listing type,"Servings: 4-6 Ingredients 1¼ cup evaporated milk 1¼ cup sweetened condensed milk 1 cup Organic Valley® Organic Heavy Whipping Cream 5 slices white bread, cubed 1 teaspoon halal vanilla flavor zest of 1 lemon ½ teaspoon of ground cardamom Step 1 Blend evaporated milk, condensed milk, heavy whipping c",2026-10-04
https://ifanca.org/resources/sparkling-pomegranate-and-mint-cooler/,Sparkling Pomegranate and Mint Cooler,Recipe,,"June 30, 2016",recipes,type=Recipe,listing type,Servings: 2-4 Ingredients 4 cups pomegranate seeds 1 cup water 1 cup POM® Wonderful Pomegranate Juice 4 tablespoons simple syrup 1 bunch mint 1 cup sparkling lemonade Step 1 Blend pomegranate seeds with water; strain mixture into pitcher. Discard remaining seeds. Step 2 Stir in pomegranate juice and,2026-10-04
https://ifanca.org/resources/perfect-tomato-cream-sauce-with-pasta/,Perfect Tomato Cream Sauce with Pasta,Recipe,,"June 30, 2016",recipes,type=Recipe,listing type,"Servings: 4 Ingredients 1 small onion, diced 1 tablespoon olive oil 1 clove garlic, minced 33.5 ounces tomato sauce 1 teaspoon salt ½ teaspoon black pepper 1 teaspoon dried basil 2 tablespoons Organic Valley® Cream Cheese OR Tofutti® Better Than Cream Cheese (Vegan) 1 pound cooked pasta (fettucine, ",2026-10-04
https://ifanca.org/resources/corn-cakes-with-tomato-avocado-relish/,Corn Cakes with Tomato Avocado Relish,Recipe,,"June 30, 2016",recipes,type=Recipe,listing type,"Servings: 4, makes 10–12 cakes Ingredients Corn Cakes 3 cups raw corn kernels or canned sweet corn 1 cup all-purpose flour ½ cup cornmeal ¼ red onion, finely diced ¼ cup fresh basil leaves, thinly sliced 1 teaspoon baking powder ½ teaspoon baking soda salt and pepper 1 jalapeño, seeded and diced ½ c",2026-10-04
https://ifanca.org/resources/sauteed-kale/,Sautéed Kale,Recipe,,"June 30, 2016",recipes,type=Recipe,listing type,"Servings: 4 Ingredients 2 tablespoons extra-virgin olive oil 2 cloves garlic, minced 1 medium bell pepper, chopped 1 medium onion, chopped ½ cup celery, chopped salt and pepper to taste ½ teaspoon crushed red pepper 5 cups fresh kale, ribs removed, coarsely chopped 2 cups water ½ cup tomato paste 1 ",2026-10-04
https://ifanca.org/resources/refreshing-watermelon-shrimp-salad/,Refreshing Watermelon Shrimp Salad,Recipe,,"June 30, 2016",recipes,type=Recipe,listing type,"Servings: 6 Ingredients 3 tablespoons extra-virgin olive oil 1 pound frozen, fully cooked medium shrimp, thawed 1 medium red onion, julienned 4 cups watermelon, chopped 2 jalapeños, chopped (ribs and seeds removed for less heat) 2 avocados, chopped juice of 1 lime 1 teaspoon organic honey ¾ teaspoon",2026-10-04
https://ifanca.org/resources/summers-favorite-melon/,Summer’s Favorite Melon,Article,,"June 30, 2016",other,,no match,"It’s the first barbecue of the summer. The sounds of children yelling as they run through the bright green grass, adults chattering, and a warm breeze weaving through the trees fill your ears. As you walk through the buffet, you pick up a buttery corn on the cob and a juicy hamburger. You’re about t",2026-10-04
https://ifanca.org/resources/what-are-you-in-the-mood-for/,What Are You in the Mood for?,Article,,"June 30, 2016",other,,no match,"It’s 5 p.m., time for Asr (afternoon) prayer, and you just finished a long day at work. Tired? Cranky? Don’t reach for that bag of halal gummy bears or cup of Joe just yet. With candy or coffee, you’ll only get 15 minutes of energy before you crash and are left without energy to complete your evenin",2026-10-04
https://ifanca.org/resources/store-to-door-the-convenience-of-grocery-delivery/,Store-to-Door: The Convenience of Grocery Delivery,Article,,"June 30, 2016",other,,no match,"On the advice of her daughter, Carolyn Keish signed up for weekly grocery deliveries through Peapod.com, an online retailer that brings necessities right to her home. The delivery person even unloads the items straight to her kitchen so she doesn’t have to worry about picking up heavy bottles of jui",2026-10-04
https://ifanca.org/resources/avocado-kale-and-coconut-the-trend-that-wont-end/,"Avocado, Kale, and Coconut: The Trend That Won’t End",Article,,"June 30, 2016",health and nutrition,nutrition,opening text,"Creamy avocado, verdant kale, and tropical coconut are foods that are now seen regularly on restaurant menus and frequently on the shopping lists of home cooks. With an emphasis on super foods, and the desire for many of us to get the most nutritional bang for our buck, foods such as kale, coconut, ",2026-10-04
https://ifanca.org/resources/from-the-publishers-desk-summer-2016/,From the Publisher’s Desk,Editorial,,"June 30, 2016",other,,no match,"Assalamu Alaikum, In the food industry, consumer trends guide what food manufacturers produce. One might say the “consumer is king” when it comes to the variety and availability of food products. Of course, consumer trends vary in different parts of the world and the multinational food companies dev",2026-10-04
https://ifanca.org/resources/editors-note-summer-2016/,Editor’s Note,Editorial,,"June 30, 2016",other,,no match,"Assalamu Alaikum, Summer, summer, summertime. It’s hot, the days are long. God-willing Ramadan has been treating you well. Only a few days remain. Have you been re-hydrating yourself with “ Summer’s Favorite Melon ”? Of course, I’m talking about watermelon. Did you know there are more varieties than",2026-10-04
https://ifanca.org/resources/food-waste-management/,Food Waste Management,Article,,"March 31, 2016",health and nutrition,food,title,"After every meal, my father would carefully and meticulously pick up each fallen crumb off the dining table with his fingertips. He would then make sure every morsel was eaten and nothing was left behind. As a child, I did not think much of this habit until one day he finally decided to tell me why ",2026-10-04
https://ifanca.org/resources/halal-is-mainstream/,Halal Is Mainstream,Article,,"March 31, 2016",other,,no match,"In the past few years, the availability of halal products in mainstream venues has seemed to grow significantly. Taking Chicago as an example, Muslim consumers have a plethora of choices: the traditional zabiha butchers available in clusters around the city, as well as chains such as a local grocery",2026-10-04
https://ifanca.org/resources/golden-milk/,Golden Milk,Recipe,,"March 31, 2016",recipes,type=Recipe,listing type,"Servings: 1 Ingredients 2 cups almond or coconut milk 1 teaspoon powdered turmeric 1 teaspoon powdered ginger 1 sprinkle black pepper 1 sprinkle cayenne pepper 1 sprinkle nutmeg honey and cinnamon to taste Step 1 Place almond/coconut milk in a medium-sized pot. Add turmeric, ginger, black pepper, ca",2026-10-04
https://ifanca.org/resources/rosewater-macarons/,Rosewater Macarons,Recipe,,"March 31, 2016",recipes,type=Recipe,listing type,"Servings: 15 macaroons Ingredients ½ cup, plus 2 tablespoons almond flour 1 cup powdered sugar 2 egg whites, room temperature 8 drops pink food coloring 5 tablespoons granulated sugar 4 ounces cream cheese, room temperature ⅓ cup powdered sugar 1 teaspoon rosewater ½ teaspoon halal vanilla flavor St",2026-10-04
https://ifanca.org/resources/spinach-and-endive-salad-with-crusted-scallops/,Spinach and Endive Salad with Crusted Scallops,Recipe,,"March 31, 2016",recipes,type=Recipe,listing type,"Servings: 4-6 Ingredients Tangerine Vinaigrette 1 tablespoon red onion, minced 1 teaspoon garlic, minced 2 teaspoons mixed chives, tarragon, dill, chopped 2 tablespoons extra virgin olive oil ½ cup apple cider vinegar ½ teaspoon tangerine or orange zest 2 tablespoons tangerine or orange juice ¼ teas",2026-10-04
https://ifanca.org/resources/mushroom-spinach-and-asparagus-frittata/,"Mushroom, Spinach, and Asparagus Frittata",Recipe,,"March 31, 2016",recipes,type=Recipe,listing type,"Servings: 4-6 Ingredients 2 tablespoons olive oil 10 Cremini mushrooms, sliced 10 ounces fresh spinach, chopped ½ bunch asparagus, sliced 2 cloves garlic, crushed 8 eggs 2 egg yolks 4 tablespoons Organic Valley® Organic Whole Milk ½ cup grated parmesan cheese 1 tablespoon Organic Valley® Butter sea ",2026-10-04
https://ifanca.org/resources/milk-a-choice-beverage/,Milk: A Choice Beverage,Article,,"March 31, 2016",other,,no match,"God loves his servants and wants them to live happy, healthy lives. Through His perfect religion, God gives His followers the keys to success. In order to have a healthy body, one must select healthy foods; after all, you are what you eat. In His divine manner, God sent His people signs through the ",2026-10-04
https://ifanca.org/resources/how-diluting-face-to-face-contact-is-making-us-unhealthier-unhappier/,"How Diluting Face-to-Face Contact Is Making Us Unhealthier, Unhappier",Article,,"March 31, 2016",health and nutrition,health,title,"Facebook posts, reminding us that our cell phones draw us closer to those far away while distancing us from those close at hand, make the rounds ironically via social media. In an age where Facebook and Snapchat are the main means to stay abreast of our loved ones’ lives, connecting face-to-face, or",2026-10-04
https://ifanca.org/resources/marathon-training-its-more-than-just-running/,Marathon Training: It’s More Than Just Running,Article,,"March 31, 2016",health and nutrition,exercise,opening text,"The first step in training for a marathon may be the most significant one. Making a firm decision to take on 26.2 miles gives runners a definitive goal and makes it easier to keep going when hitting hurdles along the way. As much as preparation involves pushing physical boundaries, it’s also very mu",2026-10-04
https://ifanca.org/resources/the-spice-of-life/,The Spice of Life,Article,,"March 31, 2016",health and nutrition,spice,title,"If you opened up your spice cabinet right now, what would you see? Salt? Pepper? Maybe some garlic powder? Some of you may see more complicated blends of spices specific to ethnic cooking. And all of you would probably guarantee that your spices are what make your food taste so good. And that’s like",2026-10-04
https://ifanca.org/resources/chocolate-chia-pudding/,Chocolate Chia Pudding,Recipe,,"March 31, 2016",recipes,type=Recipe,listing type,"Servings: 1 Copyright © 2016 Roni Enten Vissoker Ingredients 1 cup unsweetened almond, coconut, or oat milk 2 tablespoons chia seeds 1 teaspoon raw cocoa powder ¼ teaspoon cinnamon ½ tablespoon maple syrup, or more to taste Step 1 Combine all ingredients in a bowl. Step 2 Refrigerate for at least 1 ",2026-10-04
https://ifanca.org/resources/almond-parmesan-topping/,Almond “Parmesan” Topping,Recipe,,"March 31, 2016",recipes,type=Recipe,listing type,"Copyright © 2016 Roni Enten Vissoker Ingredients ½ cup ground almonds/almond flour 1 teaspoon garlic powder ½ teaspoon turmeric ½ teaspoon sweet paprika ½ teaspoon sea salt Step 1 Combine all ingredients. Step 2 Shake it up and sprinkle on rice, pasta, toast, steamed veggies, and more. (Note: You ca",2026-10-04
https://ifanca.org/resources/why-consumers-are-going-nuts-over-nuts-seeds/,Why Consumers Are Going Nuts Over Nuts & Seeds,Article,,"March 31, 2016",health and nutrition,nutrition,opening text,"While trend forecasters predict seaweed may be the new kale for 2016, nuts and seeds are likely to continue to stand their ground as a leading snack food. Often dubbed a top “superfood,” these bite-sized, tasty morsels are already known for being heart-healthy, but what exactly makes them super? Eve",2026-10-04
https://ifanca.org/resources/from-the-publishers-desk-spring-2016/,From the Publisher’s Desk,Editorial,,"March 31, 2016",other,,no match,"Assalamu Alaikum, As we start a new year, we are always full of hope, looking forward to great opportunities and overcoming challenges. One area we hope to see improvement in is government oversight of scientific research. As consumers, we rely upon government authorities to ensure the safety of the",2026-10-04
https://ifanca.org/resources/editors-note-spring-2016/,Editor’s Note,Editorial,,"March 31, 2016",other,,no match,"Assalamu Alaikum, Spring is here! It seems like the season we look forward to the most; it means the cold temps are in the past. While that may not always be accurate (depending on where you live), there is a joy that we feel here in the Midwest knowing we are another step closer to summer. If you’r",2026-10-04
https://ifanca.org/resources/halal-cooking-club/,Halal Cooking Club,Article,,"December 31, 2015",health and nutrition,cook,title,"Welcome to my Halal Cooking Club. We are a group of eleven women with a true love for culinary experiences, sisterhood, and following halal. Usually we keep our dinners very private, but today we want to share some of our precious culinary travels with all of the Halal Consumer readers. How does it ",2026-10-04
https://ifanca.org/resources/ginger-beard-men/,Ginger-“Beard” Men,Recipe,,"December 31, 2015",recipes,type=Recipe,listing type,Servings: 2 dozen cookies Ingredients 3 cups flour 1½ teaspoon baking powder ¾ teaspoon baking soda ¼ teaspoon sea salt 2 tablespoons ground cinnamon 1 tablespoon ground ginger ½ teaspoons ground cloves 6 tablespoons unsalted butter ¾ cup brown sugar 1 egg ½ cup molasses 2 teaspoons halal vanilla fl,2026-10-04
https://ifanca.org/resources/slow-cooked-lamb-with-fresh-figs/,Slow Cooked Lamb with Fresh Figs,Recipe,,"December 31, 2015",recipes,type=Recipe,listing type,"Servings: 4 Ingredients 1 Vidalia onion, diced 2 stalks celery, diced 2 carrots, peeled and diced 3 cloves garlic, crushed 1 cup chicken or vegetable stock 1 cup tomatoes, chopped 2 tablespoons tomato paste 1 teaspoon fresh rosemary, chopped 1 teaspoon ginger 1 bay leaf 3 pounds halal lamb, cut into",2026-10-04
https://ifanca.org/resources/tandoori-roasted-chicken/,Tandoori Roasted Chicken,Recipe,,"December 31, 2015",recipes,type=Recipe,listing type,"Ingredients 1 whole halal roasting chicken with skin 1 large yellow onion, sliced 1 bunch cilantro ¼ cup butter, softened 3 serrano chilies, chopped 1 tablespoon garlic, chopped 3 tablespoons Tandoori spice powder 1½ tablespoons ginger garlic paste ½ teaspoon turmeric 1 teaspoon cayenne pepper 1 tea",2026-10-04
https://ifanca.org/resources/baked-sweet-potatoes-with-sliced-apples-and-figs/,Baked Sweet Potatoes with Sliced Apples and Figs,Recipe,,"December 31, 2015",recipes,type=Recipe,listing type,"Servings: 2 Ingredients 2 large sweet potatoes, washed, peeled, and chopped 1 cup figs, sliced 1 large honey crisp apple, sliced into thin wedges 1 cup water 2 tablespoons butter, divided 1 tablespoon cinnamon ½ cup brown sugar (optional) Step 1 Preheat oven to 375°F. Step 2 Lightly coat a medium-si",2026-10-04
https://ifanca.org/resources/fig-walnut-chocolate-chip-cookies/,Fig Walnut Chocolate Chip Cookies,Recipe,,"December 31, 2015",recipes,type=Recipe,listing type,"Servings: 15-20 Ingredients 3 cups almond meal 1 teaspoon baking soda 1 teaspoon salt 2 whole eggs 1 egg yolk ½ cup almond butter 1 teaspoon halal vanilla flavor ½ cup local honey 1 bag Enjoy Life Dark Chocolate Chips (dairy-free, soy-free, gluten-free) ½ cup chopped walnuts ½ cup chopped figs Step ",2026-10-04
https://ifanca.org/resources/thai-soup-with-healing-bone-broth/,Thai Soup with Healing Bone Broth,Recipe,,"December 31, 2015",recipes,type=Recipe,listing type,"Bone Broth Ingredients 2 pounds (or more) of bones from a halal source 4 cups water 1 onion, diced 2 cloves garlic, minced salt and freshly ground black pepper, to taste Directions Place the bones in a large stock pot. Pour water over the bones. Add onion and garlic. Boil for 3 to 8 hours. Season wi",2026-10-04
https://ifanca.org/resources/the-whey-of-the-world/,The “Whey” of the World,Article,,"December 31, 2015",ingredients,whey,title,"In ancient cultures, whey was considered a cure for ailments ranging from gastrointestinal discomfort to joint and muscle issues. In the food/dairy industry, it was once considered a waste product. Today, after realizing its protein content and health benefits, whey is now considered a co-product in",2026-10-04
https://ifanca.org/resources/exceptional-food-of-the-quran-figs/,Exceptional Food of the Quran: Figs,Article,,"December 31, 2015",health and nutrition,figs,title,"Ever since my son, Amro, was diagnosed with a heart condition a little over a year ago, I have become drawn to articles and information about heart-boosting foods. When these foods also happen to be mentioned in the Quran, another dimension of interest is added. One of these exceptional foods is fig",2026-10-04
https://ifanca.org/resources/battling-the-winter-blues-seasonal-affective-disorder/,Battling the Winter Blues: Seasonal Affective Disorder,Article,,"December 31, 2015",other,,no match,"The cool air brings a majestic change as lush, heavenly greens turn to rich yellows, reds, and oranges, and finally to a bare, cold tree. A change in season is not only accompanied by the change in weather; for some it can be accompanied by a change in mood, a depression called Seasonal Affective Di",2026-10-04
https://ifanca.org/resources/itching-for-a-cure-dealing-with-eczema/,Itching for a Cure: Dealing with Eczema,Article,,"December 31, 2015",health and nutrition,eczema,title,"When it comes to eczema, many are itching for a cure. Before reaching for the typical medications and creams, it’s important to consider possible longer-lasting and safer remedies. As a chronic condition with no one cause or remedy, understanding the disease is crucial in order to determine how to g",2026-10-04
https://ifanca.org/resources/classics-with-a-twist/,Classics with a Twist,Article,,"December 31, 2015",other,,no match,"No, it’s not coffee. It’s Bulletproof coffee, aka buttered coffee, and it’s trending on social media. Made by blending coconut oil and unsalted, grass-fed butter into your coffee, the concoction promises to deliver both “mental clarity and sustained energy,” according to enthusiasts. Talk about a cl",2026-10-04
https://ifanca.org/resources/how-does-your-indoor-garden-grow/,How Does Your Indoor Garden Grow?,Article,,"December 31, 2015",other,,no match,"In urban landscapes, anyone who wants to have the experience of growing food turns to indoor gardening out of necessity. There simply isn’t much accessibility to outdoor plots in most apartment complexes, and food deserts make produce sparsely accessible. However, even those with expanses of land tu",2026-10-04
https://ifanca.org/resources/from-the-publishers-desk-winter-2015/,From the Publisher’s Desk,Editorial,,"December 31, 2015",other,,no match,"Assalamu Alaikum In the early hours of November 24, it was with great sadness and a heavy heart that I received the news of the passing of Dr. Ahmad H. Sakr. I have known Dr. Sakr for nearly 40 years. He was my colleague at IFANCA, a friend in life, and confidant in social issues. He preceded me at ",2026-10-04
https://ifanca.org/resources/editors-note-winter-2015/,Editor’s Note,Editorial,,"December 31, 2015",other,,no match,"Assalamu Alaikum Winter is officially upon us. Comforting meals are starting to make a regular rotation on the dinner table, whether that means lasagna or lentils, mac n’ cheese or maqluba . But sometimes creative chefs give these classics a makeover. I once heard of a woman who decided to make her ",2026-10-04
https://ifanca.org/resources/family-time-in-the-kitchen/,Family Time in the Kitchen,Article,,"September 30, 2015",health and nutrition,kitchen,title,"One of the greatest gifts we have been blessed with is food. In this gift, there is a great power, the power of bringing families together, no matter what faith or ethnicity. Let’s take a look at what families whip up together and how they do it, whether they have a young family, teenage children, o",2026-10-04
https://ifanca.org/resources/faith-and-tradition-this-eid-ul-adha/,Faith and Tradition This Eid-ul-Adha,Article,,"September 30, 2015",community and events,eid,title,There are many challenges that Muslims living in non-Muslim majority countries face for which there are no simple answers. Often compromises have to be made in order to practice faith in a way that we believe to be as close as possible to that prescribed by Prophet Muhammad (Peace Be Upon Him [PBUH],2026-10-04
https://ifanca.org/resources/kitchen-must-haves/,Kitchen Must-Haves,Article,,"September 30, 2015",health and nutrition,kitchen,title,"The kitchen can be an intimidating place, especially for a novice. When you’re just mastering the intricacies of everyday meal preparation, the thought of learning how to use— or even making something that requires—a food mill or a citrus reamer can be overwhelming. Sure, buying the latest gadgets m",2026-10-04
https://ifanca.org/resources/healthy-chicken-nuggets-baked-or-sauteed/,"Healthy Chicken Nuggets, Baked or Sautéed",Recipe,,"September 30, 2015",recipes,type=Recipe,listing type,"Ingredients 1 pound Maple Lodge Farms Zabiha Halal Boneless , Skinless Chicken Breasts, cut into bite-sized pieces ¾ cup golden flaxseed meal ½ teaspoon salt ¼ teaspoon black pepper ½ teaspoon garlic powder ½ teaspoon paprika 1–2 tablespoons coconut oil Directions Combine flaxseed meal with salt, pe",2026-10-04
https://ifanca.org/resources/roasted-root-vegetables/,Roasted Root Vegetables,Recipe,,"September 30, 2015",recipes,type=Recipe,listing type,"Servings: 6 Ingredients 1 cup raw beets, diced 4 carrots, diced 1 onion, diced 2 cups red potatoes, diced 4 cloves garlic, minced ¼ cup canned garbanzo beans (chickpeas), drained 2 tablespoons extra-virgin olive oil 1 tablespoon dried rosemary 1 cup beet greens, washed and chopped salt and pepper to",2026-10-04
https://ifanca.org/resources/open-face-crab-salad-sandwich/,Open Face Crab Salad Sandwich,Recipe,,"September 30, 2015",recipes,type=Recipe,listing type,"Servings: 1 Ingredients 1 ciabatta bread loaf, sliced in half 3 ounces imitation crab meat (pollack fish) 1 tablespoon low-fat honey mustard ½ teaspoon black pepper 1 tablespoon artichoke hummus ½ cup fresh baby spinach ½ cup alfalfa sprouts 1 ounce Cabot Pepper Jack Light Cheese Step 1 In a small m",2026-10-04
https://ifanca.org/resources/spotlight-on-maple-lodge-farms/,Spotlight on Maple Lodge Farms,Spotlight,,"September 30, 2015",industry and certification,type=Spotlight (company profile),listing type,"When consumers think about “halal,” meat is often the first item to come to mind. While “halal” relates to much more than that, finding certified halal meat products is not always an easy feat. In Canada, look no further than IFANCA halal-certified Maple Lodge Farms, the first company there to offer",2026-10-04
https://ifanca.org/resources/sloppy-joe/,Sloppy Joe,Recipe,,"September 30, 2015",recipes,type=Recipe,listing type,Preparation Time: 5-7 minutes | Cooking Time: 20-25 minutes Ingredients ½ lb extra lean ground beef 1 medium finely chopped onion 1 finely chopped garlic ½ teaspoon ground black pepper salt to taste 1 green finely chopped banana pepper (remove seeds) 4-6 tablespoons of any cooking oil 4-6 hot dog bu,2026-10-04
https://ifanca.org/resources/give-beets-a-chance/,Give Beets a Chance,Article,,"September 30, 2015",other,,no match,"Your first memory of eating beets may have been unpleasant. Those strange, blood-red slices were doused in vinegar, oil, and salt. Despite their appearance and taste, your mother encouraged you to eat them as they were very good for you. Now, beets have finally squashed their reputation as a seeming",2026-10-04
https://ifanca.org/resources/living-with-thyroid-disfunction/,Living with Thyroid Disfunction,Article,,"September 30, 2015",other,,no match,"Ali Hussain* knew something did not seem right with his health. He was only 25, yet his body was quickly going through some very unusual changes. He had suddenly dropped over 30 pounds in a matter of months. Hussain noticed his hands would tremble, and he was constantly shaky and nervous. He would s",2026-10-04
https://ifanca.org/resources/the-healthy-diet-choosing-quality-over-quantity/,The Healthy Diet: Choosing Quality Over Quantity,Article,,"September 30, 2015",health and nutrition,health,title,"That feeling when you stop after eating half of a hamburger and tell yourself that enough is enough and you can save the rest for dinner? It’s pretty empowering. But, we have to ask ourselves—how much did it actually benefit us? Did “watching my calories” really help slide the needle down on the sca",2026-10-04
https://ifanca.org/resources/halal-and-healthy-on-the-go/,Halal and Healthy on the Go,Article,,"September 30, 2015",health and nutrition,health,title,"Most people will agree that having a tasty meal or snack is something we all look forward to. The great news is that good food doesn’t have to be packed with unnecessary calories or hard to come upon. Now, with the back to school scurry in full swing, it is also important to remember that we need to",2026-10-04
https://ifanca.org/resources/from-the-publishers-desk-fall-2015/,From the Publisher’s Desk,Editorial,,"September 30, 2015",other,,no match,"Assalamu Alaikum Over the years, we have heard many questions about the integrity of the halal meat in the marketplace. How was it slaughtered? What was the animal fed? Was the animal given antibiotics and hormones? Was the animal stunned prior to slaughter? If so, how was it stunned? If you look ou",2026-10-04
https://ifanca.org/resources/editors-note-fall-2015/,Editor’s Note,Editorial,,"September 30, 2015",other,,no match,"Assalamu Alaikum Eid Mubarak from all of us at Halal Consumer© magazine and IFANCA. Speaking of Eid, this is a time of sacrifice and if you had any questions regarding what qualifies for the sacrificial offering, you might find your answers in “ Faith and Tradition This Eid-ul-Adha .” As Eid brings ",2026-10-04
https://ifanca.org/resources/preserving-the-trust-ensuring-integrity-in-the-halal-food-industry/,Preserving the Trust: Ensuring Integrity in the Halal Food Industry,Article,,"June 30, 2015",industry and certification,industry,title,"Schaumburg, Illinois, played host to an illustrious group of people that play a critical role in the quality and production of the halal food you eat. The 17th International Halal Food Conference attracted speakers and attendees from as far away as Saudi Arabia, South Africa, and Indonesia for three",2026-10-04
https://ifanca.org/resources/culinary-kids/,Culinary Kids,Article,,"June 30, 2015",health and nutrition,kids,title,"At four years old, Eliana de Las Casas remembers creating her first recipe. For Valentine’s Day, she wanted to combine strawberries and cream cheese on bread and cut the sandwich into a heart shape. De Las Casas wasn’t proficient at spelling yet—and the ingredients were simple ones—but that first fo",2026-10-04
https://ifanca.org/resources/chocolate-hazelnut-mixed-berry-smoothie/,Chocolate Hazelnut Mixed Berry Smoothie,Recipe,,"June 30, 2015",recipes,type=Recipe,listing type,Servings: 2 Ingredients 1½ cups Organic Valley® Organic Lowfat 1% Milk 2 small bananas 4 tablespoons chocolate hazelnut spread ½ cup frozen strawberries ½ cup blueberries ½ cup blackberries ½ cup raspberries Step 1 Place all ingredients in blender and process until smooth. Step 2 Serve in a glass wi,2026-10-04
https://ifanca.org/resources/chicken-roulade/,Chicken Roulade,Recipe,,"June 30, 2015",recipes,type=Recipe,listing type,"Servings: 4-6 Ingredients 4 pounds halal boneless, skinless chicken breasts ½ bunch parsley, chopped 1 bunch basil, chopped 4 sprigs oregano, chopped 8 cloves garlic, minced ¼ cup olive oil 4 tablespoons butter 4 teaspoons sea salt cracked black pepper 4 teaspoons honey zest of 1 lemon 2 teaspoons a",2026-10-04
https://ifanca.org/resources/bombay-breakfast-wrap/,Bombay Breakfast Wrap,Recipe,,"June 30, 2015",recipes,type=Recipe,listing type,"Servings: 4-6 Ingredients 8 organic eggs 4 large Vidalia onions, thinly sliced 2 tablespoons butter 2 tablespoons olive oil 2 cloves garlic, minced 2 tablespoons ginger paste 1 tablespoon chili powder 1 teaspoon turmeric 2 teaspoons sea salt 1 teaspoon black pepper 1 bunch cilantro, chopped 2 jalape",2026-10-04
https://ifanca.org/resources/black-bean-and-cucumber-summer-salad/,Black Bean and Cucumber Summer Salad,Recipe,,"June 30, 2015",recipes,type=Recipe,listing type,"Servings: 6 Ingredients 3 English cucumbers, diced 2 (15-ounce) cans black beans, drained and rinsed 2 (15-ounce) cans corn, drained ½ red onion, chopped 1 clove garlic, minced 1½ tablespoons lime juice 1 tablespoon cilantro 1 cup green olives ½ teaspoon cumin ¼ teaspoon cayenne pepper (optional) sa",2026-10-04
https://ifanca.org/resources/spotlight-on-saffron-road-summer-2015/,Spotlight on Saffron Road™,Spotlight,,"June 30, 2015",industry and certification,type=Spotlight (company profile),listing type,"Most of us are trying to eat healthier not just meals, but snacks, too. No matter your circumstances, whether you are a singleton living alone, a professional, a stay-at-home parent…there really are never enough hours in the day. So it can be hard to create from-scratch homemade meals for dinner or ",2026-10-04
https://ifanca.org/resources/the-skinny-on-lecithin/,The Skinny on Lecithin,Article,,"June 30, 2015",health and nutrition,skin,title,"Ever wonder how salad dressings and chocolate bars stay so creamy? Or how a stick of margarine maintains its smooth texture? If it were not for an essential ingredient called lecithin, many of the food products we’ve come to enjoy might not exist. Lecithin (pronounced les-uh-thin) is a blend of natu",2026-10-04
https://ifanca.org/resources/cooling-cucumbers/,Cooling Cucumbers,Article,,"June 30, 2015",other,,no match,"Summertime is right around the corner—a time to soak up the sun on the outside and keep cool on the inside. What better way than to crunch into a crisp, cool slice of cucumber, nature’s own Freon® (minus the toxins). Many cultures and medical healing traditions around the world and throughout histor",2026-10-04
https://ifanca.org/resources/fasting-and-furious-muslim-athletes-in-ramadan/,Fasting and Furious: Muslim Athletes in Ramadan,Article,,"June 30, 2015",community and events,ramadan,title,"Have you ever used Ramadan as an excuse to be physically lazy? You wouldn’t be alone if you did. Many times we cite fasting as a reason to exert as little energy as possible. But when we look at Muslim athletes around the globe, we see the exact opposite. These amazing individuals continue to meet t",2026-10-04
https://ifanca.org/resources/breakfast-at-dinner/,Breakfast at Dinner,Article,,"June 30, 2015",health and nutrition,breakfast,title,"Food trends are very similar to fashion trends. Butter was kicked to the curb when margarine arrived, only to win favor once again when trans fat, and with it margarine, acquired a bad reputation. Sugar was a no-no up until high fructose corn syrup was deemed worse in the court of public opinion. Ov",2026-10-04
https://ifanca.org/resources/from-the-publishers-desk-summer-2015/,From the Publisher’s Desk,Editorial,,"June 30, 2015",other,,no match,"Assalamu Alaikum IFANCA concluded the 17th International Halal Food Conference here in the suburbs of Chicago. Over 115 people from 18 countries representing industry leaders, government regulators, Islamic scholars, and halal-certifying bodies were present as 37 speakers and panelists discussed and",2026-10-04
https://ifanca.org/resources/editors-note-summer-2015/,Editor’s Note,Editorial,,"June 30, 2015",other,,no match,"Assalamu Alaikum This year, the start of Ramadan almost coincides with the start of summer. Ramadan Mubarak The long, warm days make fasting more challenging and more rewarding. In “ Fasting and Furious, ” we share how athletes maintain their fast during training and provide valuable diet and routin",2026-10-04
https://ifanca.org/resources/frying-with-faith-muslim-chefs-in-the-meat-of-the-matter/,Frying with Faith: Muslim Chefs in the Meat of the Matter,Article,,"March 31, 2015",other,,no match,"When Akram Said walks into work, the last thing he is expecting is a normal day. He and his staff are on their feet from the time they come in to the time they leave. Each day brings with it a new flavor during his 10- to 14-hour shift. As a full-time sous chef at the downtown Brooklyn, New York",2026-10-04
https://ifanca.org/resources/toxic-cookware-is-it-time-to-ban-your-pots-and-pans/,Toxic Cookware: Is It Time to Ban Your Pots and Pans?,Article,,"March 31, 2015",health and nutrition,cook,title,"Most health conscious individuals try to select fresh foods, pack healthy lunches, and prepare nutritious meals. But how much thought do people give to the containers storing their lunches, the bowls holding their leftovers, and the cookware cooking their meals? And are cookware and food storage con",2026-10-04
https://ifanca.org/resources/coconut-ginger-glazed-salmon/,Coconut Ginger Glazed Salmon,Recipe,,"March 31, 2015",recipes,type=Recipe,listing type,"Servings: 4 Ingredients 3 tablespoons brown sugar 3 tablespoons coconut sauce 1 tablespoon ginger, peeled and grated 1 tablespoon lime juice 2 cloves garlic, crushed ¼ teaspoon red pepper flakes 4 (4-ounce) wild salmon fillets ¼ cup green onions, chopped 1 tablespoon sesame seeds, toasted cooking sp",2026-10-04
https://ifanca.org/resources/three-bean-chicken-chili/,Three-Bean Chicken Chili,Recipe,,"March 31, 2015",recipes,type=Recipe,listing type,"Servings: 8-10 Ingredients 1 tablespoon olive oil 1½ pounds halal chicken breast, cut into bite-size pieces 1 medium onion, chopped 1 medium green bell pepper, chopped 1-2 jalapeno peppers, seeded and finely chopped 2 teaspoons salt ½ teaspoon black pepper 1 (15-ounce) can dark red kidney beans, dra",2026-10-04
https://ifanca.org/resources/shrimp-leek-and-spinach-pasta/,"Shrimp, Leek, and Spinach Pasta",Recipe,,"March 31, 2015",recipes,type=Recipe,listing type,"Servings: 2 Ingredients 1 cup uncooked Gemelli pasta (or other short pasta) 1 pound raw, peeled, and deveined medium shrimp 2 leeks, chopped (green and white parts) 2 tablespoons olive oil 1 cup fresh spinach, chopped ¾ cup Organic Valley® Organic Half & Half or Lowfat Sour Cream Step 1 Cook pasta a",2026-10-04
https://ifanca.org/resources/no-mayo-tuna-salad/,No-Mayo Tuna Salad,Recipe,,"March 31, 2015",recipes,type=Recipe,listing type,"Servings: 1 Ingredients 1 can of tuna, drained 1 small white onion, finely chopped 1 Roma tomato, finely chopped 2 tablespoons parsley, finely chopped 1 small sweet pepper, finely chopped juice of one lime 1 teaspoon dried dill pinch black pepper Step 1 Place all ingredients in a small bowl. Stir to",2026-10-04
https://ifanca.org/resources/spotlight-on-jm-foods/,Spotlight on J&M® Foods,Spotlight,,"March 31, 2015",health and nutrition,foods,title,"J&M® Foods first achieved halal certification in 1995. President Mary Anne Jackson relates, “In 1995 My Own Meals, Inc. created its J&M Food Products Company division to focus solely on the development of the halal and zabiha halal prepared meals market. All of the products produced, marketed, and s",2026-10-04
https://ifanca.org/resources/glycerin-a-common-ingredient/,Glycerin: A Common Ingredient,Article,,"March 31, 2015",ingredients,ingredient,title,"Glycerin is an amazingly diverse ingredient, found in food, cosmetics, and pharmaceuticals. Despite its widespread use, consumers often know little about this colorless, odorless liquid. One aspect of glycerin, which is of relevance to the Muslim community, is its status as a doubtful, or mashbooh, ",2026-10-04
https://ifanca.org/resources/gods-creatures-of-the-sea/,God’s Creatures of the Sea,Article,,"March 31, 2015",other,,no match,"God prescribed foods of great benefit through the Quran and the Sunnah. One of those foods is fish. In Surat An-Nahl (The Bee), God says, “And it is He who subjected the sea for you to eat from it tender meat and to extract from it ornaments which you wear” [16:14]. Then He continues to tell us in a",2026-10-04
https://ifanca.org/resources/eat-this-not-that/,"Eat This, Not That!",Article,,"March 31, 2015",other,,no match,"These days, Americans are eating out more often. According to the United States Healthful Food Council, Americans purchase a meal or snack outside of the house 5.8 times a week. In the past, dining out was seen as an indulgence where one could forgo the rules of healthy eating for a treat. Now, as i",2026-10-04
https://ifanca.org/resources/sleep-hygiene-how-to-get-that-good-nights-sleep/,Sleep Hygiene: How to Get That Good Night’s Sleep,Article,,"March 31, 2015",health and nutrition,sleep,title,"How many times do you press the snooze button? How many times do you find yourself reaching for a cup of coffee or tea midway through the morning? And how many times do you tell yourself, “Tonight I am going to bed early,” only to find yourself failing to do so, and then repeating the same cycle day",2026-10-04
https://ifanca.org/resources/local-meets-global-flavor/,Local Meets Global Flavor,Article,,"March 31, 2015",ingredients,flavor,title,"After working in Michelin-star restaurants and experimenting with food all week, Aleem Syed, a Toronto-based chef, would want to come home and eat the Indian cuisine that he had as a child. “Running around as a chef, you have the worst hours,” he says. “On your day off, you tend to eat things that a",2026-10-04
https://ifanca.org/resources/from-the-publishers-desk-spring-2015/,From the Publisher’s Desk,Editorial,,"March 31, 2015",other,,no match,"Assalaamu Alaikum I just returned from our Halal Auditors Training Workshop in Canada. As part of our best in class halal certification service, we hold several auditor training sessions every year. Over the course of the three day workshop, we discussed a myriad of topics related to halal certifica",2026-10-04
https://ifanca.org/resources/editors-note-spring-2015/,Editor’s Note,Editorial,,"March 31, 2015",other,,no match,"Assalamu Alaikum This first issue of 2015 brings you much ‘food for thought,’ so I hope your mind is hungry. Don’t worry, there’s plenty of stomach food, too. For starters, if you like to mix Far East spices with your burger or cheesesteak you will enjoy reading “ Local Meets Global Flavor .” There ",2026-10-04
https://ifanca.org/resources/vegan-muslims-plant-based-and-proud/,Vegan Muslims: Plant-Based and Proud,Article,,"December 31, 2014",other,,no match,"Within the past few years, vegan and vegetarian dishes have become very popular. More restaurants and grocery stores are offering meatless options to their customers. Meatless Mondays have been embraced by many Americans who are looking for ways to incorporate more vegetables into their diet. With a",2026-10-04
https://ifanca.org/resources/caring-for-the-skin-god-gave-us/,Caring for the Skin God Gave Us,Article,,"December 31, 2014",health and nutrition,skin,title,"I rushed to a sink to clean the balm from my lips. The balm that had faithfully kept my lips free from cracking in harsh Chicago winters. I glanced at the suds on my hands. My head began to whirl, trying to grasp the task at hand. I started making mental notes: lip balm, hand soap, deodorant, and lo",2026-10-04
https://ifanca.org/resources/apple-spice-cake/,Apple Spice Cake,Recipe,,"December 31, 2014",recipes,type=Recipe,listing type,"Ingredients 1⅔ cup flour 1 cup brown sugar, packed 1 teaspoon baking soda ½ teaspoon salt 1½ teaspoon allspice 1 teaspoon cinnamon ½ cup water ½ cup vegetable oil ½ cup applesauce (one apple can replace the applesauce, but a little more water will be needed) 1 teaspoon apple cider vinegar Step 1 Pre",2026-10-04
https://ifanca.org/resources/vegetable-curry/,Vegetable Curry,Recipe,,"December 31, 2014",recipes,type=Recipe,listing type,"Servings: 4 Ingredients 2 tablespoons olive oil 1 large onion, diced 2 carrots, chopped 2 red potatoes, cubed ¼ head of cauliflower, chopped 1 cup mushrooms, chopped 1 tablespoon curry paste 1 teaspoon garam masala 1 (15-ounce) can diced tomatoes ½ cup chickpeas 1½ cup Saffron Road™ All Natural Clas",2026-10-04
https://ifanca.org/resources/olive-cheese-bruschetta/,Olive & Cheese Bruschetta,Recipe,,"December 31, 2014",recipes,type=Recipe,listing type,"Servings: 4 Ingredients 1 cup plum tomatoes, diced and seeded ¼ cup chopped green olives ¼ cup chopped black olives 2 tablespoons fresh basil, chopped ⅛ teaspoon salt ⅛ teaspoon freshly ground black pepper 1 clove garlic, peeled and crushed 16 (¼-inch thick) slices French bread baguette 1 cup Cabot ",2026-10-04
https://ifanca.org/resources/spotlight-on-amara-cosmetics/,Spotlight on Amara Cosmetics,Spotlight,,"December 31, 2014",industry and certification,type=Spotlight (company profile),listing type,"As Muslims, we often find ourselves reading food labels to ensure the halal status. But would you think to do so in the cosmetics aisle? Shamalia Mohamed did. She is the founder of Amara Cosmetics, the first company in North America to provide only halal-certified makeup manufactured in the United S",2026-10-04
https://ifanca.org/resources/folic-acid-the-unborn-childs-lifeline/,Folic Acid: The Unborn Child’s Lifeline,Article,,"December 31, 2014",other,,no match,"In an attempt to help prevent neural tube defects in the developing embryo, more than 70 countries around the world, including the United States, require that their flour be fortified with folic acid. Unfortunately, the amount currently required by the Food and Drug Administration (FDA) pales in com",2026-10-04
https://ifanca.org/resources/the-sweetness-of-honey/,The Sweetness of Honey,Article,,"December 31, 2014",other,,no match,"Imagine a food so valuable that ancient Egyptians used it as money, ancient Sumerians wrote about it on their world renowned clay tablets, ancient Romans used it to pay taxes, and my mom insists on stopping at the farmers market to pick up a jar or two, even when it’s cold outside. This food does ex",2026-10-04
https://ifanca.org/resources/folly-or-fodder-clearing-the-air-on-gmos/,Folly or Fodder? Clearing the Air on GMOs,Article,,"December 31, 2014",other,,no match,"Being a politically charged food subject, GMO is not an acronym taken lightly. Regardless of peoples’ GMO knowledge, most have an opinion: “It’s not natural!” “The science is good!” “It’s making us sick!” “It’s perfectly safe!” For the number of articles declaring GMOs evil, there are a competing nu",2026-10-04
https://ifanca.org/resources/stress-and-your-health/,Stress and Your Health,Article,,"December 31, 2014",health and nutrition,health,title,"Life’s everyday worries can add up to a point that seems unmanageable. Deadlines at work, a constantly crying child, problems in a marriage, exams in school… they all contribute to making you feel stressed out, which in turn can have a major effect on your physical and mental health. According to th",2026-10-04
https://ifanca.org/resources/futuristic-food-trends-not-your-mamas-kitchen-anymore/,Futuristic Food Trends: Not Your Mama’s Kitchen Anymore,Article,,"December 31, 2014",health and nutrition,food,title,"Picture, if you can, a world in which you can push a button and your dinner appears before you, ready to consume; a time in which a robot or holograph can help with tasks like prepping and cooking food, or cutting out the time it takes to find and prepare healthy food by drinking all the nutrients y",2026-10-04
https://ifanca.org/resources/a-secret-ingredient/,A Secret Ingredient,Article,,"December 31, 2014",ingredients,ingredient,title,"Looking for ways to spice up your meals? Want your in-laws to be impressed with your cooking whenever they visit for the holidays? Well, you can cook with a secret ingredient — tea! Whoops, did I say that too loud? Make any dish you serve a party for the mouth. There is such a wide variety of scrump",2026-10-04
https://ifanca.org/resources/from-the-publishers-desk-winter-2014/,From the Publisher’s Desk,Editorial,,"December 31, 2014",other,,no match,"Assalamu Alaikum As the year winds to a close, I thought I would review some of our accomplishments this year. For starters, with this fourth issue of Halal Consumer©, we will have distributed 120,000 copies of the magazine this year, all for free! If you didn’t get your copies in the mail or from a",2026-10-04
https://ifanca.org/resources/editors-note-winter-2014/,Editor’s Note,Editorial,,"December 31, 2014",other,,no match,"Assalamu Alaikum As the year comes to a close, we bring you a variety of topics from new uses for tea to printed food and many things in between. Would you pay $100 for an ounce of tea? Do you cook with tea? In “ A Secret Ingredient ” you will learn that tea is making its way into interesting",2026-10-04
https://ifanca.org/resources/development-supported-agriculture-more-than-just-a-backyard-garden/,Development-Supported Agriculture: More Than Just a Backyard Garden,Article,,"September 30, 2014",community and events,cultur,title,"As massive factory farming methods continue to be viewed as inhumane, ill-conceived, or unsanitary, educated consumers are increasingly demanding greater access to organically grown, local food. The humane handling of farm animals and the dangerous, routine use of antibiotics and chemicals is also a",2026-10-04
https://ifanca.org/resources/halal-while-traveling/,Halal While Traveling,Article,,"September 30, 2014",halal basics,traveling,title,"One of the most exciting and unique parts of travel is tasting novel foods and visiting new restaurants. At times this exciting endeavor can pose difficult challenges for Muslims adhering to a halal diet. Bacon bits, lard, alcohol, gelatin, non-vegetarian broth, and many other ingredients not compli",2026-10-04
https://ifanca.org/resources/classic-carrot-cake-with-mascarpone-cream/,Classic Carrot Cake with Mascarpone Cream,Recipe,,"September 30, 2014",recipes,type=Recipe,listing type,"Carrot Cake Ingredients 2 cups flour 2½ teaspoons ground cinnamon ½ teaspoon ground nutmeg ½ teaspoon sea salt 2 teaspoons baking soda 3 large eggs ¾ cup vegetable oil ¾ cup buttermilk 2¼ cup sugar 2 teaspoons halal vanilla flavor 2½ cups grated organic carrots 10 ounces crushed pineapple, drained 8",2026-10-04
https://ifanca.org/resources/ginger-pomegranate-chicken-with-couscous/,Ginger Pomegranate Chicken with Couscous,Recipe,,"September 30, 2014",recipes,type=Recipe,listing type,"Servings: 8 Ingredients 8 skinless chicken pieces (thigh/leg quarters or breasts) ½ teaspoon sea salt ¼ teaspoon red pepper flakes 2 tablespoons extra virgin olive oil 1 medium Vidalia onion, chopped 2 garlic cloves, minced 2 teaspoons cumin seeds 1 teaspoon garam masala 1 teaspoon all-purpose wheat",2026-10-04
https://ifanca.org/resources/dragonfruit-salad/,Dragonfruit Salad,Recipe,,"September 30, 2014",recipes,type=Recipe,listing type,"Servings: 2-3 Ingredients 2 dragonfruit, chilled 1 cup chopped mixed fresh fruit 2-3 lettuce leaves (optional) 1 tablespoon fresh mint leaves, thinly sliced (optional) 1 tablespoon honey Step 1 Cut dragonfruit in half lengthwise and scoop out the white fruit center. Step 2 Cut the white fruit in chu",2026-10-04
https://ifanca.org/resources/chai-oatmeal/,Chai Oatmeal,Recipe,,"September 30, 2014",recipes,type=Recipe,listing type,Old fashioned rolled oats meet East Indian spices for a sweet power breakfast that won’t let you down! Servings: 4 Ingredients 4 cups water ½ teaspoon ground cardamom ½ teaspoon ground cinnamon ½ teaspoon ground ginger (or to taste) ¼ teaspoon ground allspice ⅛ teaspoon ground cloves 1 pinch black p,2026-10-04
https://ifanca.org/resources/spotlight-on-organic-valley-fall-2014/,Spotlight on Organic Valley,Spotlight,,"September 30, 2014",health and nutrition,organic,title,"We’ve all heard the phrase, “Milk does a body good.” While it may be a slogan, it’s not to be argued with, as milk and dairy have known health benefits. And if you’re going to be enjoying a tall glass of milk, why not make sure it is certified halal? Organic Valley has a variety of halal-certified m",2026-10-04
https://ifanca.org/resources/a-taste-of-heaven-pomegranates/,A Taste of Heaven: Pomegranates,Article,,"September 30, 2014",other,,no match,"The pomegranate is a unique fruit known as a symbol for good health and remedy that spans across cultures, empires, and religions. The rumaan (pomegranate in Arabic) has notable mention in both the Quran and Hadith as a heavenly indulgence on Earth. The sweet, distinct fruit is mentioned as a sign o",2026-10-04
https://ifanca.org/resources/liquid-sun-its-what-the-doctor-forgot-to-order/,Liquid Sun: It’s What the Doctor Forgot to Order,Article,,"September 30, 2014",health and nutrition,vitamin,opening text,"Migraines, lower back and neck pain, poor attention and concentration, irritability, anxiety, panic attacks, insomnia, immune-dysfunction, ear infections, heart disease, the common flu — what do all these conditions have in common? It may come as a shock to many but research indicates that all these",2026-10-04
https://ifanca.org/resources/breakfast-is-best/,Breakfast Is Best,Article,,"September 30, 2014",health and nutrition,breakfast,title,"There is one thing I can never leave the house without. Without it, I feel empty. If I somehow forget it, my family stops me at the door and makes me go get it, knowing it is more important than being on time. If I don’t have it, my peers can tell through my sullen expression. My teachers can tell",2026-10-04
https://ifanca.org/resources/fighting-seasonal-allergies-the-all-natural-way/,Fighting Seasonal Allergies the All-Natural Way,Article,,"September 30, 2014",health and nutrition,allerg,title,"Are you sneezing nonstop, have nasal congestion, or perhaps a runny nose? Before you write off these symptoms as signs you’re coming down with a cold, it’s possible you’re experiencing seasonal allergies. Unlike a cold that’s caused by a virus, seasonal allergies (also called ‘hay fever’) are the re",2026-10-04
https://ifanca.org/resources/forget-apples-and-oranges-excite-your-palate-with-these-exotic-fruits/,Forget Apples & Oranges: Excite Your Palate with These Exotic Fruits,Article,,"September 30, 2014",health and nutrition,fruit,title,"They say, “An apple a day keeps the doctor away,” but doesn’t one tire of eating apples? Fruit is an important part of our daily diet, and while traditional fruits such as apples, oranges, grapes, bananas, and berries are all healthy sources of calories, sugar, and nutrients each with their own uniq",2026-10-04
https://ifanca.org/resources/three-step-cauliflower-rice/,Three-Step Cauliflower “Rice”,Recipe,,"September 30, 2014",recipes,type=Recipe,listing type,Ingredients 1 medium head cauliflower 1 tablespoon extra-virgin olive oil 1 clove garlic minced seasonings of choice Step 1 Remove outer leaves and stems from cauliflower. Step 2 Pulse florets of cauliflower in the food processor until they are the consistency of rice. Step 3 Heat oil in a large fry,2026-10-04
https://ifanca.org/resources/brighten-your-plate-with-colorful-cauliflower/,Brighten Your Plate with Colorful Cauliflower,Article,,"September 30, 2014",other,,no match,"These are tightly packed bunches in an array of colors, such as pearly white, verdant green, appealing purple, earthy brown, and even orange. No, we aren’t talking about your typical floral bouquet. Once seen as a bland afterthought, cauliflower is now making a name for itself in the culinary world.",2026-10-04
https://ifanca.org/resources/from-the-publishers-desk-fall-2014/,From the Publisher’s Desk,Editorial,,"September 30, 2014",other,,no match,"Assalamu Alaikum While most of our readers know that Halal Consumer© magazine is a publication of the Islamic Food and Nutrition Council of America, also known as IFANCA®, some of you may not know much about IFANCA’s activities. So let me tell you a little more about us. We are more than a publicati",2026-10-04
https://ifanca.org/resources/editors-note-fall-2014/,Editor’s Note,Editorial,,"September 30, 2014",other,,no match,"Assalamu Alaikum In this issue we examine two important topics: controlling your food supply and maintaining a healthy lifestyle. Consumers today are questioning food processing methods, particularly agricultural processes and animal welfare methods. In “ Development-Supported Agriculture, ” we exam",2026-10-04
https://ifanca.org/resources/blessings-in-disguise-the-long-days-of-ramadan/,Blessings in Disguise: The Long Days of Ramadan,Article,,"June 30, 2014",community and events,ramadan,title,"Ramadan, the ninth month in the Islamic lunar calendar, also known as the month of fasting, is expected to start around June 28 this year, which means that it is fast-approaching — no pun intended. Once it begins, Muslims all over the world will abstain from food, drink, and marital relations from d",2026-10-04
https://ifanca.org/resources/crafty-fun-while-fasting/,Crafty Fun While Fasting!,Article,,"June 30, 2014",health and nutrition,fasting,title,"It’s that time again! The time for focusing on faith, festivities, fasting, and FOOD! We have been blessed with witnessing another Ramadan. The Holy Month is upon us and what better way to get children and adults excited than by nurturing the holiday spirit? From preparing special Ramadan foods and ",2026-10-04
https://ifanca.org/resources/slow-cooker-cashew-ginger-chicken/,Slow Cooker Cashew Ginger Chicken,Recipe,,"June 30, 2014",recipes,type=Recipe,listing type,"Servings: 4-6 Ingredients 2 pounds halal boneless, skinless chicken breasts, cubed ¼ cup flour ½ teaspoon black pepper 1 tablespoon olive oil ¼ cup soy sauce 2 tablespoons lemon juice 2 tablespoons ketchup 1 tablespoon brown sugar 1 clove garlic, minced ½ teaspoon fresh ginger, grated ¼ teaspoon red",2026-10-04
https://ifanca.org/resources/slow-cooker-lamb/,Slow Cooker Lamb,Recipe,,"June 30, 2014",recipes,type=Recipe,listing type,"Servings: 4 Ingredients 1 Vidalia onion, diced 2 celery stalks, diced 2 carrots, peeled and diced 3 cloves garlic, crushed 1 cup chicken or vegetable stock 1 cup chopped tomatoes 2 tablespoons tomato paste 1 teaspoon fresh rosemary, chopped 1 teaspoon ginger 1 bay leaf 3 pounds halal lamb, cut into ",2026-10-04
https://ifanca.org/resources/watermelon-and-feta-salad/,Watermelon and Feta Salad,Recipe,,"June 30, 2014",recipes,type=Recipe,listing type,"Ingredients 1 whole seedless watermelon, cubed ½ pound halal feta cheese, cubed ½ cup balsamic vinegar ⅓ cup pure cane sugar fresh mint, chopped cracked black pepper extra virgin olive oil Step 1 Prepare balsamic reduction. Heat small sauce pan over medium heat; add balsamic vinegar and sugar. Bring",2026-10-04
https://ifanca.org/resources/pickled-beets/,Pickled Beets,Recipe,,"June 30, 2014",recipes,type=Recipe,listing type,"Ingredients 3 pounds beets 1 cup balsamic vinegar ⅓ cup honey ¼ teaspoon sea salt ⅛ teaspoon cinnamon cracked black pepper pinch cayenne pepper Step 1 Peel beets and steam, over low heat, in large pot filled with 1 cup water. Step 2 When beets are fork tender, after about 15 minutes, remove from sto",2026-10-04
https://ifanca.org/resources/cabbage-apple-and-kohlrabi-slaw/,"Cabbage, Apple, and Kohlrabi Slaw",Recipe,,"June 30, 2014",recipes,type=Recipe,listing type,"Servings: 4 Ingredients 1 large kohlrabi juice of ½ a lemon ¼ cup dill, chopped ½ clove garlic, minced 1 teaspoon mayo or halal Greek yogurt salt and pepper to taste 3 tablespoons olive oil ½ head Savoy cabbage, shredded 1 large Granny Smith apple, cored and thinly sliced Step 1 Peel kohlrabi and cu",2026-10-04
https://ifanca.org/resources/medjool-date-power-balls/,Medjool Date Power Balls,Recipe,,"June 30, 2014",recipes,type=Recipe,listing type,"Makes: 18 Ingredients 1 cup raw almonds 16 Natural Delights Medjool dates, pitted water, for blending ½ cup unsweetened coconut, shredded ⅓ cup raw almond butter or coconut butter 3 tablespoons cocoa powder 1 teaspoon ground cinnamon Step 1 Pulse almonds in a food processor until coarsely ground. Tr",2026-10-04
https://ifanca.org/resources/spotlight-on-bard-valley-natural-delights/,Spotlight on Bard Valley Natural Delights,Spotlight,,"June 30, 2014",industry and certification,type=Spotlight (company profile),listing type,"With Ramadan upon us, images of sweet dates being passed around the room come to mind. This year, make halal-certified Bard Valley Natural Delights Medjool Dates your staple. Situated where California and Arizona meet, Bard Valley is “home to the finest Medjool dates in the world.” Their Medjool dat",2026-10-04
https://ifanca.org/resources/understanding-mono-and-diglycerides/,Understanding Mono- and Diglycerides,Article,,"June 30, 2014",other,,no match,"They are everywhere: in our bread, ice creams, peanut butter, salad dressings, margarines, frozen desserts, bakery products, beverages, sauces, syrups, and drink mixes. What are these elusive ingredients, why are they in our food, and should we worry about whether or not they are halal? What Are Mon",2026-10-04
https://ifanca.org/resources/fruit-of-heaven/,Fruit of Heaven,Article,,"June 30, 2014",health and nutrition,fruit,title,"In Surat Ar-Rahman, God tells of the delights, sweet smells, and splendor the believers will enjoy in heaven, including dates: “Therin is fruit and palm trees having sheaths [of dates]” (55:11) and “In both of them are fruit and palm trees and pomegranates” (55:68). The Prophet Muhammad (Peace Be Up",2026-10-04
https://ifanca.org/resources/mouthwatering-mango-lassi/,Mouthwatering Mango Lassi,Recipe,,"June 30, 2014",recipes,type=Recipe,listing type,Servings: 2 Ingredients 1 cup chopped peeled mango 1 cup halal yogurt ½ cup pulp-free orange juice crushed ice Step 1 Spin ingredients in a blender. Step 2 Stir well and serve.,2026-10-04
https://ifanca.org/resources/simplifying-suhoor-is-as-easy-as-a-b-c/,"Simplifying Suhoor Is as Easy as A, B, C…",Article,,"June 30, 2014",community and events,iftar,opening text,"Say the word Ramadan and inadvertently you conjure up images of iftar (sunset meal at the time of breaking the fast) spreads, going to the masjid (mosque), giving charity, and reading the Quran. While the order of these images varies for every person, the emphasis is always on iftar . Poor ol’ suhoo",2026-10-04
https://ifanca.org/resources/the-art-of-canning/,The Art of Canning,Article,,"June 30, 2014",other,,no match,"Canning is the age old practice of preserving fresh food to be eaten later. It is a technique that helped previous generations survive long hard winters by preserving harvests that were reaped during the summer and autumn. In those times, preserving food through canning was a matter of survival. In ",2026-10-04
https://ifanca.org/resources/exploring-exotic-vegetables/,Exploring Exotic Vegetables,Article,,"June 30, 2014",health and nutrition,vegetable,title,"Are you looking for the next hip and trendy superfood? Or are you looking for new foods to add to your health-conscious diet? You’re about to be introduced to some interesting produce that are not only cool ways to spice up your dishes, but are also packed with the vitamins and minerals essential fo",2026-10-04
https://ifanca.org/resources/from-the-publishers-desk-summer-2014/,From the Publisher’s Desk,Editorial,,"June 30, 2014",other,,no match,"Assalamu Alaikum We are living in a world that is rapidly changing and is actually in a state of influx. For the past three decades the focus of halal certification, halal trade, and halal marketing has been on meat and poultry. With more awareness of goods crossing geographic boundaries, the reques",2026-10-04
https://ifanca.org/resources/editors-note-summer-2014/,Editor’s Note,Editorial,,"June 30, 2014",other,,no match,"Assalamu Alaikum Summer is approaching and this is a time when schools are out, families plan vacations, and outdoor activities increase. It is a great time to get in shape and stay in shape. Healthy eating and ample outdoor activities are good ingredients to a healthy life. But there are some cauti",2026-10-04
https://ifanca.org/resources/pregnancy-and-diabetes/,Pregnancy and Diabetes,Article,,"March 31, 2014",health and nutrition,diabet,title,"The nurse was just doing her job. She was simply teaching me how to prick my finger and test my sugar with a glucose monitor. In actuality, she was giving me a rude awakening as to what my future may look like. Diabetes runs in my DNA, but I was not ready to let it run my life just yet.",2026-10-04
https://ifanca.org/resources/make-room-for-a-fresh-spring/,Make Room for a Fresh Spring,Article,,"March 31, 2014",other,,no match,"The time of year has arrived for us to shed our winter coats and prepare for the warmer weather and longer days of spring. It is a time to plant the seeds of summer both inside and out. While many of us take advantage of this time by reviving our lawns and planting outdoor gardens, refreshing the in",2026-10-04
https://ifanca.org/resources/childhood-hunger-from-dirt-paths-to-school-hallways/,Childhood Hunger: From Dirt Paths to School Hallways,Article,,"March 31, 2014",community and events,school,title,"Imagine going to bed every night with a deep gnawing feeling in your stomach. An emptiness so strong that it will not let you sleep, concentrate in school, focus at work, or think about anything else. An emptiness that you know will be back tomorrow, and the day after, and the day after. In an Octob",2026-10-04
https://ifanca.org/resources/vegetable-freekeh-pilaf/,Vegetable Freekeh Pilaf,Recipe,,"March 31, 2014",recipes,type=Recipe,listing type,"Servings: 4 Ingredients 2 cups green freekeh 4 cups vegetable broth 2 tablespoons extra-virgin olive oil, divided 1 medium red onion, chopped ½ cup green bell peppers, chopped ¼ cup red bell peppers, chopped ½ cup yellow bell peppers, chopped ½ cup chopped cauliflower ½ cup garbanzo beans 2 cloves g",2026-10-04
https://ifanca.org/resources/umami-bomb-burger/,Umami Bomb Burger,Recipe,,"March 31, 2014",recipes,type=Recipe,listing type,"Servings: 4 Ingredients 2 pounds halal ground beef 1 tablespoon garlic powder 2 tablespoons olive oil 2 tablespoons butter 1 large Vidalia onion, sliced 4 cloves garlic, minced 10 ounces shitake mushrooms, cleaned and sliced 6 drops Sriracha ¼ cup mayonnaise 4 brioche buns 4 slices ripened tomato 4 ",2026-10-04
https://ifanca.org/resources/kibbeh-batata-lebanese-mashed-potatoes-with-bulgur/,Kibbeh Batata (Lebanese Mashed Potatoes with Bulgur),Recipe,,"March 31, 2014",recipes,type=Recipe,listing type,"Servings: 4 Ingredients 1 large baking potato ½ cup red bulgur, size #1 fine 2 teaspoons salt 1 teaspoon dried chives 1 teaspoon dried basil 1 teaspoon dried parsley 2 teaspoons ground cumin ½ teaspoon ground coriander ½ teaspoon 7-spice mix (available at Middle Eastern markets; cinnamon or allspice",2026-10-04
https://ifanca.org/resources/homemade-yogurt/,Homemade Yogurt,Recipe,,"March 31, 2014",recipes,type=Recipe,listing type,"Servings: 8 Ingredients 4 cups Organic Valley whole milk ¼ cup halal plain yogurt, room temperature Step 1 Heat milk over high heat in a heavy-bottomed pot. Watch the milk. They say a watched pot does not boil, but a pot of milk will boil over as soon as you look away! You want your milk to rise and",2026-10-04
https://ifanca.org/resources/vegetable-egg-cheddar-strata/,"Vegetable, Egg & Cheddar Strata",Recipe,,"March 31, 2014",recipes,type=Recipe,listing type,"Servings: 8 Ingredients cooking spray 1 tablespoon olive oil 1 cup red onion, diced 1 cup mushrooms, sliced 1 cup red bell pepper, diced 1 large bunch kale, washed, de-stemmed, and torn into pieces (about 3 cups) 3 garlic cloves, minced 1 teaspoon dried thyme leaves ½ teaspoon salt, plus ½ teaspoon ",2026-10-04
https://ifanca.org/resources/spotlight-on-cabot-creamery-cooperative/,Spotlight on Cabot Creamery Cooperative,Spotlight,,"March 31, 2014",industry and certification,type=Spotlight (company profile),listing type,"“Cheese, please?” The answer is “Yes!” with halal-certified Cabot Creamery cheeses! Vermont-based Cabot Creamery Cooperative’s cheeses have been halal-certified for more than a decade. In 2003, Cabot recognized the need for and benefit of carrying halal certification on their products. According to ",2026-10-04
https://ifanca.org/resources/do-you-always-know-what-youre-eating/,Do You Always Know What You’re Eating?,Article,,"March 31, 2014",health and nutrition,eating,title,"In this section, we’ll explore some of the mashbooh (doubtful) ingredients you may never have placed any doubt in. Food product labels are growing and, let’s face it, you may not be able to pronounce many of the ingredients, let alone know what they all are. Some may look familiar, while others may ",2026-10-04
https://ifanca.org/resources/olives-olive-oil-fad-or-fab/,Olives & Olive Oil: Fad or Fab?,Article,,"March 31, 2014",health and nutrition,olive,title,"Just a Fad? If you have ever watched Rachael Ray, the popular TV chef on Food Network, you are, in all likelihood, already familiar with EVOO (extra virgin olive oil), a term she has successfully turned into a fad. But it is not just she and other chefs who are raving about olive oil; for decades, s",2026-10-04
https://ifanca.org/resources/health-and-halal-theres-an-app-for-that/,Health and Halal? There’s an App for That,Article,,"March 31, 2014",health and nutrition,health,title,"Advancements in technology have significantly impacted the way we eat. Today, we have easier access to food and a multitude of options, unlike our ancestors. Though the agricultural revolution is seen as a top advancement of our time, because of it our thought process regarding food has changed. No ",2026-10-04
https://ifanca.org/resources/got-umami/,Got Umami?,Article,,"March 31, 2014",other,,no match,"Since the beginning of time, we have based the human sense of taste upon four basic flavor profiles: sweet, salty, sour, and bitter. When cooking, we often ask ourselves, “Is this too salty?” or “Do I need to add sugar?” How often do we find ourselves asking if our meal is rich in umami? What is uma",2026-10-04
https://ifanca.org/resources/probing-probiotics/,Probing Probiotics,Article,,"March 31, 2014",health and nutrition,probiotic,title,"What Are Probiotics? Probiotics are living microorganisms that, when ingested in adequate amounts, can provide health benefits to the host. More simply, a probiotic is a good bacterium that promotes and helps restore microbial balance in your body. Bacteria are commonly associated with all things un",2026-10-04
https://ifanca.org/resources/get-your-freekeh-on/,Get Your Freekeh On!,Article,,"March 31, 2014",other,,no match,"What’s all this talk about trendy grains lately? Over the last couple of years, we’ve seen a surge in the popularity of quinoa, a nutty, protein-rich grain indigenous to South and Central America. Foodies and non-foodies alike have embraced this grain into their homes and bellies. But nowadays, quin",2026-10-04
https://ifanca.org/resources/from-the-publishers-desk-spring-2014/,From the Publisher’s Desk,Editorial,,"March 31, 2014",other,,no match,"Assalamu Alaikum Thirty years ago, IFANCA published its first book about halal: Islamic Dietary Laws and Practices . That same year we also published a list of halal/haram ingredients to help Muslim consumers decipher product labels and select halal products. At that time, pretty much everything fro",2026-10-04
https://ifanca.org/resources/editors-note-spring-2014/,Editor’s Note,Editorial,,"March 31, 2014",other,,no match,"Assalamu Alaikum As we begin a new year, we are introducing some new segments to the magazine. In the past, the issues focused on a major theme. That worked well and you, the readers, seemed to enjoy the articles. This year, we want to bring you a greater variety of helpful information so we are int",2026-10-04
https://ifanca.org/resources/the-uncocoa/,The “Uncocoa”,Recipe,,"December 31, 2013",recipes,type=Recipe,listing type,"Ingredients 1 cup/mug hot milk ¼ teaspoon turmeric powder pinch saffron threads 1 teaspoon honey (optional) Step 1 Mix turmeric, saffron, and honey into the hot milk. Step 2 Enjoy!",2026-10-04
https://ifanca.org/resources/homemade-cold-comforter/,Homemade Cold Comforter,Recipe,,"December 31, 2013",recipes,type=Recipe,listing type,"Ingredients 1 cup hot green tea 1 tiny piece fresh ginger (about ⅛ to ¼-inch) 1-2 teaspoons pure honey 2-3 cloves 1 small piece fresh cinnamon (about ⅛-inch) 1-2 drops fresh lemon juice Step 1 Stir ginger, honey, cloves, cinnamon, and lemon juice into the green tea. Step 2 Cover and let sit for a fe",2026-10-04
https://ifanca.org/resources/the-cold-war/,The “Cold War”,Article,,"December 31, 2013",other,,no match,"Well, it is that time again. The time where we distinguish the gladiators from the galoshes, the fashionistas from the fur-istas, and the winners from the whiners. Yup, it is wintertime in Chicago! As a true blue Chicagoan, I embrace the cold because my love for this town is unconditional. You have ",2026-10-04
https://ifanca.org/resources/vegan-chili/,Vegan Chili,Recipe,,"December 31, 2013",recipes,type=Recipe,listing type,"Ingredients ⅓ cup dry beans (mix of black, pinto, and kidney) ⅓ cup onion (yellow, white, or red), chopped 4 cloves garlic 4 shitake mushrooms 4 cherry tomatoes 1 cup crushed tomatoes 6 ounces non-GMO vegan soy chorizo dash each of the following: cumin, turmeric, chili powder, cayenne pepper, paprik",2026-10-04
https://ifanca.org/resources/not-like-mama-used-to-make-vegetarians-and-vegans-redefine-comfort-food/,Not Like Mama Used to Make: Vegetarians and Vegans Redefine “Comfort Food”,Article,,"December 31, 2013",health and nutrition,food,title,"In today’s health-conscious society, more people are adopting healthier eating habits, from cutting processed foods to reducing red meat intake. This can be a difficult feat in the heart of winter when the dinner table often overflows with heavy, meaty meals that warm bodies and comfort souls. Where",2026-10-04
https://ifanca.org/resources/warming-up-with-winter-crafts/,Warming Up with Winter Crafts,Article,,"December 31, 2013",other,,no match,"Just because there are fewer things to do outside as the temperature drops, that doesn’t give children (or adults) a free pass to be glued to a screen all day. According to the Craft & Hobby Association, 56 percent of US households (which is around 63 million people) craft at least once a year. Walk",2026-10-04
https://ifanca.org/resources/healthified-chocolate-chip-cookies/,Healthified Chocolate Chip Cookies,Recipe,,"December 31, 2013",recipes,type=Recipe,listing type,"Servings: Makes 48 cookies These cookies are as healthy as it gets when it comes to chocolate chip. The oatmeal and whole wheat flour add vital nutrients and fiber. The whole flaxseeds provide healthy fats, fiber, and antioxidants. Reducing the butter and sugar minimizes calories and saturated fats,",2026-10-04
https://ifanca.org/resources/vegetarian-lasagna/,Vegetarian Lasagna,Recipe,,"December 31, 2013",recipes,type=Recipe,listing type,"Servings: 12 Most people like meat in their lasagna, but you will not miss it with this healthy recipe. Using cottage cheese instead of ricotta will reduce calories and fat, while the fresh spinach and mushrooms add texture, flavor, and nutrients. Ingredients 9 lasagna noodles 1 tablespoon olive oil",2026-10-04
https://ifanca.org/resources/lighten-up-eating-well-this-winter/,Lighten Up: Eating Well This Winter,Article,,"December 31, 2013",health and nutrition,eating,title,"The cold of winter, the howl of the icy winds, and the short gloomy days create the perfect setting for warm blankets, thick logs crackling in the fireplace, scented candles flickering in the background, and a cup of warm tea accompanied by relaxing comfort food. The thought of winter brings back ma",2026-10-04
https://ifanca.org/resources/ifanca-is-the-islamic-economy-award-recipient-for-compliance-and-standardization/,IFANCA® Is the Islamic Economy Award Recipient for Compliance and Standardization,Article,,"December 31, 2013",industry and certification,standard,title,"IFANCA congratulates the winners of the Islamic Economy Awards. The awards “celebrated established and emerging companies that have demonstrated significant business and social impact using the Islamic economic ethos, and have inspired a new generation of leaders.” The integrity and credibility of t",2026-10-04
https://ifanca.org/resources/keep-moving-this-winter/,Keep Moving This Winter,Article,,"December 31, 2013",other,,no match,"The winter season is no doubt a time for enjoying the indoors with family and friends, or maybe even catching up on your reading list in the warmth of your home. For many people, the winter season also includes indulging in seasonal favorites like roasted chestnuts, cooked lamb, stuffed zucchini, wa",2026-10-04
https://ifanca.org/resources/azimas-mantu-recipe/,Azima’s Mantu Recipe,Recipe,,"December 31, 2013",recipes,type=Recipe,listing type,"Prep Time: 1 hour Cook Time: 1 hour Servings: 4-5 Ingredients Dumplings 1 pound halal ground meat 2 onions, ground in a food processor 1 teaspoon salt 1 teaspoon fresh, crushed garlic 1 teaspoon ground coriander ½ teaspoon ground black pepper 4 chopped onions 1 packet won-ton wrappers Topping 1 onio",2026-10-04
https://ifanca.org/resources/happiness-in-a-bowl-comfort-food-from-around-the-world/,Happiness in a Bowl: Comfort Food from Around the World,Article,,"December 31, 2013",health and nutrition,food,title,"Nothing brings people together as food does, and when it’s comfort food, the accompanying rush of memories are almost as heady as the flavor of melt-in-your-mouth goodness. The longing for comfort foods can be that much stronger when you’ve moved half way across the world. When it’s a dish that’s be",2026-10-04
https://ifanca.org/resources/home-baked-bread/,Home-Baked Bread,Recipe,,"December 31, 2013",recipes,type=Recipe,listing type,"Prep Time: 3 hours Cook Time: 1 hour Servings: 4-6 Ingredients 5 cups all-purpose flour 1 cup whole wheat flour 1 cup ground flax seed, wheat germ, wheat bran 1½ tablespoons yeast ½ tablespoon salt pinch sugar water, enough for kneading Step 1 Mix all the ingredients together and knead until dough i",2026-10-04
https://ifanca.org/resources/apple-cake/,Apple Cake,Recipe,,"December 31, 2013",recipes,type=Recipe,listing type,Prep Time: 15 minutes Cook Time: 1 hour Servings: 8-10 Ingredients 4 cups apples (peeled and chopped into small pieces) 2 cups sugar 2 cups flour 1½ teaspoons baking soda 1 teaspoon salt 2 teaspoons cinnamon 2 eggs ¾ cup oil 2 teaspoons halal vanilla flavor 1 cup chopped walnuts Step 1 Preheat oven ,2026-10-04
https://ifanca.org/resources/homemade-hot-cocoa/,Homemade Hot Cocoa,Recipe,,"December 31, 2013",recipes,type=Recipe,listing type,"Prep Time: 5 minutes Cook Time: 10 minutes Servings: 4-5 Ingredients ¼ cup cocoa powder ½ cup sugar water, enough to dissolve sugar and powder pinch salt 4 cups milk Step 1 In a heavy saucepan, mix cocoa powder, sugar, salt, and add water to dissolve. Step 2 Stir until it turns into syrup. Step 3 Ad",2026-10-04
https://ifanca.org/resources/make-your-house-a-home-an-aromatic-endeavor/,Make Your House a Home: An Aromatic Endeavor,Article,,"December 31, 2013",other,,no match,"After a long, tiring day at school, Haya heads to her youth group session on this dull, chilly afternoon. She enters her group leader’s house deflated and beat only to be received by the warm, welcoming scent of delectable goods that immediately eliminates her fatigue and uplifts her mood. “Oh my go",2026-10-04
https://ifanca.org/resources/h2o-remixed-staying-hydrated-during-the-winter/,H2O Remixed: Staying Hydrated During the Winter,Article,,"December 31, 2013",health and nutrition,hydrat,title,"Americans now consume an average of 58 gallons of water a year compared to 44 gallons of soda, according Beverage Digest . This is thanks in part to the efforts of health heavyweights like First Lady Michelle Obama, who has been encouraging people across the country to “drink more water,” and politi",2026-10-04
https://ifanca.org/resources/from-the-publishers-desk-winter-2013/,From the Publisher’s Desk,Editorial,,"December 31, 2013",other,,no match,"Assalamu Alaikum The winter issue reminds us a year has already passed. Reflecting on 2013, we see there was a lot of halal related activity. A myriad of halal conferences were held over the past year across the globe, from here in the US to far away Indonesia and many places in between. We see the ",2026-10-04
https://ifanca.org/resources/editors-note-winter-2013/,Editor’s Note,Editorial,,"December 31, 2013",other,,no match,Assalamu Alaikum Winter is upon us and it may seem normal to curtail activities; however one might actually find opportunity in cold weather just as Quraish did during their two seasonal caravan trips as mentioned in the Quran: Their covenants (covering) journeys by winter and summer…(Quran 106:2). ,2026-10-04
https://ifanca.org/resources/ifanca-halal-certified-retail-products-available-in-the-us-market/,IFANCA® Halal Certified Retail Products Available in the US Market,Article,,"September 30, 2013",industry and certification,certif,title,"IFANCA provides halal certification services in over 60 countries. We often receive questions from consumers asking where the IFANCA halal certified products can be found. As you probably know, companies undertake extensive market research before introducing new products to the marketplace. One elem",2026-10-04
https://ifanca.org/resources/chocolate-cheese-truffles/,Chocolate Cheese Truffles,Recipe,,"September 30, 2013",recipes,type=Recipe,listing type,Ingredients 8 cups whole milk ¼ cup lemon juice ¼ cup sugar 2 tablespoons cocoa powder For Garnishing: ¾ cup semisweet chocolate chips ¼ cup heavy cream 2 tablespoons sliced pistachios or almonds ¼ cup shredded coconut Directions To Make Paneer/Indian Cheese: Mix lemon juice in half cup of hot water,2026-10-04
https://ifanca.org/resources/banana-date-bread/,Banana Date Bread,Recipe,,"September 30, 2013",recipes,type=Recipe,listing type,"Preparation Time: 10 minutes | Cooking Time: 15-20 minutes Ingredients 1 cup flour 1 teaspoon baking soda ½ teaspoon salt 2 eggs 1 stick of butter, melted 2 overripe bananas, mashed or chopped up 5-6 Medjool pitted dates chopped up in small pieces ½ cup of chopped walnuts Step 1 Preheat oven to 350 ",2026-10-04
https://ifanca.org/resources/meat-loaf/,Meat Loaf,Recipe,,"September 30, 2013",recipes,type=Recipe,listing type,"Recipe that is sure to please the kids. This recipe yields 4-6 servings and can easily be used for meatballs as well the next day! Ingredients 1 lb of ground chicken or ground beef 1 finely minced onion 2-3 teaspoons of garlic, or more depending on preference 2 tablespoons ground parsley ¼ cup seaso",2026-10-04
https://ifanca.org/resources/chicken-soup-sandwich/,Chicken Soup & Sandwich,Recipe,,"September 30, 2013",recipes,type=Recipe,listing type,"Preparation Time: 5 minutes | Cooking Time: 20-25 minutes Ingredients 2-4 medium lean chicken breast pieces 1 medium onion 2 whole garlic salt to taste 8-12 whole black peppers 1 green banana pepper (optional) 5 cups of water bread tomato, lettuce & cucumber for garnish Soup Directions Wash and remo",2026-10-04
https://ifanca.org/resources/simmering-special-soup/,Simmering Special Soup,Recipe,,"September 30, 2013",recipes,type=Recipe,listing type,"Ingredients 2 cups of any type of dried split peas, washed and soaked for at least 2-3 hours 1 large onion 1 medium potato, peeled and cut into small cubes 2 clove garlic, minced 2 medium celery stalks, chopped 2 medium carrots, peeled and chopped into cubes 8 cups water or vegetable/chicken broth ½",2026-10-04
https://ifanca.org/resources/egg-sandwich/,Egg Sandwich,Recipe,,"September 30, 2013",recipes,type=Recipe,listing type,"Preparation Time: 5 minutes | Cooking Time: 20-25 minutes Ingredients 4-6 organic eggs 4-6 tablespoons mayo your favorite bread tomato, lettuce & cucumber for garnish Step 1 Boil eggs for twenty to twenty-five minutes. Step 2 Rinse eggs under cold water to remove shell easily. Step 3 Put peeled hard",2026-10-04
https://ifanca.org/resources/school-snacking-and-success/,"School, Snacking, and Success",Article,,"September 30, 2013",community and events,school,title,"It’s that time of year again when you hear squeaking of new sneakers, smell newly sharpened pencils (do children use pencils and sharpeners anymore), and feel the sticky, humid breeze that makes your hair look like damp hay. No more crowded malls or crowded streets with semi-stable drivers. The look",2026-10-04
https://ifanca.org/resources/healthy-snacks/,Healthy Snacks,Article,,"September 30, 2013",health and nutrition,health,title,"As school begins, parents’ frantic search for snacks also starts. Be it snacks for school, after school, home, or sporting events, feeding kids healthily is a never-ending dilemma. So can snacks be a healthy part of a balanced diet? Over the years, snacks have earned a bad reputation from all the ch",2026-10-04
https://ifanca.org/resources/parental-tips/,Parental Tips,Article,,"September 30, 2013",other,,no match,"When our children were younger, we lived in a school district with very few Muslim students. The students, teachers, and school administrators had limited exposure to Muslims and the Islamic culture and practices. In order to avoid any awkward situations, we thought it prudent to share some informat",2026-10-04
https://ifanca.org/resources/lunchtime-bliss/,Lunchtime Bliss,Article,,"September 30, 2013",health and nutrition,lunch,title,"As a young immigrant to this country, I had a lot to learn about what were the best and healthiest choices when it came to eating. Many a times, I just ate what was convenient or readily available not being cognizant of what I was consuming. This was over two decades ago, and there was not as much a",2026-10-04
https://ifanca.org/resources/modesty-a-challenge-for-teenage-muslim-girls/,Modesty—A Challenge for Teenage Muslim Girls,Article,,"September 30, 2013",other,,no match,"It seems like yesterday my husband and I began our lives as parents. In reality, it has been nearly fourteen years since our daughter, Amira, was born. Today, Amira is a maturing teenager, exemplifying much of what it means to be a typical American teen. This is true, with the exception of her being",2026-10-04
https://ifanca.org/resources/avocado-lime-popsicles/,Avocado Lime Popsicles,Recipe,,"September 30, 2013",recipes,type=Recipe,listing type,"Ingredients 2 ripened avocados, peeled and pitted 1 cup low fat milk ¼ cup sugar 2 tablespoons lime juice (from one large lime) ⅛ teaspoon salt Step 1 Put all ingredients in the blender and blend until smooth. Step 2 Pour into popsicle molds and freeze.",2026-10-04
https://ifanca.org/resources/changing-eating-habits/,Changing Eating Habits,Article,,"September 30, 2013",health and nutrition,eating,title,"After a long day of gardening and yard work during the sweltering summer days Faiza Khan and her husband Abdul Wasif of Woodale, IL, often find themselves hot, tired, and hungry. They typically crave something cold and sweet, and ice-cream usually does the trick. “The first thing I used to reach for",2026-10-04
https://ifanca.org/resources/preparing-children-with-special-dietary-needs-for-school/,Preparing Children with Special Dietary Needs for School,Article,,"September 30, 2013",community and events,school,title,"With summer officially over and the school year already in session, some parents may still find themselves adjusting to their youngsters heading back into the classroom. After all, the summertime offers some much-needed relief; three months of the year, parents can monitor their children more closel",2026-10-04
https://ifanca.org/resources/creative-and-attractive-snacks/,Creative and Attractive Snacks,Article,,"September 30, 2013",health and nutrition,snack,title,"When Sarah Ibrahim’s children come home from school, she has healthy snacks waiting for them on the kitchen island. From piping hot lentil soup in the winter to a medley of berries when it’s warmer, the key is to have everything ready. “If you wait for them to get back and then ask them what they wo",2026-10-04
https://ifanca.org/resources/from-the-publishers-desk-fall-2013/,From the Publisher’s Desk,Editorial,,"September 30, 2013",other,,no match,"Aasalamu Alaikum, The halal concept in America is no longer in its infancy; it has become a toddler and the word “Halal” is mentioned in the main stream media almost daily. Halal certified meals are now available in schools, colleges, the military, correctional institutions, four star hotels, and ev",2026-10-04
https://ifanca.org/resources/editors-note-fall-2013/,Editor’s Note,Editorial,,"September 30, 2013",other,,no match,"Assalamu Alaikum, It is ‘Back to School’ time. This time of year reminds me of the first verses of the Quran that were revealed to the Prophet Muhammad (PBUH): Read! In the Name of your Lord Who has created (all that exists). He has created man from a clot (a piece of thick coagulated blood). Read! ",2026-10-04
https://ifanca.org/resources/sports-energy-drinks-should-you-believe-the-hype/,Sports & Energy Drinks: Should You Believe The Hype?,Article,,"June 30, 2013",health and nutrition,vitamin,opening text,"Whether it’s Gatorade®, Powerade®, VitaminWater®, 5-Hour Energy®, Red Bull®, Monster® or Fuze Beverage®, Sports and Energy Drinks form a multibillion-dollar energy-drink industry. Hugely popular, especially among young adults, these flavored beverages come in various forms from carbonated fruit drin",2026-10-04
https://ifanca.org/resources/water-the-source-of-life/,Water: The Source of Life,Article,,"June 30, 2013",health and nutrition,water,title,"ALLAH, Subhanahu wa ta’ala, teaches us in Qur’an, the importance and value of water, as HE says: Do not the unbelievers see that the heavens and the earth were joined together (as one unit of Creation), before We clove them asunder? WE made from water every living thing. Will they not then believe? ",2026-10-04
https://ifanca.org/resources/strawberry-and-feta-salad/,Strawberry and Feta Salad,Recipe,,"June 30, 2013",recipes,type=Recipe,listing type,"This recipe creates a very tangy, fresh and flavorful summery taste you can enjoy with the family and loved ones. Ingredients 2 cups of baby spinach ½ cup chopped red onion 6-8 cherry tomatoes, sliced in half ½ bell pepper (orange or yellow), chopped 6-8 strawberries, sliced ¼ cup walnuts, chopped ¼",2026-10-04
https://ifanca.org/resources/vegetable-pizza/,Vegetable Pizza,Recipe,,"June 30, 2013",recipes,type=Recipe,listing type,"Preparation Time: 10 minutes | Cooking Time: 15-20 minutes Ingredients 4-5 non-pocket pita breads (the ones used in gyros sandwiches) ½ cup pasta sauce ½ cup baby spinach leaves 1 cup chopped bell peppers (red, orange, yellow) ½ red onion, sliced ½ cup chopped olives 6-8 cherry tomatoes sliced in ha",2026-10-04
https://ifanca.org/resources/pan-grilled-chicken-burger/,Pan Grilled Chicken Burger,Recipe,,"June 30, 2013",recipes,type=Recipe,listing type,Preparation Time: 5 minutes | Cooking Time: 15-20 minutes Ingredients 1 pound lean and thawed ground halal chicken meat salt to taste pepper to taste 1 teaspoon garlic powder 1 finely diced tomato 2 finely diced green onions 1 finely diced green pepper 3-4 teaspoons oil or oil spray can coriander or,2026-10-04
https://ifanca.org/resources/roasted-brussels-sprouts/,Roasted Brussels Sprouts,Recipe,,"June 30, 2013",recipes,type=Recipe,listing type,"Serving Size: 3 | Total Prep Time: 45-50 minutes Ingredients 1½ pounds brussels sprouts 3 tablespoons olive oil ¾ teaspoon salt ½ teaspoon ground black pepper Step 1 Preheat oven to 400 degrees F. Step 2 Cut off brown ends of the sprouts and pull off any yellow leaves. Step 3 Mix oil, salt and black",2026-10-04
https://ifanca.org/resources/oven-roasted-potato-wedges/,Oven Roasted Potato Wedges,Recipe,,"June 30, 2013",recipes,type=Recipe,listing type,"Serving Size: 4 | Total Prep Time: 40 minutes Ingredients 2 medium potatoes, scrubbed and rinsed 1½ tablespoons olive oil 2 garlic cloves, minced/mashed ¼ teaspoon dried rosemary ¼ teaspoon dried oregano ¼ teaspoon dried thyme ¼ teaspoon paprika ¼ teaspoon ground black pepper ½ teaspoon salt Step 1 ",2026-10-04
https://ifanca.org/resources/carrot-rice-pudding/,Carrot Rice Pudding,Recipe,,"June 30, 2013",recipes,type=Recipe,listing type,"Serving Size: 25 | Total Prep Time: 4 hours Ingredients 2½ pounds shredded carrots 5 cardamom 1 cup rice 14 cups water 5 cups milk 1 cup sugar 2 tablespoons ghee almonds for garnish Step 1 Combine carrots, cardamom, rice and water and cook on medium heat for about 3 hours until the rice starts break",2026-10-04
https://ifanca.org/resources/carrot-halwa/,Carrot Halwa,Recipe,,"June 30, 2013",recipes,type=Recipe,listing type,"Serving Size: 10 | Total Prep Time: 4 hours and 15 minutes Ingredients 2½ pounds shredded carrots 5 cardamom 2 cups milk ⅓ cup sugar 3 tablespoons ghee 1 tablespoon chopped almonds for garnish Step 1 Mix carrots, cardamom and milk and cook on low heat for about 4 hours. Step 2 Once the liquid has dr",2026-10-04
https://ifanca.org/resources/low-calorie-bread-pudding/,Low Calorie Bread Pudding,Recipe,,"June 30, 2013",recipes,type=Recipe,listing type,"Serving Size: 6 | Total Prep Time: 15 minutes | Baking Time: 40 minutes | Calories: 158 per serving | Total Carbs: 25g | Fiber: 1g Ingredients 3 tablespoons vegetable oil or butter 2 cups milk ½ cup sugar (can be substituted with baking sweetener) 4 egg whites ⅛ teaspoon salt, or a pinch 1 teaspoon ",2026-10-04
https://ifanca.org/resources/halal-united-an-integrated-approach/,Halal United: An Integrated Approach,Article,,"June 30, 2013",community and events,conference,opening text,"IFANCA’s 15th International Halal Food Conference was a great success. Speakers, industry representatives and community members gathered in Rosemont, Illinois, on April 6-8 to discuss issues relevant to halal production. The conference featured speakers from Belgium, India, Indonesia, Kuwait, Malays",2026-10-04
https://ifanca.org/resources/cucumber-smoothies/,Cucumber Smoothies,Recipe,,"June 30, 2013",recipes,type=Recipe,listing type,Servings: 2-3 | Prep Time: 5 minutes | Cook Time: 5 minutes Ingredients 1 cucumber 4 green apples 2 cups fresh cilantro with stems Step 1 Juice all the ingredients in juicer. Step 2 Pour into glasses and serve.,2026-10-04
https://ifanca.org/resources/veggielicious-delicious/,Veggielicious Delicious,Article,,"June 30, 2013",health and nutrition,vitamin,opening text,"Grown-ups know that vegetables are one of the most important parts of a diet as they are rich with minerals and vitamins. These nature-made leaves, roots, and stalks are vital to the body’s health. However, it is not that easy to explain this logic to children. When parents mention eating greens, th",2026-10-04
https://ifanca.org/resources/explore-the-history-of-halal-consumer-magazine/,Explore the History of Halal Consumer Magazine,Article,,"June 30, 2013",health and nutrition,nutrition,opening text,"From its inception, IFANCA educational programs have served consumers with information on Halal; nutrition; food trends and health issues. In 1982 IFANCA began issuing The Islamic Perspective©, a newspaper styled publication covering IFANCA certification procedures; halal dietary requirements; healt",2026-10-04
https://ifanca.org/resources/fasting-your-way-to-better-health/,Fasting Your Way to Better Health,Article,,"June 30, 2013",health and nutrition,health,title,"It’s summer time which means it’s hot outside and the nights are long. With Ramadan just weeks away, Muslims around the country may find themselves grappling with how to bear these harsh conditions, not to mention the sometimes unbearable hunger pangs that tend to get the better of our stomachs. We ",2026-10-04
https://ifanca.org/resources/simply-the-best-halal-and-wholesome/,Simply the Best: Halal and Wholesome,Article,,"June 30, 2013",industry and certification,manufacturer,opening text,"As the halal market grows in North America, one of the large manufacturers of processed meat products in Canada did their research to see what the Canadian Muslims are looking for when they buy halal food. In order to get their range of halal products right for the halal consumer they went to great ",2026-10-04
https://ifanca.org/resources/moderation-is-the-key/,Moderation Is the Key,Article,,"June 30, 2013",other,,no match,"Diet. Die-t. No wonder the first three letters of the word “diet” spell D-I-E. We kill ourselves by food extremism. As a nation we are extremists. On one extreme we starve ourselves with crash diets….such as the watermelon diet, the grapefruit diet, the banana diet, the boiled egg diet, or the “I’ll",2026-10-04
https://ifanca.org/resources/healthy-desserts-fact-or-myth/,Healthy Desserts—Fact or Myth?,Article,,"June 30, 2013",health and nutrition,health,title,Can desserts really be healthy or is it just an oxymoron? Many people who are watching what they eat often put all desserts off-limits. They just drool at confectionery in a bakery window but never actually eat them. This can lead to self-pity and low self-esteem or even binge eating when you let th,2026-10-04
https://ifanca.org/resources/junk-food-ones-junk-food-can-be-anothers-lifeline/,Junk Food—One’s Junk Food Can Be Another’s Lifeline,Article,,"June 30, 2013",health and nutrition,food,title,"There is no proper definition for junk food and there will never be one. If we google it, we may find that junk food refers to any man-made food which is often high in fat, sugar and salt. Of course, so-called junk foods typically contain high levels of calories. The human body requires protein, fat",2026-10-04
https://ifanca.org/resources/food-choices-in-the-land-of-abundance/,Food Choices in the Land of Abundance,Article,,"June 30, 2013",health and nutrition,food,title,"We are all well aware of buying healthy foods, establish good eating habits and to exercise. But how many of us are able to do this on a regular basis and make that a lifetime commitment? Indeed, there are several people among us who have been able to manage their health and go that extra mile to ma",2026-10-04
https://ifanca.org/resources/from-the-publishers-desk-summer-2013/,From the Publisher’s Desk,Editorial,,"June 30, 2013",other,,no match,"Assalamu Alaikum From its inception, IFANCA educational programs have served consumers with information on Halal; nutrition; food trends and health issues. In 1982 IFANCA began issuing The Islamic Perspective©, a newspaper styled publication covering IFANCA certification procedures; halal dietary re",2026-10-04
https://ifanca.org/resources/editors-note-summer-2013/,Editor’s Note,Editorial,,"June 30, 2013",other,,no match,"Assalamu Alaikum Obesity is a global problem. Overindulgence has become a way of life. In reference to eating, Prophet Muhammad, salla ALLAHu alaihi wa sallam, said: “There is no vessel which the son of Adam, alaihis salaam, can fill more evil than his stomach, for it is sufficient for him to take a",2026-10-04
https://ifanca.org/resources/healthful-wonder-foods/,Healthful Wonder Foods,Article,,"March 31, 2013",health and nutrition,health,title,"Food Rich In How to Eat Benefits/Harms Apples Ursolic acid, fiber Any which way Reduce risk of colon, prostate, lung cancers Beets Antioxidants, fiber Raw or boiled/add to salads Increase blood flow to brain Black Seed Neutraceuticals Add to any food/cereals Prevent many ailments Broccoli Vitamin C,",2026-10-04
https://ifanca.org/resources/the-perfect-cup-of-tea/,The Perfect Cup of Tea,Article,,"March 31, 2013",health and nutrition,tea,title,"Tea is an aromatic stimulant containing various polyphenols, essential oils and caffeine. The tea plant itself is Camellia sinensis , a native of Southeast Asia. Tea brewed from dried leaves of this plant has been drunk in China since the 10th century BC. Tea is drunk by about half of the world’s po",2026-10-04
https://ifanca.org/resources/falafel-and-cucumber-sauce/,Falafel and Cucumber Sauce,Recipe,,"March 31, 2013",recipes,type=Recipe,listing type,"Ingredients 1 can chickpeas (garbanzo beans), drained 1 onion, chopped ½ cup fresh parsley 2 cloves garlic, chopped 2 teaspoons ground cumin 1 teaspoon ground coriander 1 teaspoon salt 1 dash pepper 1 tablespoon olive oil oil for frying Sauce 1 (6 ounce) container plain yogurt ½ cucumber chopped 1 t",2026-10-04
https://ifanca.org/resources/moroccan-grilled-lamb-chops/,Moroccan Grilled Lamb Chops,Recipe,,"March 31, 2013",recipes,type=Recipe,listing type,Ingredients 1.5 (700 grams) pound lamb chops – halal certified 6-8 fresh mint leaves (finely chopped) ¼ cup finely chopped parsley 2 teaspoons paprika 1 teaspoon ground cumin 1 teaspoon salt ¼ teaspoon red chili pepper 2 tablespoons olive oil 2 tablespoons water Directions Marinating the Lamb Chops ,2026-10-04
https://ifanca.org/resources/roast-breast-of-lamb-moroccan-style/,Roast Breast of Lamb Moroccan Style,Recipe,,"March 31, 2013",recipes,type=Recipe,listing type,Ingredients 3 pounds of lamb breast — halal certified 1 onion ½ cup of vegetable oil 1 tablespoon of smen (ghee) — clarified butter 3 garlic cloves 1 teaspoon of salt (to taste) ½ teaspoon of turmeric powder 2 teaspoons of paprika 1 teaspoon of ginger powder a large pinch of saffron Step 1 Dice the ,2026-10-04
https://ifanca.org/resources/eating-for-your-heart/,Eating for Your Heart,Article,,"March 31, 2013",health and nutrition,heart,title,"The Mediterranean diet is not a get-slim-quick gimmick, and it does not mean loading up on spaghetti and Greek yogurt. Rather, it is learning to choose foods that promote a healthy heart and body. The Mediterranean-style diet is quite similar to what we already know to be a healthy way of eating. Ea",2026-10-04
https://ifanca.org/resources/baklava/,Baklava,Recipe,,"March 31, 2013",recipes,type=Recipe,listing type,Ingredients 1 cup unsalted butter 16 ounce package phyllo sheets 2 cups chopped pecans 1½ cups water ⅓ cup white sugar 1 cinnamon stick 1 cup honey Step 1 Melt the butter over low heat. Pour 2 tablespoons of the butter into the bottom of a 9x13 inch baking pan. Step 2 Layer 4-6 phyllo sheets in the ,2026-10-04
https://ifanca.org/resources/lentil-rice/,Lentil Rice,Recipe,,"March 31, 2013",recipes,type=Recipe,listing type,"Ingredients 1 cup dry lentils, rinsed 2 teaspoon salt 1 tablespoon ground cumin 1 tablespoon garlic powder ¾ cup white basmati rice, rinsed 2 tablespoons olive oil ¼ cup vegetable oil 3 white onions, sliced water as needed Step 1 Soak the lentils in 2½ cups water. In a sauce pan, add salt, cumin, an",2026-10-04
https://ifanca.org/resources/stuffed-zucchini/,Stuffed Zucchini,Recipe,,"March 31, 2013",recipes,type=Recipe,listing type,"Ingredients ¼ cup basmati rice 2 cups tomato puree, divided 1 teaspoon dried mint ½ teaspoon salt ⅛ teaspoon black pepper 2 pounds small zucchini ½ teaspoon salt 1 teaspoon minced garlic 1 tablespoon lemon juice Step 1 Mix together half boiled basmati rice, 2 tablespoons tomato puree, salt, and pepp",2026-10-04
https://ifanca.org/resources/stuffed-grape-leaves/,Stuffed Grape Leaves,Recipe,,"March 31, 2013",recipes,type=Recipe,listing type,"Ingredients 2 cups long-grain white rice 1 large onion, chopped ½ cup chopped fresh dill ½ cup chopped fresh mint leaves 2 quarts chicken broth — (IFANCA certified Saffron Road brand or your choice) ¾ cup fresh lemon juice, divided 60 grape leaves, drained and rinsed (IFANCA certified Orlando Califo",2026-10-04
https://ifanca.org/resources/salmon-panzanella/,Salmon Panzanella,Recipe,,"March 31, 2013",recipes,type=Recipe,listing type,"Ingredients 8 Kalamata olives, pitted and chopped 3 tablespoons red vinegar 1 tablespoon capers, rinsed and chopped ¼ teaspoon freshly ground pepper, divided 3 tablespoons extra-virgin olive oil 2 thick slices day-old whole-grain bread, cut into 1-inch cubes 2 large tomatoes, cut into 1-inch pieces ",2026-10-04
https://ifanca.org/resources/tomato-salad/,Tomato Salad,Recipe,,"March 31, 2013",recipes,type=Recipe,listing type,"Ingredients 1 cup seeded, finely diced cucumber 1 teaspoon salt 1 cup finely diced tomato 1 cup finely diced sweet onion 1 cup finely chopped fresh parsley ½ cup finely chopped mint to taste 2 tablespoons olive oil to taste (IFANCA certified Int’l Food & Flavor, Cargill brands or your choice) 1 tabl",2026-10-04
https://ifanca.org/resources/hummus/,Hummus,Recipe,,"March 31, 2013",recipes,type=Recipe,listing type,"Ingredients 2 cans of garbanzo beans ¼ cup extra-virgin olive oil (IFANCA certified Int’l Food & Flavors, Cargill brands or your choice) ½ cup tahini paste ¼ cup fresh lemon juice, or more to taste 1 large clove garlic, minced, or more to taste 1 teaspoon ground cumin salt to taste 1 tablespoon extr",2026-10-04
https://ifanca.org/resources/quick-easy-grilled-fish-fillets/,Quick & Easy Grilled Fish Fillets,Recipe,,"March 31, 2013",recipes,type=Recipe,listing type,"Preparation Time: 5 minutes | Cooking Time: 20-25 minutes Ingredients 3-5 medium sized fresh tilapia fish fillets 1 lemon salt to taste black pepper to taste ¾ teaspoon garlic powder Step 1 Cut lemon and rub it on each side of the fillets. Step 2 Sprinkle and spread salt, black pepper and garlic pow",2026-10-04
https://ifanca.org/resources/get-grilling/,Get Grilling,Article,,"March 31, 2013",other,,no match,"It is that time of the year again. Spring is here, so it is time to come out of hibernation and lose those extra pounds. Springtime means starting anew, vibrant colors, blooming flowers, out with the old and in with the new, as well as increase in physical activities. Taking the initiative to good h",2026-10-04
https://ifanca.org/resources/lower-your-risk-of-cardiovascular-diseases-with-the-mediterranean-diet/,Lower Your Risk of Cardiovascular Diseases with the Mediterranean Diet,Article,,"March 31, 2013",health and nutrition,diet,title,The Mediterranean diet is common in coastal areas of Southern Europe. It focuses heavily on the consumption of olive oil and nuts. Olive oil and nuts contain monounsaturated fatty acids or “good-fats” that help reduce bad fat in the blood stream therefore reducing cholesterol. A recent study publish,2026-10-04
https://ifanca.org/resources/the-culture-of-mediterranean-cuisine/,The Culture of Mediterranean Cuisine,Article,,"March 31, 2013",community and events,cultur,title,"Mediterranean cuisine is a culinary trend that is shared by an array of people that live in region around the Mediterranean Sea. There is a vast amount of cultural variance that makes the cooking a product of cultural influence. Mediterranean cuisine is built around fresh, wholesome fruits, vegetabl",2026-10-04
https://ifanca.org/resources/halal-word-puzzle/,Halal Word Puzzle,Puzzle,,"March 31, 2013",other,,no match,Directions: Words go in all directions. Try to locate them. B E I L T I L A M I S M M H R I H N A A S S A I S E T A A I I A M M S I H L L L F R H O O B H S U M,2026-10-04
https://ifanca.org/resources/another-warning-dont-ignore-flavors-in-your-food/,Another Warning: Don’t Ignore Flavors in Your Food,Article,,"March 31, 2013",ingredients,flavors,title,"Why do I warn about this? There are many reasons behind it. It may seem like just a simple flavor, but that simple flavor may contain something which you would never accept it if it was declared on the label. Yes, it’s true. Before we go into depth about this alarming issue, one should really know w",2026-10-04
https://ifanca.org/resources/globalization-of-halal/,Globalization of Halal,Article,,"March 31, 2013",other,,no match,"The recent problems in Europe regarding the discovery of the widespread use of horsemeat in processed food products, even in some of the biggest brand names in the market, highlights the complex nature of the food industry supply chains. Whether it was due to criminal activity, negligence or greed m",2026-10-04
https://ifanca.org/resources/the-health-benefits-of-eating-greens/,The Health Benefits of Eating Greens,Article,,"March 31, 2013",health and nutrition,health,title,"Growing up in the hills of southern West Virginia, one of the many foods that I remember on the dinner table is some variety of greens. Mustard, kale or collards would more than likely be the greens of choice. But there were also varieties of wild greens such as dandelion, poke and shawney greens. P",2026-10-04
https://ifanca.org/resources/eat-halal-eat-healthy/,"Eat Halal, Eat Healthy",Article,,"March 31, 2013",health and nutrition,health,title,"Why do you have to eat halal? Why do we have all these restrictions? Let’s face it: finding halal is limiting and difficult. So why should we make the effort? Well first and foremost, it is God’s command that we abstain from eating certain foods, and earning good deeds is incentive enough. There is ",2026-10-04
https://ifanca.org/resources/bring-a-bit-of-mediterranean-lifestyle-into-your-home/,Bring a Bit of Mediterranean Lifestyle into Your Home,Article,,"March 31, 2013",other,,no match,"Southern Italy, Greece and Spain stand out along the northern Mediterranean coast as having what we know today as the “Mediterranean Diet.” The basis of this diet is very little red meat, eating fish and poultry at least twice a week and eating primarily plant-based foods, such as fruits and vegetab",2026-10-04
https://ifanca.org/resources/from-the-publishers-desk-spring-2013/,From the Publisher’s Desk,Editorial,,"March 31, 2013",other,,no match,"Aasalamu Alaikum In recent years, the Mediterranean diet has been gaining traction as a more widespread, accepted lifestyle choice, and for good reason. The diet promotes a spectrum of health benefits, ranging from digestion to heart health. According to UNESCO, the Mediterranean diet constitutes a ",2026-10-04
https://ifanca.org/resources/editors-note-spring-2013/,Editor’s Note,Editorial,,"March 31, 2013",other,,no match,"Assalamu Alaikum Sometimes we need to step back and examine our eating habits. Eating healthy is a big part of living a healthy life. There are many diets out there that can be followed and one of those is the Mediterranean diet. The Mediterranean region is blessed with an abundance of fruits, veget",2026-10-04
https://ifanca.org/resources/fordson-faith-football-and-the-american-dream/,"Fordson: Faith, Football and the American Dream",Article,,"December 31, 2012",other,,no match,"The 2012 National Football League (NFL) season began with the New York Giants, the defending Super Bowl XLVI champions, hosting the Dallas Cowboys. It will end with the Super Bowl XLVII, the NFL’s championship game, on February 3, 2013. Much of America embraces football season with fervor that borde",2026-10-04
https://ifanca.org/resources/food-for-the-soul/,Food for the Soul,Article,,"December 31, 2012",health and nutrition,food,title,"While food can comfort the body, there are ways to have its blessings reach your soul. There was a famous scholar who, with his wife, ran a khanaqah (an in-house religious dormitory for young boys). Here the students would spend long hours memorizing Islamic religious texts and laws along with learn",2026-10-04
https://ifanca.org/resources/comfort-foods-across-cultures/,Comfort Foods Across Cultures,Article,,"December 31, 2012",community and events,cultur,title,"Warm apple pie or a spicy chicken stew, a hearty soup or piping hot haleem (a slow cooked, spicy meat and grain dish popular in South Asia), regardless of when or where you grew up, chances are your comfort food of choice elicits those warm, fuzzy feelings as when you first ate them. Comfort foods t",2026-10-04
https://ifanca.org/resources/the-dietitian-is-in-a-prescription-to-aging-gracefully/,The Dietitian Is In—A Prescription to Aging Gracefully,Article,,"December 31, 2012",health and nutrition,diet,title,"Mrs. Molly Darden, an Atlanta, Georgia native, exchanged a sedentary lifestyle for water skiing at age 70. “After several water skiing lessons, I began to believe I could do it and found it challenging and satisfying to recapture the vigor and discipline of my earlier years,” says Darden, 71, a gran",2026-10-04
https://ifanca.org/resources/food-fraud-on-us-dining-tables/,Food Fraud on US Dining Tables,Article,,"December 31, 2012",health and nutrition,food,title,"If you have lived in developing countries, the notion of food being adulterated with poor quality, even harmful ingredients, is not uncommon. Given the global nature of food sourcing these days, there are no barriers to the growing scourge of food adulteration and fraud. According to Dr. John Spink,",2026-10-04
https://ifanca.org/resources/the-case-for-halal-certification-if-there-is-no-meat-in-a-product/,The Case for Halal Certification if There Is No Meat in a Product,Article,,"December 31, 2012",industry and certification,certif,title,"Chocolate is a universal weakness. Its ingredients generally are cocoa, sugar, butter, whey, nuts. It could also be flavored with mint, strawberry or vanilla. And it could contain emulsifiers such as egg yolks or lecithin. The making of food is a complex process and we’re not talking about cooking i",2026-10-04
https://ifanca.org/resources/halal-for-entrepreneurs-your-key-to-new-markets/,Halal for Entrepreneurs: Your Key to New Markets,Article,,"December 31, 2012",industry and certification,markets,title,"If you are reading this, you have probably been mulling over the possibility of entering the halal certified products business. According to business trends, halal is a $2.1 trillion global market, with North America’s share at US $20 million annually for halal foods. With the increasing complexity ",2026-10-04
https://ifanca.org/resources/the-buzz-on-facebook-com-halalconsumer/,The Buzz on Facebook.com/HalalConsumer,Article,,"December 31, 2012",other,,no match,I received the Fall edition yesterday and have already read it cover to cover. The ′Do-it-Yourself Udhiyah′ was perfectly timed as I have been considering the pros and cons of this for our family. Also can’t wait to try some of Malika’s cookie recipes with the Shortbread being on top of my list. Tha,2026-10-04
https://ifanca.org/resources/whey-to-go-the-best-kept-health-weight-management-secret/,Whey to Go: The Best Kept Health (& Weight Management) Secret,Article,,"December 31, 2012",ingredients,whey,title,"As the mother of a high schooler, who puts in long hours studying and on the hockey field, I am rather shocked by how hard these kids work and play. As a parent, I want to make sure my daughter is getting the nutrition she needs to be at her optimum. Something that repairs and rebuilds muscle and ti",2026-10-04
https://ifanca.org/resources/the-fit-muslim-come-rain-or-snow/,The Fit Muslim—Come Rain or Snow,Article,,"December 31, 2012",health and nutrition,fit,title,"Ayesha Akhtar is a community health educator for both the Epilepsy Foundation of Greater Chicago as well as HEART Women + Girls, which she co-founded. Her fitness routine involves running an average of 30-35 miles/week, strength training with her sons 2-3 times/week, and spinning once a week. Abs ar",2026-10-04
https://ifanca.org/resources/butternut-squash-soup/,Butternut Squash Soup,Recipe,,"December 31, 2012",recipes,type=Recipe,listing type,"Serves: 6 | Prep Time: 20 minutes | Cook Time: 35 minutes Ingredients 2 lb. butternut squash, peeled and diced 1 apple, peeled and diced 2 large carrots, peeled and diced 1 medium onion, diced 4 cloves of garlic, minced 12 sage leaves 4 cups of halal chicken or vegetable broth ½ cup of Organic Valle",2026-10-04
https://ifanca.org/resources/spiced-brownies/,Spiced Brownies,Recipe,,"December 31, 2012",recipes,type=Recipe,listing type,Serves: 6-8 | Prep Time: 10 minutes | Bake Time: 18-25 minutes Ingredients 1¼ cups granulated sugar ¾ cup Organic Valley® butter 2 tablespoon water 2 large Organic Valley® eggs 2 teaspoon halal Vanilla extract 1⅓ cup all-purpose flour ½ teaspoon baking powder ¼ teaspoon salt ¾ cup cocoa 1 teaspoon c,2026-10-04
https://ifanca.org/resources/eggplant-and-arugula-salad/,Eggplant and Arugula Salad,Recipe,,"December 31, 2012",recipes,type=Recipe,listing type,"Serves: 8 | Prep Time: 20 minutes | Cook Time: 20 minutes Ingredients 6 slices of small eggplant, ¼ inch each 3 cups Panko bread crumbs 3 tablespoons chopped sage 1 tablespoon garlic powder 1 teaspoon cayenne pepper 1 teaspoon black pepper 1 teaspoon paprika 1 teaspoon salt 2 large Organic Valley® e",2026-10-04
https://ifanca.org/resources/spicy-haute-dining/,Spicy Haute Dining,Article,,"December 31, 2012",other,,no match,It is said that people eat with their eyes first and the way food looks has the power to augment or diminish its taste. Uncomplicated pretty plating techniques can elevate our standards in the kitchen and make family meal times that much more interesting. And you don’t have to be a gourmet cook to a,2026-10-04
https://ifanca.org/resources/does-it-have-to-be-organic/,Does It Have to Be Organic?,Article,,"December 31, 2012",health and nutrition,organic,title,"Ten years ago, organic products were limited to certain stores, brands, and quantities. But that was then. According to the Organic Trade Association’s 2011 Survey, U.S. sales of organic food and beverages have grown from $6.1 billion in 2000 to $26.7 billion in 2010. In fact, organic food outpaced ",2026-10-04
https://ifanca.org/resources/when-the-price-is-not-always-right/,When the Price Is Not Always Right,Article,,"December 31, 2012",other,,no match,"Many of us have come to dread the thought of making a trip to the grocery store only to be sucker punched by the sticker price. This summer, the average cost of a gallon of milk and a pound of ground beef was approximately $3.50 each, whereas chicken was $1.50 per pound according to the U.S. Bureau ",2026-10-04
https://ifanca.org/resources/from-the-publishers-desk-winter-2012/,From the Publisher’s Desk,Editorial,,"December 31, 2012",other,,no match,"Aasalamu Alaikum IFANCA is preparing for its 15th International Halal Food Conference to be held in Chicago from April 11 to 13, 2013. Normally an opportunity exclusive to IFANCA’s clients, this year’s conference will be open to all those interested in halal including companies, independent entrepre",2026-10-04
https://ifanca.org/resources/editors-note-winter-2012/,Editor’s Note,Editorial,,"December 31, 2012",other,,no match,"Assalamu Alaikum Winter, for me, is the huddle before the game. It is a time for research and reflection so that we can set goals and make plans to achieve them in the New Year. Focusing on health and fitness is invariably on most people’s to-do list. We’ll put you on the right track with The Fit Mu",2026-10-04
https://ifanca.org/resources/speckled-chocolate-chip-cookies/,Speckled Chocolate Chip Cookies,Recipe,,"September 30, 2012",recipes,type=Recipe,listing type,Preparation Time: 10 min. | Cooking Time: 12 min. Makes 48 cookies (360g) Ingredients 1 cup (250 ml) black bean flour or whole bean flour ½ tsp (2 ml) baking soda dash salt ½ cup (125 ml) unsalted butter or buttery spread ½ cup (125 ml) sugar ¼ cup (50 ml) packed brown sugar 1 egg 1 tsp (5 ml),2026-10-04
https://ifanca.org/resources/peanut-butter-cookies/,Peanut Butter Cookies,Recipe,,"September 30, 2012",recipes,type=Recipe,listing type,Preparation Time: 10 min. | Baking Time: 10 to 12 min. Makes 32 small cookies Ingredients 1 cup (250 ml) crunchy natural peanut butter 1 cup (250 ml) sugar 2 large eggs 1 tsp (5 ml) vanilla extract ½ cup (125 ml) chickpea (garbanzo) flour ¼ tsp (1 ml) xanthan gum ⅛ tsp (dash) table salt Directions P,2026-10-04
https://ifanca.org/resources/oatmeal-berry-bars/,Oatmeal-Berry Bars,Recipe,,"September 30, 2012",recipes,type=Recipe,listing type,Preparation Time: 10 min. | Baking Time: 20 to 25 min. Makes 16 squares Ingredients 1 cup (250 ml) white bean flour 1 cup (250 ml) pure uncontaminated rolled oats* ½ cup (125 ml) packed dark brown sugar 1½ tsp (7 ml) xanthan gum ¾ tsp (4 ml) cinnamon ¼ tsp (1 ml) ground allspice ¼ tsp (1 ml) table,2026-10-04
https://ifanca.org/resources/crepes/,Crêpes,Recipe,,"September 30, 2012",recipes,type=Recipe,listing type,"Preparation Time: 5 min. | Baking Time: 10 min. Makes six 8-inch crêpes Ingredients 1 egg ½ cup (125 ml) milk of choice 1 tsp (5 ml) canola oil 1 tbsp (15 ml) parsley, chopped 1 tbsp (15 ml) grated parmesan or substitute of choice pinch salt and pepper ½ cup (125 ml) chickpea (garbanzo) flour Direct",2026-10-04
https://ifanca.org/resources/chocolate-brownies/,Chocolate Brownies,Recipe,,"September 30, 2012",recipes,type=Recipe,listing type,"Preparation Time: 10 min. | Baking Time: 30 to 35 min. Makes 16 servings Ingredients ½ cup (125ml/1 stick) unsalted butter or buttery spread ¾ cup (175ml/about 6 oz) bittersweet chocolate chips 1¾ cups (300 ml) sugar 3 large eggs, room temperature ½ cup (125 ml) black bean flour ¼ cup (50 ml) cocoa ",2026-10-04
https://ifanca.org/resources/apple-crisp/,Apple Crisp,Recipe,,"September 30, 2012",recipes,type=Recipe,listing type,Preparation Time: 15 min. | Baking Time: 40 to 45 min. Makes 6 servings Ingredients Fruit 5 large Granny Smith apples zest and juice of 1 lemon 2 tbsp (30 ml) sugar 1 tsp (5ml) vanilla extract Topping ½ cup (125 ml) chickpea (garbanzo) flour 3 tbsp (45 ml) packed brown sugar 3 tbsp (45 ml) granulate,2026-10-04
https://ifanca.org/resources/get-your-bean-flour-fix/,Get Your Bean Flour Fix,Recipe,,"September 30, 2012",recipes,type=Recipe,listing type,Apple Crisp Chocolate Brownies Crêpes Oatmeal-Berry Bars Peanut Butter Cookies Speckled Chocolate Chip Cookies,2026-10-04
https://ifanca.org/resources/clean-labels-a-story-of-consumer-clout/,Clean Labels: A Story of Consumer Clout,Article,,"September 30, 2012",ingredients,clean label,title,"Healthy eating experts recently cheered along with Walmart executives as they unveiled a new grocery logo in Washington D.C. Yes, Walmart’s new “Great for You” logo stars in a fresh campaign and is leading the ‘clean’ labeling trend sweeping the food industry. As more shoppers seek nourishing food a",2026-10-04
https://ifanca.org/resources/give-thanks-like-there-is-no-tomorrow/,Give Thanks Like There Is No Tomorrow,Article,,"September 30, 2012",other,,no match,"Thanksgiving — just the mention of the word conjures images of homes bustling with family and happy voices, and an endless spread including roasted turkey, warm bread rolls, pistachio Jello moulds and cranberry sauce. For those with younger kids, it’s also a time for school plays about the pilgrims ",2026-10-04
https://ifanca.org/resources/chewy-ginger-cookies/,Chewy Ginger Cookies,Recipe,,"September 30, 2012",recipes,type=Recipe,listing type,"This is the ultimate holiday spice cookie that tickles the tongue and satisfies the most sophisticated of palettes. The fresh ginger gives it a real kick, the sweet cardamom adds an unusual backdrop of flavor and the orange zest brightens up the cookie. Try and use the most freshly ground spices you",2026-10-04
https://ifanca.org/resources/maple-walnut-sticky-bars-with-clove-scented-shortbread/,Maple Walnut Sticky Bars with Clove Scented Shortbread,Recipe,,"September 30, 2012",recipes,type=Recipe,listing type,"These shortbread bars have an irresistible crisp cookie bottom with a subtle hint of sweet, aromatic clove. The topping is quick and requires no additional baking. The result is a gooey toffee nut topping with a deep maple flavor. These bars are the perfect to finish off a meal as an accompaniment w",2026-10-04
https://ifanca.org/resources/cornmeal-rosemary-cookies/,Cornmeal Rosemary Cookies,Recipe,,"September 30, 2012",recipes,type=Recipe,listing type,"Not too sweet, not too savory, these cookies can be enjoyed as a dessert or as an accompaniment to a cheese platter. The freshness of the rosemary pairs beautifully with the natural sweetness and nuttiness of the cornmeal. These cookies taste best after a day or two, as the flavors have time to marr",2026-10-04
https://ifanca.org/resources/oat-crisps-with-cranberries-and-orange/,Oat Crisps with Cranberries and Orange,Recipe,,"September 30, 2012",recipes,type=Recipe,listing type,These elegant cookies require only a few minutes to put together. They have the toasty and warm flavor of brown sugar and molasses and a brightness from orange and cranberries. They are a quick and easy holiday treat to share with loved ones. Ingredients 10 tablespoons Organic Valley® unsalted butte,2026-10-04
https://ifanca.org/resources/thanksgiving-treats-with-malika-ameen/,Thanksgiving Treats with Malika Ameen,Article,,"September 30, 2012",other,,no match,"Malika Ameen (www.MalikaAmeen.com) is passionate about beautiful, delicious food. From attending New York’s Institute of Culinary Education and the French Culinary Institute, to working with an array of renowned pastry chefs, Malika has had a stellar background of culinary training. She has worked a",2026-10-04
https://ifanca.org/resources/snack-on-this-the-not-so-lowly-lentil-makes-a-comeback/,Snack on This: The Not-So-Lowly Lentil Makes a Comeback,Article,,"September 30, 2012",health and nutrition,snack,title,"This tiny powerhouse packs a punch of nutrients, fiber, iron and protein. Formerly relegated to ethnic grocery stores, the humble lentil is finally garnering respect across mainstream North American grocery stores. Lentils, aka daal in South Asia, also have a new lease on life as (and you may not be",2026-10-04
https://ifanca.org/resources/seekh-kebab-outdoor-grilling/,Seekh Kebab (Outdoor Grilling),Recipe,,"September 30, 2012",recipes,type=Recipe,listing type,"Feeds one elementary school class Ingredients 5 lb. ground beef, washed 1 medium size onion chopped finely 4 green chilies ½ green bell pepper 1 tablespoon ginger root 1 bunch cilantro 2 tablespoon garlic paste 1 tablespoon ginger paste 2 teaspoon papaya paste (or meat tenderizer) 1 tablespoon salt ",2026-10-04
https://ifanca.org/resources/chapli-kebab-burgers/,Chapli Kebab Burgers,Recipe,,"September 30, 2012",recipes,type=Recipe,listing type,"Feeds one hungry basketball team Ingredients 5 lbs. ground beef, washed 2 bunches of green onions, finely chopped 2 big tomatoes (firm) 4 green hot chilies, finely chopped 1 tablespoon salt 2 tablespoon ginger & garlic paste ½ cup oil for frying burger buns, toasted Dry Ingredients 10 whole red chil",2026-10-04
https://ifanca.org/resources/dopiyaaza-wrap/,Dopiyaaza Wrap,Recipe,,"September 30, 2012",recipes,type=Recipe,listing type,"Serves 4 hungry middle schoolers Ingredients 2 pound veal, washed 3 medium size onions, chopped 10 pods garlic, peeled 1 inch ginger root, peeled ¼ cup water 2 bay leaves ½ cup vegetable oil 10 whole dried red chilies, crushed 6 cloves 10 black pepper corns 1 small cinnamon stick 1 cardamom 3 tables",2026-10-04
https://ifanca.org/resources/beef-sandwich/,Beef Sandwich,Recipe,,"September 30, 2012",recipes,type=Recipe,listing type,"Feeds one hungry football team Ingredients 5 lbs. chunk of lean beef, washed 1 cup yogurt, whipped 1 tablespoon black pepper powder 1 teaspoon ginger and garlic paste 1 tablespoon salt For Sandwich whole wheat bread slices mayonnaise to taste Instructions Mix together ginger garlic paste, black pepp",2026-10-04
https://ifanca.org/resources/getting-a-head-start-pilgrims-hajj-bound-younger/,"Getting a Head Start: Pilgrims Hajj Bound, Younger",Article,,"September 30, 2012",community and events,hajj,title,"It was a no-brainer for Salma, 26 and Safi Aslam, 29 from Oak Park, Illinois, to go for Hajj in 2011, just two years after they got married. Like many their age, it was the influence of the increasing number of programs and young scholars giving classes in metropolitan Chicago that motivated them to",2026-10-04
https://ifanca.org/resources/food-deserts-scarcity-in-the-lands-of-plenty/,Food Deserts: Scarcity in the Lands of Plenty,Article,,"September 30, 2012",health and nutrition,food,title,"Like many parents, Rafiqul Haque has very busy Saturday mornings. An immigrant who moved from Bangladesh to Canada, he walks ten minutes to the nearest bus stop, foldable grocery cart in hand. He will change two buses to reach the nearest supermarket, embarking on a one-and-a-half hour commute each ",2026-10-04
https://ifanca.org/resources/the-buzz-on-facebook-com-halal-consumer-fall-2012/,The Buzz on Facebook.com/HalalConsumer,Article,,"September 30, 2012",other,,no match,"I really enjoyed the article, “A Child’s First Fast” in the Summer 2012 issue of Halal Consumer. As a mother of a 9-year-old, and 8-year-old and a 7-year-old, I am sure the advice and tips will come in very handy in the near future. – Israth Ali got my copy of Halal Consumer yesterday….great job!!! ",2026-10-04
https://ifanca.org/resources/hand-slaughter-sparing-animal-suffering/,Hand Slaughter – Sparing Animal Suffering,Article,,"September 30, 2012",halal basics,slaughter,title,"It is becoming increasingly clear that there are questions related to religious slaughter that need to be addressed. The way we approach the religious slaughter should be exemplified by the following saying of the Prophet Muhammad* (hadith): According to Abu Ya’laa Shaddaad bin Aws, the Prophet Muha",2026-10-04
https://ifanca.org/resources/do-it-yourself-udhiyah-sacrifices-on-the-rise-in-the-usa/,Do-it-Yourself Udhiyah Sacrifices on the Rise in the USA,Article,,"September 30, 2012",other,,no match,"Seeing a goat or lamb being slaughtered in front of your eyes translates into seeing blood. Lots of blood. Gushing on the floor. Nevertheless, for an increasing number of families personally doing the slaughter is an experience that brings the story of Prophet Ibrahim’s* spirit of sacrifice to life.",2026-10-04
https://ifanca.org/resources/halal-is-it-here-yet/,Halal: Is It Here Yet?,Article,,"September 30, 2012",industry and certification,halal certif,opening text,"Did you know that all the major restaurant chains in Singapore are halal certified? And did you also know that the Muslim population in Singapore is approximately the same as that of Muslims in Metro Chicago? Many halal products being shipped to Singapore, Malaysia and Indonesia are supplied by US m",2026-10-04
https://ifanca.org/resources/unwrapped-packaging-you-can-eat/,Unwrapped: Packaging You Can Eat,Article,,"September 30, 2012",industry and certification,manufacturer,opening text,"Are you a foodie who will try anything at least once? If so, try wrapping your head around this: edible cupcake wrappers. Or imagine drinking your favorite soft drink and then munching on the bottle it came in? Do these ideas gross you out or are they environmentally friendly? While this may sound u",2026-10-04
https://ifanca.org/resources/from-the-publishers-desk-fall-2012/,From the Publisher’s Desk,Editorial,,"September 30, 2012",other,,no match,"Aasalamu Alaikum and Eid Mubarak. May the peace and Blessings of the Almighty be upon you. The awareness of halal in America was non-existent, just a couple of decades ago. Today, major media outlets cover halal issues regularly. Conferences on halal as an economic opportunity are occurring all over",2026-10-04
https://ifanca.org/resources/editors-note-fall-2012/,Editor’s Note,Editorial,,"September 30, 2012",other,,no match,"Aasalamu Alaikum If you have been following the latest food trends, you have probably heard of edible wrapping, clean labels, food deserts and lentil based snacks. What many consumers may not know is how closely IFANCA and halal are associated with many of those trends. In this issue, we have Unwrap",2026-10-04
https://ifanca.org/resources/halal-on-the-go-vacationing-while-muslim/,Halal on the Go: Vacationing While Muslim,Article,,"June 30, 2012",halal basics,vacationing,title,"For Imam Abdul Malik Mujahid, head of the Council for a Parliament of the World’s Religions, it was the Arabic labels featuring the word “halal”, that helped him find the meals he needed when traveling to China and Thailand. “I always eat halal wherever I am and labeling does help,” said the chair o",2026-10-04
https://ifanca.org/resources/think-outside-the-envelope-creative-eid-gifts-from-five-muslim-owned-companies/,Think Outside the Envelope: Creative Eid Gifts from Five Muslim-Owned Companies,Article,,"June 30, 2012",industry and certification,companies,title,"When Mahnoor Asim’s spunky four-year old asked, “Why doesn’t Santa ever come to our house?” she knew she had to do something. Muslim children in North America are not to blame when they see the holiday hoopla at malls. Compare that to Eid when they are shuffled from one house to another in uncomfort",2026-10-04
https://ifanca.org/resources/national-school-lunch-standards-get-a-makeover-schools-raise-the-bar/,National School Lunch Standards Get a Makeover & Schools Raise the Bar,Article,,"June 30, 2012",industry and certification,standard,title,"When American children walk into school lunch rooms wafting with the aroma of fried foods and sweet treats, they fill millions of lunch trays with processed, commercially prepared chicken nuggets, pizzas, fries and sugary drinks. This year, the National School Lunch Program received a revolutionary ",2026-10-04
https://ifanca.org/resources/the-a-z-of-makeup/,The A-Z of Makeup,Article,,"June 30, 2012",other,,no match,"Tips and Tricks shared by Reem Saenz, owner of S2 Makeup Artistry by Reem Saenz in Texas and Anna Shafiei, co-owner of Lipstick Squad in Aurora, Illinois. A: Always look approachable. Don’t let your makeup overpower your personality or God-gifted features. B: Beware of Bridezilla: Some brides transf",2026-10-04
https://ifanca.org/resources/dearborns-meals-on-wheels-delivers-a-recipe-for-halal-success/,Dearborn’s Meals on Wheels Delivers a Recipe for Halal Success,Article,,"June 30, 2012",community and events,meals on wheels,title,"Imagine the despair of being elderly, alone, and hungry. One of ten senior citizens have worried about food, according to the Meals on Wheels Association of America Funded through the Administration on Aging, Senior Nutrition Programs help ease hunger by serving over one million meals to older peopl",2026-10-04
https://ifanca.org/resources/ka-ching-the-economic-impact-of-ramadan/,Ka-Ching! The Economic Impact of Ramadan,Article,,"June 30, 2012",community and events,ramadan,title,"It was a chilly weekend in April as hungry diners waited to be seated at Usmania, which serves pungent halal Indian and Pakistani dishes. Inside the bustling Usmania restaurant on Chicago’s well-known Devon Avenue shopping district, managers and chefs were preparing for the Ramadan rush. The Muslim ",2026-10-04
https://ifanca.org/resources/a-farm-to-fridge-journey-into-the-world-of-halal-a-midan-webinar/,A Farm to Fridge Journey into the World of Halal: A MIDAN Webinar,Article,,"June 30, 2012",community and events,webinar,title,"May 31, 2012 — “A Farm to Fridge Journey into the World of Halal: Expanding Opportunities for the Food and Nutrition Professional” was a webinar hosted by Muslims in Dietetics and Nutrition (MIDAN), a Member Interest Group (MIG) of the Academy of Nutrition and Dietetics. MIDAN aims to reduce dispari",2026-10-04
https://ifanca.org/resources/halal-finds-a-home-at-university-of-chicago/,Halal Finds a Home at University of Chicago,Article,,"June 30, 2012",community and events,universit,title,"An urban campus bristling with energy, the University of Chicago (UChicago) in Hyde Park is famous for its extraordinary number of Nobel Laureates. Its ivy-covered, gray stone, gothic buildings ornamented with gargoyles and grotesques also happen to be President Obama’s former place of work. Most re",2026-10-04
https://ifanca.org/resources/sharing-the-essence-of-ramadan/,Sharing the Essence of Ramadan,Article,,"June 30, 2012",community and events,ramadan,title,"For their weekly staff meeting, Basma Jabbar’s coworkers usually order bagels and donuts. In Ramadan, however, it’s different. They choose not to do so out of respect for their colleague who does not eat or drink from dawn to dusk for one month. But it was not always that way. Over the years, Jabbar",2026-10-04
https://ifanca.org/resources/in-the-spirit-of-ramadan/,In the Spirit of Ramadan,Article,,"June 30, 2012",community and events,ramadan,title,"If it’s Ramadan, there have got to be dates in the house. Here are some delicious recipes for this healthy yet deliciously sweet fruit. IFANCA halal-certified date manufacturers include Bard Valley Medjool Date, Arizona, Desert Valley Date, California, Mariani Packing Company, California, and Sun Da",2026-10-04
https://ifanca.org/resources/a-childs-first-fast/,A Child’s First Fast,Article,,"June 30, 2012",other,,no match,"Nothing brings families together like the month of Ramadan. It is a time of reflection, unity, peace, giving to the less fortunate and being grateful for all that we have. Although fasting is not obligatory until the age of puberty, watching family members and relatives fast, some children want to p",2026-10-04
https://ifanca.org/resources/from-the-publishers-desk-summer-2012/,From the Publisher’s Desk,Editorial,,"June 30, 2012",other,,no match,"Assalamu Alaikum The awareness of halal in America was non-existent, just a couple of decades ago. Today, major media outlets cover halal issues regularly. Conferences on halal as an economic opportunity are occurring all over the world. There are innumerable blogs, YouTube videos and Facebook pages",2026-10-04
https://ifanca.org/resources/editors-note-summer-2012/,Editor’s Note,Editorial,,"June 30, 2012",other,,no match,"Assalamu Alaikum May your Ramadan be blessed and we hope, inshallah , that this issue of Halal Consumer helps you prepare to make the most of the month. We focus on Ramadan through the lens of A Child’s First Fast and by Sharing the Essence of Ramadan . Get into The Spirit of Ramadan with these ifta",2026-10-04
https://ifanca.org/resources/halal-shoppers-quick-reference-guide-to-products/,Halal Shopper’s Quick Reference Guide to Products,Guide,,"April 25, 2012",ingredients,read in full: lists doubtful ingredients by product type,manual review,"Products Examples of Mashbooh* (Doubtful) Ingredients *If a product contains either an alcohol content of greater than 0.1% OR any animal-sourced ingredient , it should be avoided . Call and confirm with the manufacturer. Bagel Cysteine Hydrochloride, Enzymes, Folic Acid, Niacin Bread Lecithin, Mono",2026-10-04
https://ifanca.org/resources/palestinian-anzac-biscuits/,Palestinian Anzac Biscuits,Recipe,,"March 31, 2012",recipes,type=Recipe,listing type,"Servings: 15-20 pcs | Prep Time: 15 min | Cooking Time: 15-20 min Ingredients 1 cup flour 1 cup shredded coconut 1 cup sugar 1 cup rolled oats 8 tablespoons 2 tablespoons corn syrup 2 tablespoons water 1 teaspoon baking soda Equipment measuring cups, spoons and bowls baking pan basting brush Directi",2026-10-04
https://ifanca.org/resources/malaysian-banana-and-coconut-pudding/,Malaysian Banana and Coconut Pudding,Recipe,,"March 31, 2012",recipes,type=Recipe,listing type,Servings: 6 | Prep Time: 10 min | Cooking Time: 1 hr 50 min Ingredients 3 firm-ripe bananas 1 can un-sweetened coconut milk ⅓ cup sugar 2 tablespoons butter 2 tablespoons coarsely chopped crystallized ginger (optional) 1 tablespoon small pearl tapioca (slow cooking) Ingredients for Crystallized Ging,2026-10-04
https://ifanca.org/resources/indo-pak-kalakund/,Indo-Pak Kalakund,Recipe,,"March 31, 2012",recipes,type=Recipe,listing type,Servings: 20-25 pcs | Prep Time: 15 min | Cooking Time: 15 min Ingredients 1 lb halal Paneer (cheese available at ethnic stores) 1 small can condensed milk 2 tbsp milk powder 3-4 cardamom (powdered) 1 tablespoon cooking oil finely chopped nuts 1 silver edible leaf (optional) Equipment 1 mixing bowl ,2026-10-04
https://ifanca.org/resources/sudanese-baseema-cake/,Sudanese Baseema Cake,Recipe,,"March 31, 2012",recipes,type=Recipe,listing type,Servings: 20-25 pcs | Prep Time: 20 min | Cooking Time: 30-35 min Ingredients 2 cups flour 5 eggs 1½ cup sugar 1 cup shredded coconut 500 grams yogurt (about 2 cups) ¾ cup oil or butter ¼ cup chopped Paramount nuts (optional) 1 teaspoon vanilla essence 1 tablespoon lemon juice 2 teaspoons baking pow,2026-10-04
https://ifanca.org/resources/syrian-baklava/,Syrian Baklava,Recipe,,"March 31, 2012",recipes,type=Recipe,listing type,"Servings: 12 | Prep Time: 20 min| Cooking Time: 45-60 min Ingredients 2 lbs of Filo Dough- 1 lb for top layer and 1 lb for bottom layer 3½ cups granulated sugar/organic sugar 4 cups chopped nuts such as walnuts, almonds or pistachios 2 cups unsalted butter 1 cup water Equipment measuring cups, spoon",2026-10-04
https://ifanca.org/resources/kids-in-the-kitchen-a-cooking-competition/,Kids in the Kitchen: A Cooking Competition!,Article,,"March 31, 2012",health and nutrition,cook,title,"There are few things that bring families closer than enjoying a meal together. If you want to take bonding up a notch, then how about cooking or baking together? Not only is it time spent as a family in this increasingly busy world, but it’s also an exercise in reading and following instructions. Ch",2026-10-04
https://ifanca.org/resources/foods-of-paradise/,Foods of Paradise,Article,,"March 31, 2012",health and nutrition,foods,title,"Among His limitless mercy upon all of mankind, God has blessed those who obey him with the ultimate reward of heaven. While no ordinary human being can accurately comprehend the multi-faceted nature of Paradise, special mention of its magnificence has been noted in both the Quran and the practices o",2026-10-04
https://ifanca.org/resources/portion-control-a-new-years-resolution/,Portion Control: A New Year’s Resolution,Article,,"March 31, 2012",community and events,food pantry,opening text,"Winter brings with it short, cold days and increased hours spent indoors. To many of us that means more opportunities to reach for the fridge and food pantry. We may also eat to battle boredom. A secret to keeping our appetites in check is remembering that eating in moderation means following the su",2026-10-04
https://ifanca.org/resources/its-good-for-you/,It’s Good for You,Article,,"March 31, 2012",other,,no match,"Paramount Farms and Bard Valley Medjool Dates Trail Mix Heaven If you’re in Snow Country, like we are here in Chicago, winter doesn’t mean settling for cabin fever. Plan a fun day with your kids that involves an activity, healthful snacking, and a day of family bonding. Hit the slopes or find the cl",2026-10-04
https://ifanca.org/resources/demystifying-food-labels/,Demystifying Food Labels,Article,,"March 31, 2012",ingredients,food labels,title,"Fat free! Natural! Whole Grains! No HFCS! Do you often feel bombarded with buzzwords when it comes to food? Every time you look at a television commercial for food, or walk down a grocery aisle, do you see a new claim attempting to convince you to buy the product? Reading and understanding food clai",2026-10-04
https://ifanca.org/resources/halal-and-nutrition-workshops-at-a-venue-near-you/,Halal and Nutrition Workshops: At a Venue Near You,Article,,"March 31, 2012",community and events,workshop,title,"Mrs. Obama is the spirit behind Let’s Move! a campaign to bring together community leaders, teachers, doctors, nurses, moms and dads in a nationwide effort to tackle the challenge of childhood obesity. Let’s Move! has an important, albeit ambitious, goal: “to solve the epidemic of childhood obesity ",2026-10-04
https://ifanca.org/resources/refreshing-peach-tea/,Refreshing Peach Tea,Recipe,,"March 31, 2012",recipes,type=Recipe,listing type,Glass size: 16 oz Ingredients ice ¾ oz. Monin Peach Syrup 7 oz. fresh brewed tea Garnish Options: lemon peach Directions Add Monin Syrup to cup and fill glass with ice. Fill with fresh-brewed tea and stir or transfer from cup to cup.,2026-10-04
https://ifanca.org/resources/spring-strawberry-lemonade/,Spring Strawberry Lemonade,Recipe,,"March 31, 2012",recipes,type=Recipe,listing type,"Glass size: 16 oz Ingredients ¾ oz. Monin Strawberry Syrup 7 oz. lemonade Garnish Options: strawberry lemon Directions Fill serving glass with ice. Add remaining ingredients. Cap and shake vigorously, or transfer from serving glass to other glass and back. Garnish.",2026-10-04
https://ifanca.org/resources/skinny-french-vanilla-iced-coffee/,Skinny French Vanilla Iced Coffee,Recipe,,"March 31, 2012",recipes,type=Recipe,listing type,"Glass size: 16 oz. Ingredients ice ¾ oz. Monin Sugar Free French Vanilla Syrup 3 oz. chilled strong coffee 3 oz. cold, low fat milk Step 1 Fill glass with ice. Step 2 Add remaining ingredients. Step 3 Cap and shake vigorously, or transfer from serving glass to other glass and back. Step 4 Garnish. F",2026-10-04
https://ifanca.org/resources/creme-caramel-iced-coffee/,Crème Caramel Iced Coffee,Recipe,,"March 31, 2012",recipes,type=Recipe,listing type,"Glass size: 16 oz. Ingredients ice ¾ oz. Monin Crème Caramel Syrup 3 oz. chilled strong coffee 3 oz. cold milk Step 1 Fill glass with ice. Step 2 Add remaining ingredients. Step 3 Cap and shake vigorously, or transfer from serving glass to other glass and back. Step 4 Garnish. Also delicious with Mo",2026-10-04
https://ifanca.org/resources/a-splash-of-hazelnut-syrup/,A Splash of Hazelnut Syrup,Article,,"March 31, 2012",other,,no match,"When I think of syrups, two brands that I’ve loved since I was a child instantly come to mind – Ribena, a grape flavored syrup and RoohAfza, a rose flavored syrup that’s a Ramadan staple in many a South Asian household. However, if you ask me what my favorite flavors are, I wouldn’t hesitate to say ",2026-10-04
https://ifanca.org/resources/ifancas-religious-advisor-passes-away/,IFANCA’s Religious Advisor Passes Away,Article,,"March 31, 2012",health and nutrition,nutrition,opening text,"March 21, Florida – Dr. Syed Jaafar Mohiuddin Al-Quaderi, long serving religious advisor to the Islamic Food and Nutrition Council of America, passed away recently in Florida. Dr. Al-Quaderi was one of the earliest Islamic scholars in North America who attempted to learn the intricacies of modern fo",2026-10-04
https://ifanca.org/resources/waste-not-want-not/,"Waste Not, Want Not",Article,,"March 31, 2012",other,,no match,"As she maneuvered her shopping cart towards the check out lanes at Costco, Huma Ahmed of Lombard, IL was in for a shock. Handing over a bag of oranges, she noticed that one was rotten. She pointed it out to the clerk who immediately got on the PA system to get Mrs. Ahmed a replacement bag. What the ",2026-10-04
https://ifanca.org/resources/drinking-your-way-to-wellness/,Drinking Your Way to Wellness,Article,,"March 31, 2012",health and nutrition,wellness,title,"In Japanese culture, it is popular to drink water as soon as one wakes up. In other South-Asian cultures, 8 glasses of warm water on an empty morning stomach is considered a natural way to lose weight. In Islamic tradition, it is believed that Prophet Muhammad described water as the best drink in th",2026-10-04
https://ifanca.org/resources/from-the-publishers-desk-spring-2012/,From the Publisher’s Desk,Editorial,,"March 31, 2012",other,,no match,"Assalamu Alaikum 2011 proved that the halal industry is not in its infancy any more. We knew the industry had attained mainstream status when HSBC, a global bank corporation, had advertisements at the airports stating, “halal trade is worth 3 trillion dollars globally”. Yes, halal is a $3 trillion e",2026-10-04
https://ifanca.org/resources/editors-note-spring-2012/,Editor’s Note,Editorial,,"March 31, 2012",other,,no match,"Assalamu Alaikum With every New Year come New Year’s Resolutions. In this issue, we want to help you get 2012 started on the right foot. Besides exercise, what you feed your body makes all the difference. That’s why our first recommendation is Demystifying Food Labels . We also look at what makes Fo",2026-10-04
https://ifanca.org/resources/halal-shoppers-guide-to-ingredients/,Halal Shopper’s Guide to Ingredients,Guide,Ingredients,"September 21, 2011",ingredients,ingredient,title,"This guide is intended to help halal consumers select acceptable food products in the supermarket. Products contain many ingredients in varying quantities, including trace amounts of haram or questionable ingredients. This list includes some of the more common ingredients that must be avoided or inv",2026-10-04
https://ifanca.org/resources/coconut-flan/,Coconut Flan,Recipe,,"March 31, 2011",recipes,type=Recipe,listing type,"Serves 4-6 Ingredients 1 can (13.5 oz) coconut milk 2 cups heavy whipping cream 6 eggs ¾ cup superfine organic cane sugar 1½ teaspoon alcohol free vanilla extract or 1 vanilla bean, split in half lengthwise pinch of salt Step 1 Preheat oven to 350°. Step 2 In a saucepan over medium heat, warm the co",2026-10-04
https://ifanca.org/resources/shrimp-scampi-mediterraneo/,Shrimp Scampi Mediterraneo,Recipe,,"March 31, 2011",recipes,type=Recipe,listing type,"Serves 4-6 Ingredients 6 cloves garlic ½ cup unsalted butter 1 lb. bag of penne pasta 1 tablespoon olive oil 2 large tomatoes, diced ½ small white onion, diced 2 lbs. fresh shrimp, peeled and de-veined (cleaned), with tail on ¼ cup white grape juice 1 tablespoon capers freshly grated halal Romano ch",2026-10-04
https://ifanca.org/resources/chickpea-sun-dried-tomato-salad/,Chickpea & Sun-Dried Tomato Salad,Recipe,,"March 31, 2011",recipes,type=Recipe,listing type,"Serves 4-6 Ingredients 1½ cup chickpeas (cooked) or 1 cup dried ½ cup fresh cilantro, chopped ½ cup fresh parsley, chopped ¼ cup sun-dried tomatoes, chopped ½ red onion, diced 1 small garlic clove, minced 1 green onion, finely chopped ½ cucumber, seeds removed and diced (approximately 1 cup) zest fr",2026-10-04
https://ifanca.org/resources/cooking-with-yvonne/,Cooking with Yvonne,Article,,"March 31, 2011",health and nutrition,cook,title,"Yvonne Maffei, Halal Consumer magazine’s resident chef, is not only a food writer and photographer, she’s also a cooking instructor and the Editor of My Halal Kitchen, a halal food and cooking blog showcasing culinary tips and healthy halal recipes. Her food photography, styling techniques and props",2026-10-04
https://ifanca.org/resources/halal-certification-101-for-entreprenuers/,Halal Certification 101 For Entreprenuers,Article,,"March 31, 2011",industry and certification,certif,title,"So you have been mulling over the possibility of entering the halal certified products business. Well, if you want to get to know what is involved and what steps to take, you have come to the right place. Let us start at the very beginning. What does IFANCA do? In a nutshell, the organization examin",2026-10-04
https://ifanca.org/resources/underserved-american-muslim-halal-food-needs/,Underserved American-Muslim Halal Food Needs,Article,,"March 31, 2011",health and nutrition,food,title,"56% of students surveyed answered that there were more than 100 Muslim students on campus, while 29% estimated there were between 50 and 100 Muslim students on campus. 29% survey takers estimated that there were between 50-100 Muslims on campus. These figures were based on attendance of Muslims at M",2026-10-04
https://ifanca.org/resources/a-healthy-smile-goes-a-long-way/,A Healthy Smile Goes a Long Way,Article,,"March 31, 2011",health and nutrition,health,title,"According to Islam, even a smile is a form of charity ( sadaqa ). Our smiles make first impressions or lights up a room and while our mouth is one of our most apparent features, what is inside it is often neglected. Maintaining good oral hygiene is a significant part of the Islamic faith and contrib",2026-10-04
https://ifanca.org/resources/sugar-vs-high-fructose-corn-syrup/,Sugar vs. High Fructose Corn Syrup,Article,,"March 31, 2011",health and nutrition,sugar,title,"Sugar isn’t to blame for obesity, says the Sugar Association. “Ditto”, says the Corn Refiners Association about HFCS or corn syrup. There is much finger pointing these days. Sweetened food products, especially soft drinks, are being held partly responsible for America’s widening waist lines and incr",2026-10-04
https://ifanca.org/resources/traditional-ingredients-make-a-comeback/,Traditional Ingredients Make a Comeback,Article,,"March 31, 2011",ingredients,ingredient,title,"Food ingredients, with their complex chemical names, are a source of confusion to many. The confusion is confounded with the introduction of increasingly innovative ingredients each year. Some consumers think that products with a large number of ingredients are unhealthy. That, however, is not alway",2026-10-04
https://ifanca.org/resources/lactose-not-just-in-milk/,Lactose—Not Just in Milk,Article,,"March 31, 2011",other,,no match,LACTOSE is a part of every dairy product these days and it is obtained from different sources. Muslims need to pay attention to food labels and look for questionable ingredients when buying dairy products. Lactose Lactose is a major type of sugar found in milk. It is a disaccharide (2 sugars) made u,2026-10-04
https://ifanca.org/resources/sauces-and-marinades-a-halal-perspective/,Sauces and Marinades: A Halal Perspective,Article,,"March 31, 2011",other,,no match,"In cooking, a sauce is a liquid or sometimes a semi-solid food served on or used in preparing other foods. Sauces are not normally consumed by themselves; they add flavor, moisture, and visual appeal to another dish. Sauce is a French word taken from the Latin salsus, meaning “salted”. Sauces need a",2026-10-04
https://ifanca.org/resources/a-learning-curve-food-ingredients-additives-processing-aids-in-the-food-industry/,"A Learning Curve: Food Ingredients, Additives & Processing Aids in the Food Industry",Article,,"March 31, 2011",ingredients,additive,title,"As a Muslim, I’ve always known that I could only eat the meat of halal species of animals such as cow, goat, poultry etc.. Pork was an absolute no-no in my diet. I also knew I had to refrain from liquor, and all other intoxicants. However, this was the extent of my knowledge of Islamic dietary restr",2026-10-04
https://ifanca.org/resources/ifanca-in-the-media/,IFANCA in the Media,Article,,"March 31, 2011",other,,no match,"Kosher or Halal? American Muslims Debate Which Food Certifications To Follow’ – Dollars & Sense Magazine June 22, 2010 – The following is an excerpt from the article, ‘Kosher or Halal? American Muslims Debate Which Food Certifications To Follow’, published in the Baruch College Award-Winning Magazin",2026-10-04
https://ifanca.org/resources/ifanca-news/,IFANCA News,Article,,"March 31, 2011",other,,no match,"Tackling Community Concerns About Halal Meat Recent awareness of the consumption of halal products: meat, non meat processed food items, pharmaceutical/nutraceutical and cosmetic products has been increasing among Muslims, especially the younger generation. It is a good sign that the community is in",2026-10-04
https://ifanca.org/resources/us-companies-cut-back-on-salt/,US Companies Cut Back on Salt,Article,,"March 31, 2011",industry and certification,companies,title,"Your Kraft products may not taste quite the same in these months to come, and that might be a good thing. As part of the National Salt Reduction Initiative (NSRI) gaining momentum across America, Kraft has revealed plans to reduce sodium levels by an average of 10% in all of their North American bra",2026-10-04
https://ifanca.org/resources/halal-new-frontiers-13th-international-halal-food-conference-2011/,Halal: New Frontiers: 13th International Halal Food Conference 2011,Article,,"March 31, 2011",community and events,conference,title,"Chicago, IL, 2011 – Halal: New Frontiers: 13th International Halal Food Conference 2011, America’s only conference geared exclusively to halal, was organized by the Islamic Food and Nutrition Council of America (IFANCA). The uninitiated could be forgiven for thinking the gathering was a variation of",2026-10-04
https://ifanca.org/resources/from-the-publishers-desk-spring-2011/,From the Publisher’s Desk,Editorial,,"March 31, 2011",other,,no match,"Assalamu Alaikum IFANCA was pleased to host the 13th International Halal Food Conference in Chicago, IL this past April. We welcomed attendees and speakers from across the globe. This year’s focus was on the need for uniformity in halal certification, mutual recognition among halal certifiers, and a",2026-10-04
https://ifanca.org/resources/editors-note-spring-2011/,Editor’s Note,Editorial,,"March 31, 2011",other,,no match,"Assalamu Alaikum Now more than ever, what we eat is being linked to our health and wellness. So what exactly is in our food? Halal Consumer Issue 19 gives readers an insider’s perspective of the complex world of processed foods and what goes into creating the food you serve at dinner, lunch, breakfa",2026-10-04
https://ifanca.org/resources/ifanca-news-fall-2010/,IFANCA News,Article,,"September 30, 2010",other,,no match,"IFANCA Welcomes Nadia Durrani Nadia Durrani joined the organization as a Food Technologist, and will examine ingredients used in food products, to validate whether they are halal or not. Her goals include educating companies and consumers alike about food ingredients that are permissible in Islam. S",2026-10-04
https://ifanca.org/resources/brand-new-concept-www-halalhealthy-com/,Brand New Concept: www.HalalHealthy.com,Article,,"September 30, 2010",industry and certification,brand,title,"Halal observing students on campus, even those who have no choice but to pay for food service as residents of on-campus dorms, don’t always have access to halal meals. Or, if you’re a halal consumer but live in Wisconsin or North Dakota or almost any town that’s not by a big metropolis like Chicago,",2026-10-04
https://ifanca.org/resources/hygiene-products-for-hajj-pilgrims/,Hygiene Products for Hajj Pilgrims,Article,,"September 30, 2010",community and events,hajj,title,"Each year three million Muslims come together and perform the hajj in Mecca. In this blessed microcosm, pilgrims dress alike and are prohibited from using scents or perfumes of any kind. When it comes to personal hygiene products, besides scents, pilgrims must also avoid other impermissible ingredie",2026-10-04
https://ifanca.org/resources/ifanca-halal-certified-company-news/,IFANCA Halal-Certified Company News,Article,,"September 30, 2010",industry and certification,certif,title,"American Halal Co. Launches IFANCA Certified Saffron Road Brand, Distributed Exclusively by Whole Foods The Saffron Road brand of Indian entrees sold at Whole Foods contain only 100% Natural Ingredients and uses pasture raised, humanely treated livestock with a guarantee of 100% vegetarian feed and ",2026-10-04
https://ifanca.org/resources/halal-happenings/,Halal Happenings,Article,,"September 30, 2010",community and events,happenings,title,"IFANCA Booth at Institute of Food Technologists (IFT) Food Expo 2010 in Chicago, July 17-22 IFANCA offered IFT attendees insights into their halal certification and information services from July 17th to 22nd, 2010, at the annual Institute Food Technologists Food Expo 2010, at its booth # 5101. Inte",2026-10-04
https://ifanca.org/resources/americans-searching-for-halal-ifanca-at-nra-show/,Americans Searching for Halal: IFANCA at NRA Show,Article,,"September 30, 2010",other,,no match,"A May 22, 2010 session titled “Reach Over 9 Million Muslim-Americans Searching for Halal Meals” was the first ever panel at the National Restaurant Association’s annual show that addressed Muslim dietary needs. The presenters included Dr. Muhammad Munir Chaudry, President of IFANCA; Mr. Don Tymchuck",2026-10-04
https://ifanca.org/resources/universities-giving-lip-service-to-halal/,Universities Giving Lip Service to Halal?,Article,,"September 30, 2010",community and events,universit,title,"Some US colleges and universities have become trailblazers in their efforts to offer halal food services for their Muslim students. Campuses with halal food service kitchens or halal dining halls include Virginia Tech, Harvard University, Dartmouth College, Yale University, New York University, Texa",2026-10-04
https://ifanca.org/resources/halal-foods-at-hospitals/,Halal Foods at Hospitals,Article,,"September 30, 2010",community and events,hospital,title,"Imagine walking into a restaurant that has the feel of a Northern Michigan lodge. Your food is cooked to order fresh from any of the restaurant’s seven different chef-manned stations. Fresh does mean fresh in this restaurant, because you will not find any freezers, deep fryers or canned goods in the",2026-10-04
https://ifanca.org/resources/halal-catering-goes-mainstream/,Halal Catering Goes Mainstream,Article,,"September 30, 2010",community and events,fundrais,opening text,"Like the Muslim community in most American cities, Chicago is awash in fund-raising dinners for various causes through winter, fall, and spring. Come summer, the socializing grows even more frenzied – fundraisers fall by the wayside because everyone is too busy either having or attending a wedding a",2026-10-04
https://ifanca.org/resources/sheer-khurma-sweet-vermicelli-with-milk/,Sheer Khurma (Sweet Vermicelli with Milk),Recipe,,"September 30, 2010",recipes,type=Recipe,listing type,Servings: 4-6 Prep Time: 10 minutes Cooking Time: 20 minutes Ingredients 1 cup vermicelli crushed to about one inch pieces 2 cups whole milk ½ cup heavy whipping cream ½-¾ cup sugar or 1 small condensed milk can (or to taste) ½ teaspoon cardamom seeds ¼ teaspoon kewra (essence)-optional 1 tablespoon,2026-10-04
https://ifanca.org/resources/lemon-and-black-pepper-rubbed-chicken-cutlets/,Lemon and Black Pepper Rubbed Chicken Cutlets,Recipe,,"September 30, 2010",recipes,type=Recipe,listing type,Servings: 6-8 Prep Time: 10 minutes Cooking Time: 20 minutes Ingredients 1 pound chicken breast (about 4-6 pieces) 6-8 whole lemons 1-2 tablespoon(s) ground black pepper 1 teaspoon salt 1 tablespoon garlic powder half teaspoon nutmeg (or Garam Masala) optional 1 cups bread crumbs 3 eggs 1 tablespoon,2026-10-04
https://ifanca.org/resources/pot-roast/,Pot Roast,Recipe,,"September 30, 2010",recipes,type=Recipe,listing type,Servings: 6-8 Prep Time: 20 minutes Marinate: 4-6 hours Cooking Time: 3 hours Ingredients one goat leg (10-12 lbs.) 2 cups yogurt 2 tablespoons garlic paste 1 tablespoon ginger paste 1 teaspoon nutmeg 2 tablespoons fine ground pepper 1 teaspoon fine red pepper ½ cup pre-fried onions 4 tablespoons co,2026-10-04
https://ifanca.org/resources/stir-fry-potato-wedges/,Stir Fry Potato Wedges,Recipe,,"September 30, 2010",recipes,type=Recipe,listing type,"Servings: 6-8 Prep Time: 10 minutes Cooking Time: 30 minutes Ingredients 4-6 medium potatoes (Approximately 2 pounds) 1 teaspoon fresh chives (optional) ½ teaspoon halal steak spice mix salt and black pepper to taste Step 1 Cut potatoes lengthwise into ten or twelve wedges. Step 2 Sprinkle salt, bla",2026-10-04
https://ifanca.org/resources/chicken-patty-melt-appetizers/,Chicken Patty Melt Appetizers,Recipe,,"September 30, 2010",recipes,type=Recipe,listing type,"Servings: 6 Prep Time: 20 minutes Cooking Time: 30 minutes Ingredients 1 pound chicken boneless meat cut into ½” diced pieces salt to taste loaf of bread, sliced 1 teaspoon cumin seeds 2 large onions thinly sliced 1 tablespoon garlic powder 4-5 teaspoons of mayonnaise 1 teaspoon ground black pepper ",2026-10-04
https://ifanca.org/resources/from-west-to-east-an-eid-ul-adha-feast/,"From West to East, an Eid-Ul-Adha Feast",Recipe,,"September 30, 2010",recipes,type=Recipe,listing type,"Chicken Patty Melt Appetizers Stir Fry Potato Wedges Pot Roast Lemon and Black Pepper Rubbed Chicken Cutlets Sheer Khurma (Sweet Vermicelli with Milk) About the Chef: Aisha Kureishy is a Halal Consumer reader and, according to all those who’ve had her cooking, she’s also a culinary expert. She also ",2026-10-04
https://ifanca.org/resources/the-benefits-of-hajj/,The Benefits of Hajj,Article,,"September 30, 2010",community and events,hajj,title,"Hajj is the fifth pillar of Islam. A Muslim is expected to perform Hajj at least once in a lifetime if means allow him/her to do so. Allah revealed a Surah in the Qur’an called Surah Al-Hajj. In that chapter, Allah says the following: Behold! We gave the site to Abraham, of the (sacred) House, (sayi",2026-10-04
https://ifanca.org/resources/from-the-publishers-desk-fall-2010/,From the Publisher’s Desk,Editorial,,"September 30, 2010",other,,no match,"Assalamu Alaikum IFANCA started halal certification exactly 25 years ago, primarily for products exported to the Middle East and South East Asia. Every major corporation produced halal versions of their products to be exported to those markets. For many years, with the exception of products made spe",2026-10-04
https://ifanca.org/resources/editors-note-fall-2010/,Editor’s Note,Editorial,,"September 30, 2010",other,,no match,"Assalamu Alaikum Islamophobia has really been muddying the waters this year, be it attacks on Campbell Soup for having halal options or Muslims wanting a Community Center in Lower Manhattan. Given the negativity in the air, it is heartening to share the many strides that halal is making, especially ",2026-10-04
https://ifanca.org/resources/honey-as-a-healer/,Honey as a Healer,Article,,"March 31, 2010",other,,no match,"“ And Your Lord taught the Bee to build its cells in hills, on trees, and in (men’s) habitations; then to eat of all the produce (of the earth), and follow the ways of Your Lord made smooth: there issues from within their bodies a drink of varying colors wherein is healing for people: verily in this",2026-10-04
https://ifanca.org/resources/double-crust-honey-crisp-apple-pie/,Double-Crust Honey Crisp Apple Pie,Recipe,,"March 31, 2010",recipes,type=Recipe,listing type,"Ingredients pie-pastry rounds (2 pack) 5 Honey Crisp apples, or any semi-sweet apples 2 tb. lemon juice 3 tb. all-purpose flour ¼ cup sugar plus more for dusting 3 tb. cold butter, diced ¼ tsp. ground cinnamon 2 tb. whole milk or heavy cream plus more for brushing Step 1 Preheat oven to 425°. Step 2",2026-10-04
https://ifanca.org/resources/5-minute-frittata/,5-Minute Frittata,Recipe,,"March 31, 2010",recipes,type=Recipe,listing type,"Ingredients 10 eggs, preferably cage-free brown eggs 1 cup arugula ⅛ cup shaved carrots or thinly julienned carrot strips ⅛ cup shaved broccoli stems ⅓ cup white extra sharp cheddar cheese, shredded (I prefer the Tillamook brand) ¼ cup Parmesan cheese, grated ⅛ tsp. black pepper, or to taste ¼ tsp. ",2026-10-04
https://ifanca.org/resources/chicken-bouillabaisse/,Chicken Bouillabaisse,Recipe,,"March 31, 2010",recipes,type=Recipe,listing type,"Ingredients 1 whole halal chicken, about 3.5 pounds, cut up into 8-16 pieces 1 cup white onion, diced 2 tbsp. olive oil 2-4 garlic cloves, peeled and left whole 2 bay leaves, crushed 4 large tomatoes, quartered 1 tsp. ground fennel 1 tsp. French tarragon ½ tsp. thyme large pinch saffron threads (opt",2026-10-04
https://ifanca.org/resources/creamy-chicken-mushroom-pasta/,Creamy Chicken & Mushroom Pasta,Recipe,,"March 31, 2010",recipes,type=Recipe,listing type,"Ingredients 2-3 bay leaves, crushed salt, to taste 1 tsp. orange zest 1 lb. or 1 package whole wheat spaghetti or penne pasta 2 tb. extra virgin olive oil 1 lb. Al Safa halal boneless chicken breast, cut into thick slices lengthwise ½ large onion, diced 1 roma tomato, diced 3 garlic cloves, crushed ",2026-10-04
https://ifanca.org/resources/banana-blueberry-loaf/,Banana Blueberry Loaf,Recipe,,"March 31, 2010",recipes,type=Recipe,listing type,"Ingredients Dry Ingredients: 2 cups unbleached all-purpose flour 1 tsp. salt 1½ tsp. baking powder 2 cups pure cane sugar, granulated Wet Ingredients: 3 eggs 1 cup halal nonfat plain yogurt, preferably the thick, European style 1 cup vegetable or grape seed oil. (Strong oils such as olive oil domina",2026-10-04
https://ifanca.org/resources/bismillah-and-buon-appetito/,Bismillah and Buon Appetito!,Recipe,,"March 31, 2010",recipes,type=Recipe,listing type,"Banana Blueberry Loaf Creamy Chicken & Mushroom Pasta Chicken Bouillabaisse 5-Minute Frittata Double-Crust Honey Crisp Apple Pie About Yvonne Maffei: Yvonne Maffei is the Founder and Editor of www.MyHalalKitchen.com and a freelance food writer for consumer magazines and websites, including Cooking L",2026-10-04
https://ifanca.org/resources/aash-noodle-and-ground-beef-soup/,Aash (Noodle and Ground Beef Soup),Recipe,,"March 31, 2010",recipes,type=Recipe,listing type,Servings: 7 Preparation: 15 minutes Cooking Time: 25 minutes Ingredients 2 onions (chopped or diced) ½ cup oil 2 tsp. fresh crushed garlic salt to taste 1 tsp. coriander 1 lb. ground meat 1 can tomato paste 12 oz. fresh noodles (found in the refrigerator section) 1 tbsp. flour 1 cup yogurt 4 tbsp. l,2026-10-04
https://ifanca.org/resources/mantu-dumplings/,Mantu (Dumplings),Recipe,,"March 31, 2010",recipes,type=Recipe,listing type,Servings: 4-5 Preparation: 1 hour Cooking Time: 1 hour Ingredients Dumplings: 1 lb. halal ground meat 2 onions ground in a food processor 1 tsp. salt 1 tsp. fresh crushed garlic 1 tsp. ground coriander ½ tsp. ground black pepper 4 chopped onions 1 packet Won-ton wrappers steamer to cook the dumpling,2026-10-04
https://ifanca.org/resources/firney-rice-pudding/,Firney (Rice Pudding),Recipe,,"March 31, 2010",recipes,type=Recipe,listing type,"Servings: 8 Preparation: 5 minutes Cooking Time: 30 minutes Ingredients ½ gallon whole milk 2 cups half and half 1½ cups sugar 1 egg 3-4 tbsp. cornstarch 2-4 drops rosewater ground pistachios and almonds for garnish Step 1 Place the milk, half and half and sugar in a pot and put on medium heat, stir",2026-10-04
https://ifanca.org/resources/kabuli-pulao/,Kabuli Pulao,Recipe,,"March 31, 2010",recipes,type=Recipe,listing type,Servings: 8-10 Preparation: 1 hour Cooking time: 1 hour Ingredients: 4 cups basmati rice 2½ lbs. halal red meat (with a few bones) cut into 1½ inch cubes 1 big onion chopped ¾ cup vegetable oil 1 tbsp. tomato paste Spices for Meat: ½ tsp. ground coriander ⅓ tsp. ground black cumin ⅓ tsp. ground blac,2026-10-04
https://ifanca.org/resources/afghani-comfort-foods/,Afghani Comfort Foods,Recipe,,"March 31, 2010",recipes,type=Recipe,listing type,"Kabuli Pulao Firney (Rice Pudding) Mantu (Dumplings) Aash (Noodle and Ground Beef Soup) About Azima Abdul-Azim: Famous for her finger-licking, authentic Afghani cooking, Azima Abdul-Azim is a homemaker and a mother of three. Born in Kandahar, Afghanistan, Azima was raised in Little Kabul (Fremont), ",2026-10-04
https://ifanca.org/resources/spiritual-nourishment/,Spiritual Nourishment,Article,,"March 31, 2010",industry and certification,manufacturer,opening text,"Food is a source of nourishment that affects our bodies, minds and even our spirit. Recent news reports have featured manufacturers where prayers are said over food ingredients before they are processed. However, you do not have to be a new-age kind of person to acknowledge that food is considered a",2026-10-04
https://ifanca.org/resources/the-significance-of-milk-choose-what-is-natural/,The Significance of Milk—Choose What is Natural,Article,,"March 31, 2010",health and nutrition,nutrition,opening text,"Cleopatra is said to have bathed in it, many children drink it more often than they do water and it is the main ingredient in many a dessert. Yes, we are talking about milk! Science has proven it and the Holy Quran mentions it. Milk holds significant value as it provides the human body with consider",2026-10-04
https://ifanca.org/resources/seed-of-blessing-a-natural-remedy/,Seed of Blessing—A Natural Remedy,Article,,"March 31, 2010",other,,no match,"I wake up one morning in hot, humid Pakistan only to find I feel miserable, have a cold and a terrible cough. My aunt looks at me and says, ‘I have something for you.’ I follow her to the kitchen. She reaches out and takes a spoonful of honey and sprinkles small black seeds over it. I wonder aloud w",2026-10-04
https://ifanca.org/resources/test-your-halal-iq/,Test Your Halal IQ,Puzzle,,"March 31, 2010",other,,no match,"True or False Singapore has the largest population of halal consumers. Tiramisu, an Italian dessert, is always made with alcoholic brandy. Halal Cabot Cheese is sold in American grocery stores such as Jewel Osco and Meijer. Carol’s Cheesecake products are available only in Canada. Nestle is the larg",2026-10-04
https://ifanca.org/resources/ifanca-halal-certified-company-news-spring-2010/,IFANCA Halal-Certified Company News,Article,,"March 31, 2010",industry and certification,certif,title,Super Taste with IFANCA Halal-Certified Super-Pufft IFANCA halal-certified Super-Pufft Snacks Corp. is the store brand manufacturer of choice for potato chips for North America’s largest retailers. Their secret to such great quality chips? The potatoes are processed the very day they are received. S,2026-10-04
https://ifanca.org/resources/halal-happenings-spring-2010/,Halal Happenings,Article,,"March 31, 2010",community and events,happenings,title,Welcome to IFANCA Maria Omar is a recent addition to IFANCA’s Media Relations team. Maria will be working on increasing IFANCA-developed information to expand and enhance the visibility of halal. Other goals include making IFANCA an even more accessible resource for halal ingredients and product inf,2026-10-04
https://ifanca.org/resources/halal-as-a-way-of-life-a-mind-body-soul-connection/,"Halal as a Way of Life—A Mind, Body, Soul Connection",Article,,"March 31, 2010",halal basics,halal as a way of life,title,"God sent Prophet Muhammad (peace be upon him) as an example of the halal way of life and Ramadan, especially, is as time of year where emulating the Prophet is on every Muslim’s mind. His traditions are important in matters of food, and yes, health and personal hygiene too, and in order to make hala",2026-10-04
https://ifanca.org/resources/not-as-simple-anymore/,Not as Simple Anymore!,Article,,"March 31, 2010",other,,no match,"It has been around for at least 4,500 years and still keeps evolving. These days you can grab it and go, eat it as a snack or an after-meal dessert. Last time you stood in front of the chillers in your grocery store, its flavors were mind-boggling, your children insisted on buying some, and it came ",2026-10-04
https://ifanca.org/resources/dietary-supplements-by-nutrilite/,Dietary Supplements by Nutrilite,Spotlight,,"March 31, 2010",health and nutrition,diet,title,"“My grand-ma didn’t take supplements and she lived to be 84,” a 40-something woman said to her doctor who suggested she take iron supplements. “You’re right but neither did she live with all the pollution, the chemicals or the stress that we have to contend with,” came the reply. Yes, it’s true. In ",2026-10-04
https://ifanca.org/resources/from-the-publishers-desk-spring-2010/,From the Publisher’s Desk,Editorial,,"March 31, 2010",other,,no match,"Assalamu Alaikum What began almost thirty years ago – a drive to get products halal certified, last year saw IFANCA advertising halal in Times Square, New York City. There is talk of a potential trillion-dollar global halal industry, and we estimate the American halal market to be worth an annual $2",2026-10-04
https://ifanca.org/resources/editors-note-spring-2010/,Editor’s Note,Editorial,,"March 31, 2010",other,,no match,"Assalamu Alaikum “Let food be thy medicine and medicine be thy food,” recommended Hippocrates. That was a good 2,500 years ago, but food as medicine has once again gained great currency. Specific foods are being consumed to provide physiological benefits beyond basic nutritional needs. For instance,",2026-10-04
https://ifanca.org/resources/knock-out-ramadan-punch/,Knock-Out Ramadan Punch,Recipe,,"June 30, 2009",recipes,type=Recipe,listing type,"Prep Time: 10 minutes Total Time: 10 minutes Servings: 2 large punchbowls Ingredients 1 2L bottle lemon-lime soda 1 2L bottle orange soda 1 2L bottle cranberry gingerale 1 2L bottle lemonade 1 2L bottle Hawaiian Punch 1.5 qt. rainbow sherbet ice cream 6-8 thin, round lemon slices Step 1 Pour ½ of ea",2026-10-04
https://ifanca.org/resources/halal-barbeque-chicken/,Halal Barbeque Chicken,Recipe,,"June 30, 2009",recipes,type=Recipe,listing type,"Prep Time: 1 hour Total Time: 1.5 hours Servings: 6 Ingredients 1 lb. skinless halal chicken legs & thighs pre-cut pieces 1 16 oz. bottle all-natural barbecue sauce 1 cut lemon ½ tsp. garlic powder 1 tsp. crushed black pepper 1 tsp. vinegar ½ tsp. salt ¼ cup cooking oil Step 1 In a large bowl, pour ",2026-10-04
https://ifanca.org/resources/creamy-casserole/,Creamy Casserole,Recipe,,"June 30, 2009",recipes,type=Recipe,listing type,Prep Time: 20 minutes Cook Time: 30 minutes Servings: 8 Ingredients 1 packet wide egg noodles ½ lb. cooked halal ground beef OR boiled small halal boneless chicken pieces 1 26 oz. can cream of mushroom soup 1 cup frozen peas & carrots ⅓ cup chopped green onions 2 tbsp. butter 1 cup shredded cheese ½,2026-10-04
https://ifanca.org/resources/raspberry-guacamole-tortilla-chips/,Raspberry Guacamole & Tortilla Chips,Recipe,,"June 30, 2009",recipes,type=Recipe,listing type,Prep Time: 5 minutes Total Time: 5 minutes Servings: 4 Ingredients 1 cold avocado 1½ cups cold raspberries 1 tsp. honey ¼ tsp. salt (optional) tortilla chips Step 1 Slice avocado in half & spoon out insides and press into mixing bowl until smooth. Step 2 Add clean raspberries and mix until mashed. S,2026-10-04
https://ifanca.org/resources/8-layer-taco-dip-tortilla-chips/,8-Layer Taco Dip & Tortilla Chips,Recipe,,"June 30, 2009",recipes,type=Recipe,listing type,Prep Time: 10 minutes Total Time: 3-4 hours Servings: 8 Ingredients 1 16 oz. can vegetarian refried beans 1 16 oz. tub sour cream 1 tsp. taco seasoning mix 1 16 oz. jar salsa 2 cups shredded cheese 2 cups shredded lettuce 1 cup diced tomatoes ¾ cup chopped green onions 1 2.25 oz can sliced black oli,2026-10-04
https://ifanca.org/resources/shine-with-sunrider/,Shine with Sunrider®,Spotlight,Resources,"June 30, 2009",industry and certification,type=Spotlight (company profile),listing type,"2009 marks the 15th anniversary of Sunrider® International’s venture into the world of halal. As a direct marketing company, Sunrider offers an array of superior halal products, from skin care to color cosmetics, herbal foods and beverages. Sunrider manufactures its products in state-of-the-art faci",2026-10-04
https://ifanca.org/resources/green-food-packaging-why-halal-consumers-should-care/,Green Food Packaging & Why Halal Consumers Should Care,Article,,"June 30, 2009",health and nutrition,food,title,"Sustainable, cost-efficient, reusable and eco-friendly are buzz words these days. They’re on the radar in the packaging and food industry, as much as anywhere else. Coca-Cola, in its quest for new sustainable forms of packaging, has provided $400,000 to Michigan State University and its School of Pa",2026-10-04
https://ifanca.org/resources/easy-breezy-iftaar-recipes/,"Easy, Breezy Iftaar Recipes",Article,,"June 30, 2009",other,,no match,"Here is a selection of non-traditional easy, breezy Ramadan recipes to end the long days of fasting. During the year, and especially during the holy month, instead of simply concerning ourselves with perfecting the flavor of our culinary masterpieces, we need to add blessings to our food as well. We",2026-10-04
https://ifanca.org/resources/ramadan/,Ramadan,Article,,"June 30, 2009",community and events,ramadan,title,"Ramadan is the 10th month of the Islamic calendar, known as the Hijra calendar. The calendar derives its name from the Hijra (migration) of Prophet Muhammad*, from Mecca to Madina. The Muslim calendar consists of 12 months and each month commences with the sighting of the new moon. This means the Hi",2026-10-04
https://ifanca.org/resources/halal-happenings-summer-2009/,Halal Happenings,Article,,"June 30, 2009",community and events,happenings,title,"Welcome to IFANCA Mujahed Khan, who has an MBA with a concentration in Healthcare Administration, joined us earlier this year as a Food Technologist. He has a B.Sc. degree in Nutrition with a minor in Biology. His prior experience includes working as a R&D Scientist at Kerry Bio-Science, and at Walg",2026-10-04
https://ifanca.org/resources/keeping-e-coli-at-bay/,Keeping E.Coli at Bay,Article,,"June 30, 2009",health and nutrition,e.coli,title,"“June 24, 2009 – Colorado Firm Recalls Beef Products Due To Possible Contamination,” read headlines. A few days earlier, the U.S. Department of Agriculture’s Food Safety and Inspection Service (FSIS) announced that International Meat Co., Inc., a Chicago, IL, establishment had recalled approximately",2026-10-04
https://ifanca.org/resources/e-numbers-what-should-muslim-consumers-know/,E-Numbers: What Should Muslim Consumers Know?,Article,,"June 30, 2009",ingredients,e-numbers,title,"If you live in or travel to the United Kingdom, Bulgaria, or another country in the European Union (EU), you will see that food label ingredient lists contain numbers beginning with the capital letter ‘E’. You can also find them in the U.S. on labels of international foods. These are known as ‘E-num",2026-10-04
https://ifanca.org/resources/ifanca-halal-certified-company-news-summer-2009/,IFANCA Halal-Certified Company News,Article,,"June 30, 2009",industry and certification,certif,title,"IFANCA Client, Firmenich, Partnering for Sustainable Vanilla in Uganda Firmenich, an IFANCA client for a decade, has embarked on a project with approximately 6,200 small farmers in Uganda who are partners in the Firmenich Ugandan Sustainable Vanilla Project. The project involves commercial, social, ",2026-10-04
https://ifanca.org/resources/did-you-know/,Did You Know?,Puzzle,,"June 30, 2009",other,,no match,"True or False Additives may be natural or artificial. Natural additives are manufactured from natural sources. Examples of natural additives are lecithin derived from soybeans or corn. Food allergies are less of a problem than food intolerance. In the latter, consumption of some foods by certain ind",2026-10-04
https://ifanca.org/resources/mail-bag/,Mail Bag,Article,,"June 30, 2009",other,,no match,"Note: All letters have been edited for clarity and brevity. Answers by Haider Khattak, Director, IFANCA Canada Question: Salam, I know that halal food can be contaminated with pork, but can it also be contaminated with non-halal meat, i.e. non-halal chicken, beef etc? – Nur Shahid, Singapore IFANCA ",2026-10-04
https://ifanca.org/resources/chocolate-dipped-cranberry-cookies/,Chocolate Dipped Cranberry Cookies,Recipe,,"June 30, 2009",recipes,type=Recipe,listing type,"Per Serving: Calories 155, Fat Cal. 90, Protein 2g, Carb. 16g, Fat 10g, Chol. 6mg, Sodium 48mg * Adapted from www.oceanspray.com Ingredients 1 cup (vegetable halal) shortening 1 cup sugar 1 teaspoon vanilla 1 egg 2 cups flour 1 teaspoon baking powder ½ teaspoon salt 2 cups IFANCA halal-certified Oce",2026-10-04
https://ifanca.org/resources/cranberries-natures-medicine/,Cranberries—Nature’s Medicine,Article,,"June 30, 2009",health and nutrition,medic,title,"There’s more to a cranberry juice cocktail than just its taste. Some people may think it’s an exaggerated home remedy, but researchers know that cranberries are the real thing: nature’s medicine. Antibiotic resistance, or immunity that bacteria can develop to commonly used antibiotics, is a major pu",2026-10-04
https://ifanca.org/resources/supplements-which-when-why/,"Supplements—Which, When & Why?",Article,,"June 30, 2009",other,,no match,"We are all aware that what goes into our body plays a vital role in determining how we feel physically and mentally. What most of us don’t realize is that our body’s needs varies with our age – even when it comes to nutrients. Small children need nutrients for growth and energy, whereas adults need ",2026-10-04
https://ifanca.org/resources/birth-to-three-the-golden-years-in-childhood-nutrition/,Birth to Three—The Golden Years in Childhood Nutrition,Article,,"June 30, 2009",health and nutrition,nutrition,title,"Early care, nutrition and nurturing, especially in the first 3 years of life, have a lasting impact on brain development, mental capacity and learning ability. “Early malnutrition weakens children’s physical and cognitive potential and even their non-cognitive traits such as motivation and persisten",2026-10-04
https://ifanca.org/resources/equal-service-for-equal-fees-muslim-students-seek-halal-food-service-on-campuses/,Equal-Service-for-Equal-Fees: Muslim Students Seek Halal Food Service on Campuses,Article,,"June 30, 2009",community and events,campus,title,"In 1999, some 127 years after its founding, Virginia Tech – formally the Virginia Polytechnic Institute and State University – was informed by a freshman that he deserved equal service for equal fees. Being a freshman, at that time, meant he was obliged to live in their dormitory and eat at their di",2026-10-04
https://ifanca.org/resources/from-the-publishers-desk-summer-2009/,From the Publisher’s Desk,Editorial,,"June 30, 2009",other,,no match,"Assalamu Alaikum IFANCA recently contributed to market research for Packaged Facts that was compiled as a report titled, ‘MarketTrend: Kosher- and Halal-Certified Foods in the U.S.’ the following are some key highlights of the report: “With sanitation, supervision, inspection, prohibitions against c",2026-10-04
https://ifanca.org/resources/editors-note-summer-2009/,Editor’s Note,Editorial,,"June 30, 2009",other,,no match,"Assalamu Alaikum In April 2009, representatives of the food industry and halal certification agencies met at the IFANCA 11th International Halal Food Conference, held in Chicago. The response to the ‘small group’ format, which allowed plenty of opportunity for one-on-one discussions and learning, wa",2026-10-04
https://ifanca.org/resources/halal-happenings-winter-2008/,Halal Happenings,Article,,"December 31, 2008",community and events,happenings,title,"IFANCA Welcomes Mariam Majeed Mariam Majeed received a B.Sc. in Nutrition from the University of Illinois at Chicago in December 2006 and graduated with honors. She has interned at several places including Children’s Memorial Hospital, St. James Outpatient Diabetes Center and University of Illinois ",2026-10-04
https://ifanca.org/resources/ifanca-halal-certified-company-news-winter-2008/,IFANCA Halal-Certified Company News,Article,,"December 31, 2008",industry and certification,certif,title,"Halal Chocolate – Ahhhh Delicious! Muslims needn’t compromise on taste or cultural values when it comes to chocolate from Lang’s Chocolates or fellow chocolatier, Sacred Chocolates. Both halal certified by IFANCA, these chocolates are the perfect gift for your next dinner party or celebration. Order",2026-10-04
https://ifanca.org/resources/global-leader-in-nutritionals-abbott-receives-halal-certification-world-wide/,"Global Leader in Nutritionals, Abbott Receives Halal Certification World-Wide",Spotlight,,"December 31, 2008",industry and certification,certif,title,"Abbott, whose products meet the nutritional needs of infants, young children, active adults, the elderly and those with special nutritional needs will have almost all its products certified as halal by IFANCA, by 2009. It all began with the South East Asian market requesting halal certification. Tha",2026-10-04
https://ifanca.org/resources/vanilla-flavoring/,Vanilla Flavoring,Article,,"December 31, 2008",ingredients,vanilla,title,"The colder months are synonymous with cookies, puddings, fruitcake and other goodies. If you’re making them from scratch, you may reach for vanilla essence often since vanilla is used in ice cream, yogurt, pastries, cookies, tea and coffee, to name just a few foods. Vanilla flavoring, which has been",2026-10-04
https://ifanca.org/resources/is-vinegar-halal/,Is Vinegar Halal?,Article,,"December 31, 2008",ingredients,vinegar,title,"Vinegar is one of the oldest condiments used in foods since ancient times and it continues to be used all over the world as a flavoring and as a preservative. Vinegar is made by two distinct biological processes, both the result of the action of beneficial microorganisms (yeast and “Acetobacter” bac",2026-10-04
https://ifanca.org/resources/the-conscientious-halal-consumer/,"The Conscientious, Halal Consumer",Article,,"December 31, 2008",other,,no match,"Biodegradable, fair-trade certified, environmentally friendly, organic, sustainable. Each time you open a magazine or switch the TV on, chances are you’ll be reminded that you too can save the planet. Your options range from switching to compact fluorescent light bulbs to buying a hybrid car. The Qu",2026-10-04
https://ifanca.org/resources/halal-certified-cosmetics-and-personal-care-products-where-purity-comes-first/,Halal Certified Cosmetics and Personal Care Products: Where Purity Comes First,Article,,"December 31, 2008",industry and certification,certif,title,"Cosmetics and personal care products are a part and parcel of our daily lives. These include baby products, bath products, oral care products, skin care products, personal hygiene products, perfumes, deodorants and makeup. Cosmetics and personal care products must comply with government safety regul",2026-10-04
https://ifanca.org/resources/halal-organic-doubling-up-on-health/,Halal & Organic: Doubling Up On Health,Article,,"December 31, 2008",health and nutrition,health,title,"Wandering down Devon Avenue in Chicago, we often see the word ‘ Zabiha’ advertised at various grocery stores. For Muslims it is wonderful to be assured our food is Zabiha , but have we thought of taking it a step closer to something even better? Have we seen or asked for ‘organic, Zabiha products’? ",2026-10-04
https://ifanca.org/resources/from-the-desk-of-muhammad-munir-chaudry-president-ifanca/,"From the Desk of Muhammad Munir Chaudry President, IFANCA",Editorial,,"December 31, 2008",other,,no match,"The word halal , sometimes written as halaal or helal , is increasingly becoming a part of daily usage as a growing number of companies have begun producing halal products. According to the Daily Mail, 9/24/2008, the global market is now estimated to be worth £300 billion a year (other estimates var",2026-10-04
https://ifanca.org/resources/editors-note-winter-2008/,Editor’s Note,Editorial,,"December 31, 2008",other,,no match,"Assalamu Alaikum As global trends indicate, halal certified products are increasingly being viewed as a symbol of purity and quality. Moreover, in its perception of wholesomeness, halal is rising to become a new trend. Consumers requesting “halal, organic” products could soon be the norm. In this is",2026-10-04
https://ifanca.org/resources/important-days-in-the-islamic-calendar-in-2008-2009/,Important Days in the Islamic Calendar in 2008–2009,Article,,"June 30, 2008",other,,no match,"As you may be aware, the Islamic calendar, called the Hijra calendar (based on the year of migration of the Muslims from Makkah to Madina) is a lunar-based calendar. As such, the Islamic year is about 354 days long, so the Islamic dates move through the seasons, completing the cycle in 34 years. Eac",2026-10-04
https://ifanca.org/resources/get-grilling-halal-top-sirloin-kebabs-with-avocado-sauce/,Get Grilling—Halal Top Sirloin Kebabs with Avocado Sauce,Recipe,,"June 30, 2008",recipes,type=Recipe,listing type,"Prep: 30 min. Marinate: 30 min. Grill: 10 min. Serves 6 Ingredients 3 tbsp. extra virgin olive oil 1 tbsp. granulated garlic 1 tbsp. granulated onion 1-½ tsp. dried oregano 1 tsp. freshly ground black pepper 1-½ tsp. salt 3 lb. Better Beef™ halal beef top sirloin steak, about 1-inch thick 1 medium r",2026-10-04
https://ifanca.org/resources/ifanca-mail-bag/,IFANCA Mail Bag,Article,,"June 30, 2008",other,,no match,"To IFANCA: The Dallas Morning News had a column on Sunday Feb. 10 saying that cloned food was halal. I was surprised to read that. Given that (IFANCA is ) the largest halal authority, I am inquiring whether your organization or any other organization has certified products from clones as halal. Our ",2026-10-04
https://ifanca.org/resources/ifanca-in-the-news-summer-2008/,IFANCA in the News,Article,,"June 30, 2008",other,,no match,"Halal Becomes Big Business – An Excerpt from The National, UAE, May 3, 2008 “A sign on display at the Burger King in the capital’s Al Wahda Mall answers a question more and more customers are asking. “We sell only halal products,” the sign reads. Catering to the world’s fastest growing religion of a",2026-10-04
https://ifanca.org/resources/halal-happenings-summer-2008/,Halal Happenings,Article,,"June 30, 2008",community and events,happenings,title,"Dr. Ahmad H. Sakr, IFANCA Director and Religious Advisor & Dr. Muhammad M. Chaudry, IFANCA President, at the International Halal Food 2008 Conference in Istanbul The Food Auditing and Certification Research Association (GIMDES), a Turkish Association created for the Inspection and Certification of F",2026-10-04
https://ifanca.org/resources/ifanca-halal-certified-company-news-summer-2008/,IFANCA Halal-Certified Company News,Article,,"June 30, 2008",industry and certification,certif,title,"Get Your Grill on with Halal Better Beef™ Now that the weather is warm, it is time to get your grill on, gather up some friends and have a halal BBQ. We spoke with a representative at IFANCA halal-certified Better Beef™, based in Canada and he had some advice on the kind of meat cuts that are the be",2026-10-04
https://ifanca.org/resources/reading-and-understanding-nutritional-labels/,Reading and Understanding Nutritional Labels,Article,,"June 30, 2008",ingredients,nutritional labels,title,"Light, Low Fat, and Cholesterol Free: What These Words Really Mean? There is hardly a package of food these days that’s not labeled “calorie free,” “low fat,” “reduced,” “sugar free”, “fat free” or “light”. These terms describe the percentage of calories, fat, cholesterol, or other nutrients in a fo",2026-10-04
https://ifanca.org/resources/sell-by-use-by-best-if-used-by-what-do-all-those-dates-mean/,"Sell By, Use By, Best If Used By—What Do All those Dates Mean?",Article,,"June 30, 2008",ingredients,sell by,title,"There are a number of different dates that may appear on a product. “Open Dating” is the use of a calendar date (rather than a code) on a product. “Closed Dating” is the opposite and refers to the use of a code or packing number (rather than a calendar date) on a product. If Open Dating is used, the",2026-10-04
https://ifanca.org/resources/the-blessings-of-the-olive-tree/,The Blessings of the Olive Tree,Article,,"June 30, 2008",health and nutrition,olive,title,"Olives and Olive Oil have long been linked to well-being and good health. Recently, researchers discovered yet another benefit of olive oil. They found that olive oil seems to protect against a certain type of cancer. The study involved information on food and cancer patterns in 28 countries includi",2026-10-04
https://ifanca.org/resources/test-your-food-iq/,Test Your Food IQ,Puzzle,,"June 30, 2008",health and nutrition,food,title,"Match the Term to Its Correct Description a) A blend of fats and/or oils used in baked products. If made from halal animals slaughtered in the Islamic way or from plant sources, it is halal. Otherwise it is haram. This type of fat is solid at room temperature. An example of these fats, if derived fr",2026-10-04
https://ifanca.org/resources/fats-oils-and-their-impact-on-health/,"Fats, Oils and Their Impact on Health",Article,,"June 30, 2008",health and nutrition,health,title,"Fats are one of the major constituents of the human diet along with carbohydrates and proteins. A major source of energy, they supply about nine calories per gram while one gram of carbohydrates provides four calories, and proteins supply about 4 calories per gram. In calorie deficient situations, f",2026-10-04
https://ifanca.org/resources/does-water-need-to-be-halal-certified/,Does Water Need to Be Halal-Certified?,Article,,"June 30, 2008",ingredients,read in full: explains processing materials in bottled water for shoppers,manual review,"So, you eat Zabiha halal meat, you read labels to check for animal fat, and you check the foods and snacks being served at your child’s school. You are trying to do your best to serve healthy, delicious halal meals to your family. Then one day at the grocery store, you happen to notice some bottled ",2026-10-04
https://ifanca.org/resources/why-zabiha-muslims-speak-up/,Why Zabiha? Muslims Speak Up,Article,,"June 30, 2008",halal basics,zabiha,title,"We spoke with a cross-section of halal consumers in Illinois about whether there was a difference between halal and Zabiha , and if there was, did they have a preference for one over the other? In 75 percent of the answers we received, respondents saw a distinct difference between halal and Zabiha .",2026-10-04
https://ifanca.org/resources/halal-vs-zabiha-whats-the-difference/,Halal vs. Zabiha : What’s the Difference?,Article,,"June 30, 2008",halal basics,zabiha,title,"“Forbidden to you (for food) are dead meat, blood, the flesh of swine, and that on which has been invoked the name of other than Allah, that which has been killed by strangling or by a violent blow or by a headlong fall or by being gored to death, that which has been partly eaten by a wild animal…” ",2026-10-04
https://ifanca.org/resources/get-to-know-us/,Get to Know Us,Article,,"June 30, 2008",health and nutrition,nutrition,opening text,"1.4 Billion Consumers Worldwide Muslims span the globe, belong to every ethnic group on earth and the majority of 1.4 billion of them are committed to consuming products that are certified to be halal. The Islamic Food and Nutrition Council of North America, IFANCA, the leading halal food certificat",2026-10-04
https://ifanca.org/resources/from-the-desk-of-muhammad-munir-chaudry-presidant-ifanca-summer-2008/,"From the Desk of Muhammad Munir Chaudry, President, IFANCA",Editorial,,"June 30, 2008",other,,no match,"“At a time when many other large consumer segments are reaching a saturation point, Muslims are a new outlet from which to build a box for future growth,” reads management consultancy firm AT Kearney’s report titled “Addressing the Muslim Market: Can You Afford Not To?” IFANCA halal-certified Cabot ",2026-10-04
https://ifanca.org/resources/editors-note-summer-2008/,Editor’s Note,Editorial,,"June 30, 2008",other,,no match,"Assalamu Alaikum When it comes to halal and Zabiha , the first thing that comes to mind is meat and meat products; how was the slaughter conducted, how were the animals cared for prior to slaughter? According to IFANCA, meat is Zabiha if it is from an animal that is halal, slaughtered in the prescri",2026-10-04
https://ifanca.org/resources/fresh-frozen-or-canned-whats-best/,"Fresh, Frozen or Canned—What’s Best?",Article,,"December 31, 2007",other,,no match,"The Case for Fruits and Vegetables It probably isn’t surprising that Americans are not consuming the recommended four and a half cups (nine servings) of fruits and veggies each day. But, exactly how far are we from reaching those levels? In 2005, the Center for Disease Control and Prevention found t",2026-10-04
https://ifanca.org/resources/600-turkeys-delivered-during-thanksgiving-2007-turkey-drive/,600 Turkeys Delivered During Thanksgiving 2007 Turkey Drive!,Article,,"December 31, 2007",community and events,food pantry,opening text,"Thanksgiving 2008 Turkey Drive Underway Already! Six hundred turkeys were donated by the Chicago Muslim community to needy families in Chicago for Thanksgiving, in 2007. The organizers of this drive were American Muslims for Activism and Learning (AMAL) and Sabeel Food Pantry. Thanks to the generosi",2026-10-04
https://ifanca.org/resources/ifanca-in-the-news-winter-2007/,IFANCA in the News,Article,,"December 31, 2007",other,,no match,"IFANCA-halal-certified Carol’s Cheesecake based in Canada was profiled in a laudatory article about the halal market in Canada, in Toronto Star, the nation’s leading newspaper. According to the report, “… Carole, after whom the company is named, admits that initially she didn’t even know the meaning",2026-10-04
https://ifanca.org/resources/halal-happenings-winter-2007/,Halal Happenings,Article,,"December 31, 2007",community and events,happenings,title,"156 IFANCA Clients at IFT Expo 2007 Think of your kitchen and all the ingredients that go into creating a dish. Now swap red pepper, salt, ginger, garlic and so on with mouthfuls such as erythritol, propylene glycol alginate, inulin, locust bean gum, or carrageenan. Yes, you guessed right. It’s the ",2026-10-04
https://ifanca.org/resources/mediterranean-7-layer-bean-dip/,Mediterranean 7-Layer Bean Dip,Recipe,,"December 31, 2007",recipes,type=Recipe,listing type,"Ingredients 2 (15oz) cans black beans, drained 1 (9oz) can Foul Medammas Beans 1 (9oz) can Hommos Tahina and Strained Foul Medammas Beans 1 (2¼oz) can sliced ripe olives, drained 4 green onions, sliced ½ cup nonfat, halal sour cream ½ cup prepared guacamole 1 cup prepared salsa 1 (7oz) bag baked tor",2026-10-04
https://ifanca.org/resources/banana-cream-tart/,Banana Cream Tart,Recipe,,"December 31, 2007",recipes,type=Recipe,listing type,"Ingredients 1 (15 ounce) refrigerated piecrust ¾ cup SPLENDA No Calorie Sweetener, Granulated ¼ cup cornstarch 2 cups 2% reduced-fat milk ⅓ cup egg substitute 2 teaspoons imitation vanilla extract ⅛ teaspoon salt 1 tablespoon butter 1 teaspoon alcohol-free banana extract 1½ cups sliced bananas Garni",2026-10-04
https://ifanca.org/resources/ifanca-halal-certified-company-news-winter-2007/,IFANCA-Halal Certified Company News,Article,,"December 31, 2007",industry and certification,certif,title,"IFANCA HALAL Certified Splenda ® for Your Recipes With the new year’s focus on weight loss, it is a good time to replace sugar in your recipes with IFANCA certified Splenda No Calorie Sweetener. Splenda offers a low calorie option to sugar while closely matching the sweetness and taste of sugar in r",2026-10-04
https://ifanca.org/resources/get-to-know-us-ifanca-staff/,Get to Know Us,Article,,"December 31, 2007",other,,no match,"IFANCA Staff Roger Othman Mr. Roger Othman graduated from the University of Michigan with degrees in Chemical and Aerospace Engineering, and has had a diverse career. He spent much of his career in the oil industry in domestic and foreign assignments in process design, process operations, technical ",2026-10-04
https://ifanca.org/resources/foodservice-distributors-and-the-halal-industry/,Foodservice Distributors and the Halal Industry,Article,,"December 31, 2007",industry and certification,industry,title,"The supply and demand chain of the foodservice industry is made up of manufacturers, distributors, meal providers, and final consumers. When it comes to the halal industry however, there sometimes seems to be a snag between producers and distributors. Manufacturers of halal goods, especially if they",2026-10-04
https://ifanca.org/resources/is-kontos-on-your-plate/,Is Kontos on your Plate?,Article,,"December 31, 2007",other,,no match,Authentic Halal Mediterranean Flatbreads and Desserts in Your Grocery Store Walk down a busy Manhattan street and you’re sure to pass a gyro cart advertising that they use only the best quality flatbread: Kontos®. But you don’t have to go to New York City to experience the authentic flavor of the Me,2026-10-04
https://ifanca.org/resources/from-the-publishers-desk-winter-2007/,From the Publisher’s Desk,Editorial,,"December 31, 2007",other,,no match,"The year 2007 has seen a lot of activity worldwide as conferences and trade shows were held all around the globe from Brunei to Dubai to America and as far as South Africa. Malaysia, the pulse of halal, continues to make strides towards becoming the halal hub of the world. Now the Malaysian governme",2026-10-04
https://ifanca.org/resources/editors-note-winter-2007/,Editor’s Note,Editorial,,"December 31, 2007",other,,no match,"Assalamu Alaikum The year has come to an end and, as always, there has been lots going on. The Institute of Food Technologists (IFT) Food Expo was held July 28 – Aug. 1, 2007 in Chicago. This issue, we’ll take you on an insider’s journey and visit some of our clients’ booths at the IFT Expo. It’s tr",2026-10-04
https://ifanca.org/resources/chocolate-liquor-root-beer-cooking-wine-and-non-alcoholic-beer-are-they-halal/,"Chocolate Liquor, Root Beer, Cooking Wine and Non-Alcoholic Beer—Are they Halal?",Article,,"June 30, 2007",ingredients,alcohol,title,"There are many different types of alcohols. Alcohols you may be familiar with are ethanol, methanol, and isopropanol. Which one should we avoid? Ethanol, or ethyl alcohol, is the specific alcohol found in alcoholic beverages, or liquor. It is also used as an additive in gasoline. Methanol, or methyl",2026-10-04
https://ifanca.org/resources/following-the-prophetic-diet/,Following the Prophetic Diet,Article,,"June 30, 2007",health and nutrition,diet,title,"God’s Messenger said, “The stomach is the central basin of the body, and the veins are connected to it. When the stomach is healthy, it passes on its condition to veins, and in turn the veins will circulate the same and when the stomach is putrescence, the veins will absorb such putrescence and issu",2026-10-04
https://ifanca.org/resources/jump-start-your-weight-loss-diet-with-halal-whey-protein/,Jump Start Your Weight Loss Diet with Halal Whey Protein,Article,,"June 30, 2007",ingredients,whey,title,"You’ve heard about its benefits in weight loss regimens. But what exactly is whey protein? Whey protein is separated from milk during the process of making milk into cheese and is a mixture of proteins naturally found in milk. It has one of the highest levels of protein digestibility, and is more ra",2026-10-04
https://ifanca.org/resources/ifanca-halal-certified-company-news-summer-2007/,IFANCA Halal-Certified Company News,Article,,"June 30, 2007",industry and certification,certif,title,"Love and Quiches Goes Halal Have a craving for quiche or desserts? Check out IFANCA-certified, Love and Quiches. Susan Axelrod set up shop in her small family kitchen thirty years ago. Today, her entire line of products is halal certified by IFANCA. Synonymous not only with quiche, but also with her",2026-10-04
https://ifanca.org/resources/halal-happenings-summer-2007/,Halal Happenings,Article,,"June 30, 2007",community and events,happenings,title,"IFANCA Honored at World Halal Forum This year IFANCA received an award from Halal Journal at the World Halal Forum, May 7-8, 2007 for Best Halal Related Service Provider. The World Halal Forum brings together all stakeholders from the global halal food industry to understand challenges and arrive at",2026-10-04
https://ifanca.org/resources/ifanca-clients-honored-at-9th-international-halal-food-conference-and-banquet/,IFANCA Clients Honored at 9th International Halal Food Conference and Banquet,Article,,"June 30, 2007",community and events,conference,title,"IFANCA Award Recipients for a Decade of Service 1. Nutrilite , a division of Access Business Group, introduced the first Nutrilite multivitamin/multimineral supplements in 1934, and has since then become a global leader in nutrition research, development, and innovation. There are over 6,400 acres o",2026-10-04
https://ifanca.org/resources/issues-affecting-the-halal-consumption-of-food/,Issues Affecting the Halal Consumption of Food,Article,,"June 30, 2007",health and nutrition,food,title,"In the name of God, The Most Gracious, The Most Merciful. All praises are due to God and peace and Salutations be upon our beloved Prophet, Muhammad ( s ). At the outset, I wish to express my mixed feelings regarding this halal food conference. Some items are halal. Some are haram. Some are not clea",2026-10-04
https://ifanca.org/resources/who-is-supplying-your-suppliers-insuring-the-halal-status-of-flavors-and-ingredients/,Who Is Supplying Your Suppliers? Insuring the Halal Status of Flavors and Ingredients,Article,,"June 30, 2007",ingredients,ingredient,title,"An excerpt from Eric Butrym’s Presentation; Firmenich, Inc. Eric Butrym, of Firmenich, Inc., a major stakeholder in the flavor industry, in his presentation, Who is Supplying Your Suppliers? Insuring the Halal Status of Flavors and Ingredients , laid out how Firmenich has been successful in halal ce",2026-10-04
https://ifanca.org/resources/the-real-world-of-halal-from-a-manufacturers-viewpoint/,The Real World of Halal from a Manufacturer’s Viewpoint,Article,,"June 30, 2007",industry and certification,manufactur,title,What does it mean to be a manufacturer of halal products? What does it mean to be a marketer of halal products? What issues and roadblocks exist to doing it right? Introduction J&M Food Products Company is a manufacturer and marketer of halal-certified shelf stable meals. Customers include instituti,2026-10-04
https://ifanca.org/resources/25th-year-anniversary-ifanca-in-historic-perspective/,25th Year Anniversary: IFANCA in Historic Perspective,Article,,"June 30, 2007",halal basics,haram,opening text,"1980 A group of scientific scholars met in Chicago and decided to establish a technical Islamic organization to help Muslim consumers in the USA with information about the halal status of food products. 1981 First halal / haram Product list distributed. First Newsletter, “Halal Food & Nutrition” pri",2026-10-04
https://ifanca.org/resources/get-to-know-us-summer-2007/,Get to Know Us,Article,,"June 30, 2007",other,,no match,"IFANCA Staff Haider Khattak Haider Khattak received his Masters in Science (Hons) in Food Science & Technology from NWFP Agricultural University, Peshawar, Pakistan, in 1998 and received his Ph.D. in Sensory Science from The Royal Veterinary & Agricultural University, Copenhagen, Denmark, in 2000. H",2026-10-04
https://ifanca.org/resources/homemade-halal-chicken-broth/,Homemade Halal Chicken Broth,Recipe,,"June 30, 2007",recipes,type=Recipe,listing type,"Makes approximately 3 quarts (Sources include: Cabot Creamery) Ingredients 5 pounds chicken pieces, wings, backs and necks 4 quarts cold water 2 onions, peeled, chopped and browned 3 carrots, peeled, quartered and browned 3 celery stalks, quartered and browned 2 bay leaves 6 sprigs of fresh parsley ",2026-10-04
https://ifanca.org/resources/chicken-corn-tortilla-soup/,Chicken Corn Tortilla Soup,Recipe,,"June 30, 2007",recipes,type=Recipe,listing type,"Makes 8 servings (Sources include: Cabot Creamery) Ingredients 1½ pounds boneless, skinless halal Al-Safa chicken breasts 4 cups water ½ cup chopped onion 2 cloves garlic, minced 1 tablespoon canola oil 4 cups home-made halal chicken broth* 16 ounces fresh or frozen white corn 1 (10-ounce) can diced",2026-10-04
https://ifanca.org/resources/cheddar-corn-bread/,Cheddar Corn Bread,Recipe,,"June 30, 2007",recipes,type=Recipe,listing type,"Makes 12 servings (Sources include: Cabot Creamery) Ingredients 1¼ cups all-purpose flour ¾ cup stone-ground yellow corn meal 4 teaspoons baking powder ½ teaspoon salt 2 cups grated halal Cabot Sharp Cheddar (about 8 ounces) 1 cup milk 1 large egg 4 tablespoons Cabot Salted Butter, melted 1 tablespo",2026-10-04
https://ifanca.org/resources/ifanca-certified-halal-cabot-cheese-at-grocery-stores-nationwide/,IFANCA-Certified Halal Cabot Cheese at Grocery Stores Nationwide!,Spotlight,,"June 30, 2007",industry and certification,certif,title,"The typical challenges related to halal certification of cheese pertain to the use of animal-based rennet. When rennet is not from animals, it removes these obstacles. When Vermont based, Cabot Creamery Cooperative ( www.cabotcheese.com ) took their first steps towards halal certification, their int",2026-10-04
https://ifanca.org/resources/al-safa-halal-zabiha-fast-food-in-the-frozen-food-aisle/,Al Safa Halal: Zabiha Fast Food in the Frozen Food Aisle,Spotlight,,"June 30, 2007",halal basics,zabiha,title,"It all began with a special request, in 1992, from the Malaysian government for Halal beef. Malaysian officials were in Canada, meeting with several beef companies. The goal: finding a facility that would be willing to convert to Zabiha in order to supply Halal beef to their country. MGI Beef Packer",2026-10-04
https://ifanca.org/resources/from-the-publishers-desk-summer-2007/,From the Publisher’s Desk,Editorial,,"June 30, 2007",other,,no match,"Assalamu alaikum Consumers are the ones who drive the change towards halal ingredients in the food industry, and the best consumer is an educated one. Hence, our decision to publish some of the presentations made at the 9th International Halal Food Conference and Banquet, organized by IFANCA, in thi",2026-10-04
https://ifanca.org/resources/editors-note-summer-2007/,Editor’s Note,Editorial,,"June 30, 2007",other,,no match,"Assalamu alaikum and Greetings of Peace! Once upon a time – more accurately, twenty five years ago – a group of concerned Muslim food scientists decided to create an organization that would inform their community whether ingredients in food were halal or not. They began with a vision and five years ",2026-10-04
https://ifanca.org/resources/halal-dairy-ingredients-now-available-for-muslim-food/,Halal Dairy Ingredients Now Available for Muslim Food,Article,,"March 31, 2007",ingredients,ingredient,title,"Dairy ingredients are used as components of various food products all over the world. With the growing Muslim population in western countries, Muslim consumers are worried about the various food ingredients, including dairy ingredients used in processed foods. Most of the ingredients are new to the ",2026-10-04
https://ifanca.org/resources/eating-out-alert-for-halal-customers/,Eating Out Alert for Halal Customers,Article,,"March 31, 2007",halal basics,eating out,title,"Eating out at a restaurant can be a fun treat. But, for a Muslim it can also be a pain! It is difficult enough to decipher product labels at the grocery store, but what do we do when we only have a menu? There may be times when you have to go to a restaurant, whether it is with colleagues,",2026-10-04
https://ifanca.org/resources/pistachio-cake-recipe/,Pistachio Cake Recipe,Recipe,,"March 31, 2007",recipes,type=Recipe,listing type,"Ingredients 1 box yellow cake mix 4 eggs 2 boxes instant pistachio pudding ¼ cup vegetable oil 1 cup baking soda 1 lb white pistachio nuts (shelled), lightly toasted and crushed 1-½ cup milk 1 tablespoon powdered whipping cream Directions Mix in bowl the cake mix, eggs, baking soda, 1 box of pudding",2026-10-04
https://ifanca.org/resources/go-nuts-with-paramount-farms-halal-certified-almonds-and-pistachios/,"Go Nuts with Paramount Farms, Halal Certified Almonds and Pistachios",Spotlight,,"March 31, 2007",industry and certification,certif,title,"The Iowa Women’s Health Study, the Nurses’ Health Study, and the Adventist Health Study, all link the consumption of nuts with lowering the risk of heart disease. Studies show that people eating nuts daily had up to 60% lower risk of heart attacks, than those who ate nuts less than once per month. I",2026-10-04
https://ifanca.org/resources/to-your-health-the-usda-gets-kids-going-with-new-guidelines-on-food/,To Your Health: The USDA Gets Kids Going with New Guidelines on Food,Article,,"March 31, 2007",health and nutrition,health,title,"It can be difficult to separate fact from fiction when it comes to nutritious, healthy eating. Everyone has heard of the numerous fad diets, but do you know about the six food groups? And, how many servings of each food group should you consume each day? Every five years the US releases new and upda",2026-10-04
https://ifanca.org/resources/ifanca-certified-company-news/,IFANCA Certified Company News,Article,,"March 31, 2007",industry and certification,certif,title,"Carole’s Cheesecake Looking for US Distributors Say (Halal) Cheese… Cake! Carole Ogus, 34 years ago was a fulltime schoolteacher. Her husband, Michael was an architect. Michael had a client who asked him if he knew someone who could make a cheesecake. Carole was an excellent baker, and that’s how it",2026-10-04
https://ifanca.org/resources/halal-happenings-spring-2007/,Halal Happenings,Article,,"March 31, 2007",community and events,happenings,title,"Halal Law Being Made More Effective in Illinois The Department of Agriculture (DOA), State of Illinois, held a public hearing meeting on Wednesday, March 7, 2007 in Des Plaines, Illinois. Ms. Margaret Vandijk, General Counsel of DOA, and Dr. Colleen O’Keefe, Division Manager of DAO conducted the pro",2026-10-04
https://ifanca.org/resources/get-to-know-us-spring-2007/,Get to Know Us,Article,,"March 31, 2007",other,,no match,"IFANCA’S Religious Advisors Dr. Shaikh Jaafar Al-Quaderi Dr. Shaikh Jaafar Al-Quaderi has been a Religious Advisor to IFANCA since 1982. Dr. Quaderi is a graduate of Nizamia University Hyderabad, India and a recipient of a doctoral degree from Al-Azhar University, Egypt in 1970, where he conducted r",2026-10-04
https://ifanca.org/resources/from-the-publishers-desk-spring-2007/,From the Publisher’s Desk,Editorial,,"March 31, 2007",other,,no match,"Asalamualaikum There is no doubt that the Halal food industry has an impact on the way companies view their markets, especially in recent years. Halal products are poised to grow. Growth in this sector, according to Food Processing Magazine, “is one of the six hottest trends in the food industry thi",2026-10-04
https://ifanca.org/resources/editors-note-spring-2007/,Editor’s Note,Editorial,,"March 31, 2007",other,,no match,"Asalamualaikum and Greetings of Peace! This was an ‘entertaining’ issue to put together …how often do you get to think about food, as part of your job description? Al Safa Halal , our cover story, was the pioneer when it came to venturing where no other company had gone before i.e. into the frozen f",2026-10-04
https://ifanca.org/resources/why-zabeeha-part-ii/,Why Zabeeha?—Part II,Article,,"September 30, 2006",halal basics,zabeeha,title,"Continued from the Spring 2006 issue of Halal Consumer… ‘This is what is understood by the context of the Hadith since the answer of Nabi(s) to the question was, ‘Say Bismillah and eat.’ It is as though they (the questioners) were told, ‘That is not your concern, rather what should concern you is to",2026-10-04
https://ifanca.org/resources/got-halal-american-universities-offer-halal-dining-services/,Got Halal? American Universities Offer Halal Dining Services,Article,,"September 30, 2006",community and events,universit,title,"How mainstream is Halal meat becoming? If making it to the menus at Dining Services at plenty of American universities is a yardstick, perhaps it won’t be too long before Halal meat graces every grocery store freezer or deli. Harvard University, Syracuse University, University of Connecticut, Cornel",2026-10-04
https://ifanca.org/resources/chesapeake-bay-style-crab-cakes/,Chesapeake Bay-Style Crab Cakes,Recipe,,"September 30, 2006",recipes,type=Recipe,listing type,"2 tablespoons olive oil ¼ cup onions, minced ¼ cup celery, peeled and minced ½ cup red pepper, minced ¾ cup mayonnaise 2 eggs, beaten 1 tablespoon fresh lemon juice ½ tablespoon lemon zest 1 tablespoon Old Bay Seasoning In a sauté pan over medium-high heat, sauté onions celery and pepper in oil for ",2026-10-04
https://ifanca.org/resources/lobster-bisque/,Lobster Bisque,Recipe,,"September 30, 2006",recipes,type=Recipe,listing type,"Ingredients 6 ounces butter or margarine 6 ounces all-purpose flour 3 quarts water 5 ounces Custom Culinary lobster base dash of red pepper, ground 1 quart cream/half and half optional: 8 ounces lobster meat, cooked, small diced (To add as a garnish—½ ounce cooked lobster meat per portion) Step 1 In",2026-10-04
https://ifanca.org/resources/lobster-for-lunch/,Lobster for Lunch,Recipe,,"September 30, 2006",recipes,type=Recipe,listing type,"Lobster Bisque Chesapeake Bay-Style Crab Cakes For more than half a century, IFANCA-certified Custom Culinary™ has been perfecting the art of flavorful foods. It is a family-owned company dedicated to providing a full line of authentic tasting culinary foundations that consistently offer best-in-cla",2026-10-04
https://ifanca.org/resources/the-fountain-of-health/,The Fountain of Health,Article,,"September 30, 2006",health and nutrition,health,title,"The Butterfly Effect is a phrase that the encyclopedia refers to “as the idea that a butterfly’s wings might create tiny changes in the atmosphere that ultimately cause a tornado to appear (or, for that matter, prevent a tornado from appearing). The flapping wing represents a small change in the ini",2026-10-04
https://ifanca.org/resources/a-perfect-cup-of-tea/,A Perfect Cup of Tea,Article,,"September 30, 2006",health and nutrition,tea,title,"Legend has it that a Chinese Emperor was boiling drinking water and some leaves from a nearby Camellia plant floated into the pot. The emperor drank the mixture and declared it gave vigor and contentment to the body. As testament to this, tea is second only to water in worldwide consumption. In the ",2026-10-04
https://ifanca.org/resources/new-ifanca-halal-certified-companies/,New IFANCA Halal Certified Companies,Article,,"September 30, 2006",industry and certification,certif,title,"Company and Location Description of Products Certified Halal Advanced Nutritional, USA Dietary Supplements Advanced Protein Systems, USA Colostrum Products Archon Vitamin Corporation, USA Dietary Supplements American Health Products, Inc, USA Dietary Supplements Anderol, Netherlands Food Grade Lubri",2026-10-04
https://ifanca.org/resources/ifanca-certified-company-news-fall-2006/,IFANCA Certified Company News,Article,,"September 30, 2006",industry and certification,certif,title,"Hint Mint — Strong as a Bull, Smooth as Silk In April 2000, Hint Mint ( www.hintmint.com ) sold their first order of 750 mint tins. By year’s end, only ten months later, they had sold over one million. These mints are vegan and free of sugar, wheat, gluten and animal-based ingredients. Further, Hint",2026-10-04
https://ifanca.org/resources/ifanca-in-the-news/,IFANCA in the News,Article,,"September 30, 2006",industry and certification,halal certif,opening text,"IFANCA Opens Halal Research Center IFANCA has moved its Industry Services offices from 5901 N. Cicero, Chicago IL to 777 Busse Highway, Park Ridge IL. The new location will be called “Halal Research Center (HRC).” The HRC will work closely with the industry for Halal Certification, and carry out res",2026-10-04
https://ifanca.org/resources/halal-happenings-fall-2006/,Halal Happenings,Article,,"September 30, 2006",community and events,happenings,title,"Malaysia to Certify Halal Cosmetics in Bid to Become Global Halal Hub by 2010 Kuala Lumpur, Malaysia —The World Halal Forum, an international trade fair on Halal products, announced that it is going to offer Halal certification to cosmetics and toiletries whose ingredients meet Islamic Halal standar",2026-10-04
https://ifanca.org/resources/get-to-know-us-fall-2006/,Get to Know Us,Article,,"September 30, 2006",health and nutrition,nutrition,opening text,"IFANCA Board of Directors Dr. Muhammad Munir Chaudry Dr. Munir Chaudry, President of Islamic Food and Nutrition Council of America (IFANCA), was educated at the Agricultural University in Faisalabad, Pakistan and the American University of Beirut, Lebanon. He worked on his PhD in Food Chemistry at t",2026-10-04
https://ifanca.org/resources/get-em-while-theyre-hot-halal-gyros/,Get ‘Em While They’re Hot! Halal Gyros!,Article,,"September 30, 2006",industry and certification,manufacturer,opening text,Chicago is home to all five of the major gyro (pronounced “Yiros”) manufacturers in the USA including IFANCA-certified Olympia Food Industries. That’s not really surprising considering Greek immigrants began arriving here in the 1840s and Chicago became home to the largest Greek population in the U.,2026-10-04
https://ifanca.org/resources/from-the-publishers-desk-fall-2006/,From the Publisher’s Desk,Editorial,,"September 30, 2006",other,,no match,"Asalamualaikum, It’s been a busy time here at IFANCA. But busy is good especially if you’re tracking global Halal trends the way we do. Whether it’s Malaysia that’s set its sights on becoming the Global Hub for Halal by 2010 or British Grocery chains that have signed multi-million dollar contracts t",2026-10-04
https://ifanca.org/resources/editors-note-fall-2006/,Editor’s Note,Editorial,,"September 30, 2006",other,,no match,"Asalamualaikum and Greetings of Peace! I worked on this issue of Halal Consumer while in Oman in the Middle East. Whether we ate at KFC or a local restaurant, by and large, the meat was Halal. What a pleasure! Radio and TV programming began and ended with recitation from the Quran. Extended shopping",2026-10-04
https://ifanca.org/resources/the-last-sermon/,The Last Sermon,Article,,"March 31, 2006",other,,no match,"This Sermon was Delivered by Prophet Muhammad (s), on the Ninth Day of Dhul-Hijjah 10 A.H. in the ‘Uranah Valley of Mount Arafat’ in Mecca. O People— Lend me an attentive ear, for I know not whether after this year, I shall ever be amongst you again. Therefore listen to what I am saying to you very ",2026-10-04
https://ifanca.org/resources/why-zabeeha/,Why Zabeeha?,Article,,"March 31, 2006",halal basics,zabeeha,title,Almighty Allah (SWT) in His infinite mercy has made certain animals Halaal (permissible) for this Ummab. We are required to be thankful to Him by following the dictates of the Quran and Sunnah by ensuring that His name is taken upon slaughtering of the animal. Allah (SWT) states in the noble Quran: ,2026-10-04
https://ifanca.org/resources/whats-in-natural-and-artificial-flavors/,What’s in Natural and Artificial Flavors?,Article,,"March 31, 2006",ingredients,flavors,title,"There are thousands of flavors used in different types of food industries such as beverage, dairy and bakery industries. Flavors are available in dry, liquid or emulsion forms. According to the FDA (2002), flavors and flavorings are some of the most complex ingredients used in the food industry, but",2026-10-04
https://ifanca.org/resources/whats-amena-having-for-lunch/,What’s Amena Having for Lunch?,Article,,"March 31, 2006",health and nutrition,lunch,title,"Even if you’re teaching children good food habits at home it may all be undermined by what’s lurking in school. Vending machines that offer sugary and fatty snacks, and cafeterias that sell fried goodies. Why are these soda and snack machines in our schools to begin with? Well, the manufacturers pay",2026-10-04
https://ifanca.org/resources/soups-for-spring/,Soups for Spring,Recipe,,"March 31, 2006",recipes,type=Recipe,listing type,Chicken & Mushroom Soup Ingredients 1 cup small mushrooms 1 tablespoon oil 6 cups chicken stock 1 cup boiled chicken (shredded) 3 spring onions (finely chopped) salt to taste 1 tablespoon Soya sauce white pepper (a pinch) 1 teaspoon corn flour (make paste with 2 teaspoons of water) Method For the ch,2026-10-04
https://ifanca.org/resources/chocolate-mousse-napoleons-with-strawberries-cream/,Chocolate Mousse Napoleons with Strawberries & Cream,Recipe,,"March 31, 2006",recipes,type=Recipe,listing type,"Makes 12 Napoleons Ingredients ½ package Frozen Puff Pastry Sheets (1 sheet) 1 cup heavy cream ¼ teaspoon ground cinnamon 1 cup semi-sweet chocolate pieces, melted and cooled 2 cups sweetened whipped cream or RICH’s IFANCA certified whipped topping 1½ cups sliced strawberries 1 square (1 oz) semi-sw",2026-10-04
https://ifanca.org/resources/banana-chocolate-samosas/,Banana Chocolate Samosas,Recipe,,"March 31, 2006",recipes,type=Recipe,listing type,"Ingredients wonton wrappers sliced bananas—use as many as needed 1 package semi-sweet chocolate chips canola oil for frying Step 1 Take wonton wrapper. On one half, place one piece of banana and 3-4 chocolate chips. Apply water to all edges and seal. Step 2 Heat oil about 3-4 inches deep. Fry just u",2026-10-04
https://ifanca.org/resources/garlic-sauce/,Garlic Sauce,Recipe,,"March 31, 2006",recipes,type=Recipe,listing type,Ingredients ½ cup sour cream ½ cup mayonnaise 3-4 cloves garlic minced 1 tablespoon lemon juice 1 tablespoon Worcestershire sauce salt and pepper to taste Step 1 Whisk all ingredients together until smooth and serve. This sauce is also great on salads and as a dip for veggies.,2026-10-04
https://ifanca.org/resources/buffalo-style-chicken-wings/,Buffalo Style Chicken Wings,Recipe,,"March 31, 2006",recipes,type=Recipe,listing type,"Ingredients 2 cups all-purpose flour ½ teaspoon fine salt ½ teaspoon cayenne pepper vegetable oil for frying 2 pounds Al Safa chicken wings, split at the joint. ½ cup unsalted butter, melted 2 tablespoons freshly squeezed lemon juice ¼ cup hot sauce, or to taste garlic sauce, (recipe here ) celery s",2026-10-04
https://ifanca.org/resources/finger-lickin-goodies/,Finger Lickin’ Goodies,Article,,"March 31, 2006",other,,no match,"Spotted a birthday cake shaped and decorated like the Kabah, a masjid or a castle in a Muslim home? It’s probably a taste-to-die-for that’s come out of Masooda Rahman’s oven. Masooda began baking and cooking at age 10 and hasn’t stopped since. All that practice has made her quite the expert. What be",2026-10-04
https://ifanca.org/resources/a-spoonful-of-omega-3/,A Spoonful of Omega-3,Article,,"March 31, 2006",health and nutrition,diabet,opening text,"If you follow health trends, research has proven that Omega-3 does wonders for your health. Studies link it to better memory and concentration, fighting depression and anxiety, stimulating brain development even before birth and in treating Attention Deficit Hyperactivity Disorder (ADHD). Research b",2026-10-04
https://ifanca.org/resources/heart-healthy-dark-chocolate/,Heart-Healthy Dark Chocolate,Article,,"March 31, 2006",health and nutrition,health,title,"A chocoholic are you? There’s no need to be guilt-ridden if you love dark chocolate—with no milk. The old adage, “The darker the berry, the sweeter the juice,” seems to be true of dark chocolate as related to antioxidants. The darker the chocolate, the better it is health-wise. In fact, present dark",2026-10-04
https://ifanca.org/resources/ifanca-operated-sabeel-food-pantry-boon-to-the-area/,IFANCA-Operated Sabeel Food Pantry Boon to the Area,Article,,"March 31, 2006",community and events,food pantry,title,"The IFANCA-operated Sabeel Food Pantry, at 3031 W. Belmont Ave, Chicago, IL 60618, operates from 10:00 a.m. until 1:00 p.m. every Monday. Families and individuals of all backgrounds and faiths can stop by during those hours to replenish their kitchens. Donors can also bring their canned goods and un",2026-10-04
https://ifanca.org/resources/compassionate-care-network-a-muslim-physicians-initiative/,Compassionate Care Network: A Muslim Physician’s Initiative,Article,,"March 31, 2006",other,,no match,"Forty-three million people are uninsured in America. Nearly 50 percent of the uninsured live in the suburbs and have an average annual income of $50,000 or less. These individuals/families do not usually qualify for any insurance programs offered by the government and may not have coverage as they a",2026-10-04
https://ifanca.org/resources/ifanca-aids-relief-efforts-in-pakistan-need-remains-dire/,IFANCA Aids Relief Efforts in Pakistan: Need Remains Dire,Article,,"March 31, 2006",community and events,relief,title,"Thousands of families who survived Pakistan’s 2005 earthquake and subsequent brutal winter in temporary shelters, have begun the hard but necessary task of rebuilding their lives and livelihoods. This is quite a challenge given that this was the worst earthquake in the nation’s history, with the tot",2026-10-04
https://ifanca.org/resources/zunaira-zaheer-khader-memorial-scholarship/,Zunaira Zaheer Khader Memorial Scholarship,Article,,"March 31, 2006",community and events,scholarship,title,"Following the death of their 23-year-old daughter, Zunaira, in a fatal car accident in January 2004, Schaumburg residents Syed Zaheer Khader and Zehra Zaheer Khader, agreed to help underwrite a scholarship in their daughter’s memory. Zunaira was a second year student at John Marshall Law School, Chi",2026-10-04
https://ifanca.org/resources/ifanca-sponsors-five-1000-scholarships-for-muslim-students/,"IFANCA Sponsors Five $1,000 Scholarships for Muslim Students",Article,,"March 31, 2006",community and events,sponsor,title,"The IFANCA sponsored Chicagoland Muslim Scholarship Fund (CMSF) was established in March 2003 to assist Muslim students pay for their higher education. The fund is to provide financial assistance at the undergraduate level, and to contribute to the emergence and future success of young professionals",2026-10-04
https://ifanca.org/resources/ifanca-at-conference-in-amsterdam-and-kuala-lumpur-in-2006/,IFANCA at Conference in Amsterdam and Kuala Lumpur in 2006,Article,,"March 31, 2006",community and events,conference,title,"IFANCA at Conference in Amsterdam… Amsterdam, March 2006 The Muslim community in Europe is an estimated 15 million (3% of the European population), and catering to their needs is a new market—Halal food. It’s no wonder then that The Islamic Food Council of Europe organized The 2nd International Hala",2026-10-04
https://ifanca.org/resources/ifanca-at-south-african-halal-food-conferences/,IFANCA at South African Halal Food Conferences,Article,,"March 31, 2006",community and events,conference,title,"World Halal Conference — Cape Town, South Africa: September 12-13, 2005 Representatives of The Islamic Food and Nutrition Council of America (IFANCA) were present. at The World Halal Conference at the world renowned Kristenbousch Garden in the city of Capetown, South Africa. The conference, chaired ",2026-10-04
https://ifanca.org/resources/ifanca-certified-company-news-spring-2006/,IFANCA-Certified Company News,Article,,"March 31, 2006",industry and certification,certif,title,"A.M. Todd Co. is Peppermint King A.M. Todd Co. combines more than 135 years of pioneering products from nature with a continued commitment to forward-thinking technologies and solutions. Today, A.M. Todd Co. is the world’s leading producer of high-quality peppermint and spearmint oils, with an indus",2026-10-04
https://ifanca.org/resources/jm-food-products-a-profile/,J&M Food Products: A Profile,Spotlight,,"March 31, 2006",health and nutrition,food,title,"Did you know the U.S. Army serves Halal rations and universities iti the U.S. have explored how they could offer students Halal meals? Paving the path to these realities is J&M Food Products, an IFANCA-certified company. Mary Anne Jackson, President of J &M Food Products, was already in the food bus",2026-10-04
https://ifanca.org/resources/from-the-publishers-desk-spring-2006/,From the Publisher’s Desk,Editorial,,"March 31, 2006",other,,no match,"Asalam Alaikum. Thank you for picking up a copy of Halal Consumer magazine. We hope you will find it both interesting and informative. Perhaps many of you are already familiar with the IFANCA crescent symbol on your Halal food purchases. But did you know, besides food, we also certify the ingredient",2026-10-04
https://ifanca.org/resources/editors-note-spring-2006/,Editor’s Note,Editorial,,"March 31, 2006",other,,no match,"Welcome to Halal Consumer Magazine. I hope you enjoy reading it as much as we do! But why a magazine devoted to all that’s Halal? Why a magazine that urges you to ask for Halal, Zabiha food wherever you may be? Because Halal is our identity. Moreover, God (SWT) says: “O people! Eat of what is on ear",2026-10-04
https://ifanca.org/resources/vanilla-flavoring-in-the-halal-industry/,Vanilla Flavoring in the Halal Industry,Article,,"September 30, 2005",ingredients,vanilla,title,"Natural Vanilla flavoring is obtained from vanilla bean pods. Vanilla has been used for centuries, and is the most popular of all flavoring extracts. More than thirty-three species of vanilla are known, but most of these are valueless for flavoring (Gnadinger 1929). Vanilla flavor is liked almost ev",2026-10-04
https://ifanca.org/resources/shoppers-guide/,Shopper’s Guide,Guide,Ingredients,"June 30, 2005",halal basics,haram,opening text,Haram / Avoid Bacon Beer Bacon Bits Gin Ham Rum Hydrolyzed Animal Protein Scotch Lard Vodka Pork Whiskey Ethyl Alcohol Wine Mashbooh / Questionable Investigate Further Artificial & Natural Colorings Polysorbates Artificial & Natural Flavorings Potassium Stearate Calcium Stearoyl Lactylate Propylene ,2026-10-04
https://ifanca.org/resources/seventh-international-halal-food-conference-to-be-held-in-durban-south-africa/,"Seventh International Halal Food Conference to Be Held in Durban, South Africa",Article,,"June 30, 2005",community and events,conference,title,Chicago August 25 – The Islamic Food and Nutrition Council of America (IFANCA) is cosponsoring a world class Halal food conference on September 8 th and 9 th . The conference will be the first of its kind to be held in Durban South Africa. The theme of the conference will be “HALAL: A Symbol of Qual,2026-10-04
https://ifanca.org/resources/the-ifanca-scholarship-grant-for-university-college-of-technology-and-management-kutpm-malaysia/,The IFANCA Scholarship Grant for University College of Technology and Management (KUTPM) Malaysia,Article,,"June 30, 2005",community and events,universit,title,"An ‘Memorandum Of Understanding’ was signed on May 2, 2005 at the University campus in Shah Alam, Malaysia between Prof. Hj. Dr. Mohamed Sadek, Vice President, IFANCA and Prof. Dato’ Mohd. Shukri Ab. Yazid, President of the University. Under the terms of this agreement, IFANCA will make an initial c",2026-10-04
https://ifanca.org/resources/gelatin-free-products-a-dream-come-true-for-many/,Gelatin Free Products—A Dream Come True for Many,Article,,"June 30, 2005",ingredients,gelatin,title,"Gelatin has always had a stigma for Muslims, and logically so, since most of the gelatin has been from porcine sources (or other animals not slaughtered according to Islamic rites). Gelatin poses not only a problem for Muslims but also for many Jews, Hindus, Vegetarians, and others. It has become po",2026-10-04
https://ifanca.org/resources/zabiha-or-not-to-zabiha/,Zabiha or Not to Zabiha!,Article,,"June 30, 2005",halal basics,zabiha,title,"Dhabiha , literally means slaughtered in Arabic and Halal means permissible for Muslims. The root of the word dhabh which connotes purification or rendering something good, wholesome or complete. The word Dhabiha in Arabic is pronounced Zabiha in Urdu. General perception among the Muslims of South A",2026-10-04
https://ifanca.org/resources/enjoy-halal-gyros/,Enjoy Halal Gyros!,Article,,"June 30, 2005",other,,no match,"Let’s start with Gyros are not. Occasionally the name Gyros and a product known as Shawarmah are used interchangeably. Though they share some things in common such as origin and cooking technique, the differences between the two are notable. Where as Shawarmah is made with pieces of meat from lamb, ",2026-10-04
https://ifanca.org/resources/the-food-meat-of-people-of-the-book/,The Food (Meat) of People of the Book,Article,,"June 30, 2005",health and nutrition,food,title,"It has become common for Muslims to de-emphasize the importance of proper food to the point that many Muslims are seen eating in restaurants or fast food establishments, indulging in foods that should be avoided. Muslims should be more serious and careful about eating meat at restaurants in non-Musl",2026-10-04
https://ifanca.org/resources/editorial/,Editorial,Editorial,,"June 30, 2005",other,,no match,"The 7th International Halal Food Conference to be held in Durban, South Africa on September 8th and 9th. South African National Halaal Authority (SANHA) organizes this world-class conference and IFANCA is cosponsoring. The conference will be the first of its kind to be held in Durban South Africa. T",2026-10-04
https://ifanca.org/resources/ifanca-regional-office-servicing-southeast-asia/,IFANCA Regional Office Servicing Southeast Asia,Article,,"September 30, 2004",industry and certification,halal certif,opening text,"Realizing the growing importance of Halal Certification in the Pacific Rim countries, IFANCA International with the blessing and urging of the Islamic development department Malaysia (JAKIM) decides to establish the IFANCA SEA office in Kuala Lumpur, the Capital city of Malaysia. IFANCA has been for",2026-10-04
https://ifanca.org/resources/sabeel-food-pantry-holds-the-first-annual-volunteer-appreciation-lunch/,Sabeel Food Pantry Holds the First Annual Volunteer Appreciation Lunch,Article,,"September 30, 2004",community and events,food pantry,title,"Sabeel Food Pantry celebrating a successful year organized a luncheon for its volunteers on Sunday, December 5, 2004 at its center at 3031 West Belmont Ave., Chicago, IL 60618. The Director of the Pantry Mr. Quadir Latifi commenced the program with an overview of its inception a year ago in October ",2026-10-04
https://ifanca.org/resources/frequently-asked-questions-answers/,Frequently Asked: Questions & Answers,Article,,"September 30, 2004",other,,no match,"(1): Can we eat vegetarian meals? There are different types of vegetarian meals. The most common ones may contain milk and eggs but not other animal byproducts. The standard for vegan vegetarian meals requires they contain no animal products, including milk or egg products. However, they may contain",2026-10-04
https://ifanca.org/resources/gelatin-manufacturing-uses-health-affects-and-issues-of-halal-haram/,"Gelatin: Manufacturing, Uses, Health Affects, and Issues of Halal/Haram",Article,,"September 30, 2004",ingredients,gelatin,title,"Often gelatin comes up as one of the poster child ingredients Muslims shy away from. “Where does gelatin come from?” and “where is it used?” are pivotal questions that make it so critical to watch out for it in the first place. Gelatin, like several other products and ingredients, is considered more",2026-10-04
https://ifanca.org/resources/halvit-brand-halal-vitamins-available/,HALVIT™ Brand HALAL Vitamins Available,Spotlight,,"September 30, 2004",industry and certification,brand,title,"PRODUCT PROFILES: SIA PHARMA LLC U.S.A. Make Halal Vitamins Available To The World HalVit™ brand multivitamins manufactured by SIA Pharma LLC headquartered in Virginia, USA, have been certified as HALAL by the Islamic Food and Nutrition Council of America (IFANCA) since January 2004. SIA Pharma prod",2026-10-04
https://ifanca.org/resources/hj-abdullah-fahim-director-ifanca-speaks-about-global-trend-in-halal-certification-at-the-halal-food-conference-malaysia/,"Hj. Abdullah Fahim; Director – IFANCA, Speaks About “Global Trend in Halal Certification at the Halal Food Conference Malaysia”",Article,,"September 30, 2004",industry and certification,certif,title,"KUALA LUMPUR – The importance of high lighted just by sheer presence of the Prime Minister of Malaysia YAB Dato’ Seri Abdullah Bin Ahmad Badawi. The professionally diverse international conference entitled ” Malaysia International Halal Food Conference” was held on July 15-16, 2004 in Kuala Lumpur, ",2026-10-04
https://ifanca.org/resources/dr-mohamed-sadek-v-p-ifanca-discussed-monitoring-and-enforcement-of-halal-food-products-at-the-international-seminar-in-kuala-lumpur/,"Dr. Mohamed Sadek; V.P. IFANCA, Discussed “Monitoring and Enforcement of Halal Food Products at the International Seminar in Kuala Lumpur”",Article,,"September 30, 2004",health and nutrition,food,title,"Putrajaya Malaysia was the venue of the ” International Seminar on Halal Food and Products: ‘Challenges and Prospects In Global Market.”‘ The conference was held from the 28th-30th of September, 2004. The event was organized and set at the Marriott Hotel by the Islamic University College of Malaysia",2026-10-04
https://ifanca.org/resources/editorial-fall-2004/,Editorial,Editorial,,"September 30, 2004",other,,no match,"I seek refuge in God from the evil Satan. In the Name of God, the Most Gracious, the Most Merciful. “Read! In the Name of your LORD WHO has created (all that exists).” With this simple yet powerful revelation, the LORD has commanded HIS Messenger, Muhammad, may peace and blessings be upon him, and a",2026-10-04
https://ifanca.org/resources/5th-international-halal-food-conference-proceeding-12-an-overview-of-halal-food-production-and-certification/,5th International Halal Food Conference Proceeding 12: An Overview of Halal Food Production and Certification,Article,,"September 30, 2003",industry and certification,certif,title,Islam is the world’s second largest religion with over 1.3 billion followers. A 2002 survey by Cornell University indicates there are seven million Muslims in the United States and another one million in Canada. Muslims follow the Islamic dietary code known as Halal. Halal foods are foods that are f,2026-10-04
https://ifanca.org/resources/5th-international-halal-food-conference-proceeding-11-food-safety-as-it-relates-to-islam/,5th International Halal Food Conference Proceeding 11: Food Safety as It Relates to Islam,Article,,"September 30, 2003",community and events,conference,title,"Bacteria are the cause of nearly 70% of all food poisoning outbreaks. The Centers for Disease Control has identified over 400 food-related illnesses. The most significant are salmonella, Listeria and E. Coli. In the United States alone, food poisoning results in 9000 deaths annually and over 80 mill",2026-10-04
https://ifanca.org/resources/5th-international-halal-food-conference-proceedings-10-the-making-of-halal-french-fries/,5th International Halal Food Conference Proceedings 10: The Making of Halal French Fries,Article,,"September 30, 2003",community and events,conference,title,"The McCain philosophy is to produce high quality products, meet the needs and tastes of the local market and employ people who understand the local culture and can represent McCain in the marketplace. McCain is the largest French fry and frozen snack food company in the world with over 55 production",2026-10-04
https://ifanca.org/resources/5th-international-halal-food-conference-proceedings-8-halal-products-and-certification-experience-at-capsugel/,5th International Halal Food Conference Proceedings 9: Halal Products and Certification Experience at Capsugel®,Article,,"September 30, 2003",industry and certification,certif,title,"Capsugel is a division of Pfizer Inc. we produce hard gelatin capsules, natural polymer capsules, capsules of plant origin, gelatin coating for caplets and soft gelatin capsules. The main customers for Capsugel products are the pharmaceutical industry and alternative medicine and dietary supplement ",2026-10-04
https://ifanca.org/resources/5th-international-halal-food-conference-proceedings-8-halal-in-the-firmenich-world/,5th International Halal Food Conference Proceedings 8: Halal in the Firmenich World,Article,,"September 30, 2003",community and events,conference,title,"Firmenich was founded in 1895 in Geneva as a family owned company. Today, it is the largest private manufacturer. Firmenich was founded in 1895 in Geneva as a family owned company. Today, it is the largest private manufacturer of flavors, fragrances and raw materials. Firmenich is committed to its c",2026-10-04
https://ifanca.org/resources/5th-international-halal-food-conference-proceedings-6-halal-certification-and-industrys-viewpoint/,5th International Halal Food Conference Proceedings 6: Halal Certification and Industry’s Viewpoint,Article,,"September 30, 2003",industry and certification,certif,title,"Quest International is a multi national company with manufacturing and representation in 35 countries on 5 continents. The company is comprised of 2 divisions, food and Fragrances. Total sales in 2002 were US$ 1.1 billion. The food division produces flavors, emulsifiers, hydrocolloids, proteins and ",2026-10-04
https://ifanca.org/resources/5th-international-halal-food-conference-proceedings-7-standardizing-halal-certification/,5th International Halal Food Conference Proceedings 7: Standardizing Halal Certification,Article,,"September 30, 2003",industry and certification,certif,title,"ln these globalized markets, there are many standards. The same holds true for Halal certification. Various agreements have been made to facilitate the free trade of goods and services. NAFTA, AFTA and other agreements are designed to make it easier for nations to exchange goods and services. Simila",2026-10-04
https://ifanca.org/resources/5th-international-halal-food-conference-proceedings-5-halal-certification-the-singapore-experience/,5th International Halal Food Conference Proceedings 5: Halal Certification—The Singapore Experience,Article,,"September 30, 2003",industry and certification,certif,title,"The Islamic Council of Singapore, also known as Majlis Ugama Islam Singapura (MUIS) is the highest Islamic authority in charge of Muslim affairs in Singapore. It was established in 1968 with the enactment of the Administration of Muslim Law. MUIS advises the President of Singapore on all matters rel",2026-10-04
https://ifanca.org/resources/5th-international-halal-food-conference-proceedings-4-indonesian-halal-certification-program/,5th International Halal Food Conference Proceedings 4: Indonesian Halal Certification Program,Article,,"September 30, 2003",industry and certification,certif,title,"Halal means allowed or lawful. In the case of food, products are considered to be Halal unless they are specified as haram in the Quran or Hadith. Haram means prohibited or unlawful. Pork and it by-products, alcohol and its by-products, carrion and its derivatives, animals slaughtered in a name othe",2026-10-04
https://ifanca.org/resources/5th-international-halal-food-conference-proceedings-3-halal-certification-in-malaysia/,5th International Halal Food Conference Proceedings 3: Halal Certification in Malaysia,Article,,"September 30, 2003",industry and certification,certif,title,"In 1975, the Ministry of Internal Trade and Consumer Affairs issued orders concerning Halal. This defined Halal and required proper labeling of Halal food. This was followed by an order in 1982 requiring all meat imports to be Halal certified which later extended to all meat products. In 1994 guidel",2026-10-04
https://ifanca.org/resources/5th-international-halal-food-conference-proceedings-2-the-importance-of-halal-certification/,5th International Halal Food Conference Proceedings 2: The Importance of Halal Certification,Article,,"September 30, 2003",industry and certification,certif,title,"Halal certification began due to demand for Halal products by Muslim countries back in the 1970’s. The early products that were certified included poultry, cookies and toothpaste. Malaysia, Singapore and Saudi Arabia were among the first countries to require food imports from the United States to be",2026-10-04
https://ifanca.org/resources/5th-international-halal-food-conference-proceedings-1-halal-certification-learning-from-experience/,5th International Halal Food Conference Proceedings 1:  Halal Certification — Learning From Experience,Article,,"September 30, 2003",industry and certification,certif,title,"In developing systems, it is often useful to look at the experience of others. The same holds true for Halal Certification. It may be useful to look at the experience of other groups that have been certifying products. One such experience is that of Kosher. There are many agencies offering certifica",2026-10-04
https://ifanca.org/resources/editorial-fall-2003/,Editorial,Editorial,,"September 30, 2003",other,,no match,"The 5 th International Halal Food Conference was held in Chicago under the theme The Importance of Halal Certification. After 20 years of providing Halal certification services, you would think why do we need to review the importance of Halal certification. One main reason: more and more multi-natio",2026-10-04
https://ifanca.org/resources/shoppers-guide-spring-2003/,Shopper’s Guide,Guide,Ingredients,"March 31, 2003",halal basics,haram,opening text,HARAM / AVOID Bacon Beer Bacon Bits Gin Ham Rum Hydrolyzed Animal Protein Scotch Lard Vodka Pork Whiskey Ethyl Alcohol Wine MASHBOOH / QUESTIONABLE INVESTIGATE FURTHER Artificial & Natural Colorings Polysorbates Artificial & Natural Flavorings Potassium Stearate Calcium Stearoyl Lactylate Propylene ,2026-10-04
https://ifanca.org/resources/ifanca-in-the-news-spring-2003/,IFANCA in the News,Article,,"March 31, 2003",ingredients,enzyme,opening text,"Chemical Engineering and News Report: GMO Enzymes Muslim Dietary laws have a lot in common with Jewish precepts. Based on centuries’ old practices, “Our guidelines predate FDA’s rules, “says Muhammad M. Chaudry, Halal Administrator and President of the Islamic Food & Nutrition Council of America. Pr",2026-10-04
https://ifanca.org/resources/halal-revisited/,Halal Revisited,Article,,"March 31, 2003",halal basics,halal revisited,title,"In Islam, all foods are Halal unless declared Haram by ALLAH, (SWT), either directly in the Quran or through Prophet Muhammad, (PBUH). This is the basic principle in food selection, food certification and questions. There are a number of references in the Quran to food. These include ayat that instr",2026-10-04
https://ifanca.org/resources/gmo-issues-in-halal-food/,GMO Issues in Halal Food,Article,,"March 31, 2003",ingredients,gmo,title,What is a GMO? GMO stands for genetically modified organisms. Many products available in the market place today contain ingredients from plants and animals that have been genetically altered in some way. Some of the staple food products like tomatoes and corn have also been modified to improve their,2026-10-04
https://ifanca.org/resources/animal-feed-how-serious-is-this-issue/,Animal Feed! How Serious Is This Issue?,Article,,"March 31, 2003",other,,no match,"There is a lot of confusion and many questions and about the processes used in the manufacture of animal feed. Let us examine some of these issues and clarify some of the questions. On many farms, it is quite common to include a “protein supplement” in the animal feed. The practice is not limited to",2026-10-04
https://ifanca.org/resources/benefits-of-ifanca-halal-certification/,Benefits of IFANCA Halal Certification,Article,,"March 31, 2003",industry and certification,certif,title,"For the consumer, the benefits of IFANCA Halal certification are clear: knowing a product is Halal certified means they don’t have to spends hours at the grocery store, checking all the ingredients. They can purchase the product with the assurance it does not contain anything that is Haram or doubtf",2026-10-04
https://ifanca.org/resources/editorial-spring-2003/,Editorial,Editorial,,"March 31, 2003",other,,no match,"IFANCA receives many questions about ingredients and products, such as: Is the gelatin in this product Halal? Is the whey in this other product Halal? Can we eat in fast food restaurants? Etc., etc.! We also come across numerous articles about food fraud, many of them sent in by Halal consumers, see",2026-10-04
https://ifanca.org/resources/shoppers-guide-fall-2002/,Shopper’s Guide,Guide,Ingredients,"September 30, 2002",halal basics,haram,opening text,Haram / Avoid Bacon Beer Bacon Bits Gin Ham Rum Hydrolyzed Animal Protein Scotch Lard Vodka Pork Whiskey Ethyl Alcohol Wine Mashbooh / Questionable Investigate Further Artificial & Natural Colorings Polysorbates Artificial & Natural Flavorings Potassium Stearate Calcium Stearoyl Lactylate Propylene ,2026-10-04
https://ifanca.org/resources/presidents-message/,President’s Message,Editorial,,"September 30, 2002",other,,no match,"IFANCA was founded in 1980 and registered in the State of Illinois, USA as a “not for profit”, Islamic organization with the mission to promote Halal food and the institution of Halal. Initially, IFANCA published lists of Halal and haram products. IFANCA recognized that such lists were only a tempor",2026-10-04
https://ifanca.org/resources/alcohol-a-great-sin-and-some-benefit/,Alcohol—A Great Sin and Some Benefit,Article,,"September 30, 2002",ingredients,alcohol,title,"People have consumed alcoholic beverages for centuries. Every Divine Scripture has prohibited the consumption of alcohol, but yet, it continues to be a major source of business and evil in society. What is alcohol and what does the Final Divine Scripture, the Quran, has to say about it? Alcohol is t",2026-10-04
https://ifanca.org/resources/enzymes-catalysts-for-life/,Enzymes—Catalysts for Life,Article,,"September 30, 2002",ingredients,enzyme,title,"Enzymes are proteins that act as catalysts, driving chemical reactions in the cells of living organisms. Some enzymes result in very quick reactions while others enable reactions to take place under more mild conditions. Enzymes can be very specific affecting only one type of reaction or more genera",2026-10-04
https://ifanca.org/resources/dalail-e-shariah-the-evidence-of-islamic-law/,"Dalail-e-Shariah, The Evidence of Islamic Law",Article,,"September 30, 2002",industry and certification,law,title,"All praises are for ALLAH, the Lord and Sustainer of the universe. May the peace and blessings of ALLAH be upon our beloved Messenger Muhammad, his family and his companions. In the field of Shariah (Islamic theology & law) there is a science known as Usul al-Fiqh in which the jurisprudential method",2026-10-04
https://ifanca.org/resources/editorial-fall-2002/,Editorial,Editorial,,"September 30, 2002",other,,no match,"Alhamdulillah was-salatu was-salaamu ‘ala rasoolillah. All thanks and praise is to ALLAH (Subhanahu wa ta’ala) and we ask that HIS blessings and peace be upon HIS Messenger, Muhammad (salla ALLAHu alaihi wa sallam). Assalaamu alaikum wa rahmatullahi wa barakatuhu! It has been a busy and challenging ",2026-10-04
https://ifanca.org/resources/frequently-asked-questions-spring-2002/,Frequently Asked Questions,Article,,"March 31, 2002",halal basics,mashbooh,opening text,"IFANCA receives many questions about Halal food, ingredients and marketplace inquiries. Some of the frequently asked questions and their answers are summarized here for the Halal Consumer Magazine. For a detailed listing visit our web site at www.ifanca.org . 1. Isn’t All Cheese Halal? No. Not all c",2026-10-04
https://ifanca.org/resources/historical-perspective-on-halal-certification/,Historical Perspective on Halal Certification,Article,,"March 31, 2002",industry and certification,certif,title,"Muslims are instructed by ALLAH, Subhanahu wa ta’ala, to eat only Halal foods and when in doubt to avoid its consumption. This incentive dates back to the time of Prophet Adam, alaihis salaam, when he was clearly instructed not to eat the fruits of the forbidden tree (haram). Prophet Adam, alaihis s",2026-10-04
https://ifanca.org/resources/editorial-spring-2002/,Editorial,Editorial,,"March 31, 2002",other,,no match,"Alhamdulillah was-salatu was-salaamu ‘ala rasoolillah. All thanks and praise to ALLAH (S) and we ask that HIS blessings and peace be upon HIS Messenger, Muhammad (s). Assalaamu alaikum wa rahmatullahi wa barakatuhu! It looks like 2002 will be another busy year for IFANCA. There are many items on the",2026-10-04
https://ifanca.org/resources/shoppers-guide-fall-2001/,Shopper’s Guide,Guide,Ingredients,"September 30, 2001",halal basics,haram,opening text,Haram / Avoid Bacon Ethyl alcohol Bacon bits Beer Gelatin Gin Ham Scotch Hydrolyzed animal protein Animal Shortening Lard Vodka Pork Whiskey Shortening Wine Investigate Further Artificial & natural colorings Artificial & natural flavorings Calcium stearoyl lactylate Enzymes Fatty acids Glycerin Glyc,2026-10-04
https://ifanca.org/resources/list-of-some-questionable-e-numbers-to-be-aware-of/,List of Some Questionable E-Numbers to Be Aware of,Article,,"September 30, 2001",ingredients,e-numbers,title,E-Number Description Category Status* E-304 Fatty acid esters of ascorbic acid antioxidants Q1 E-322 Lecithins emulsifiers Q1 E-422 Glycerol Q1 E-431 Polyoxyethylene (40) stearate Q1 E-432 Polyoxyethylene sorbitan monolaurate emulsifiers Q1 E-433 Polyoxyethylene sorbitan mono-oleate emulsifiers Q1 E,2026-10-04
https://ifanca.org/resources/ifanca-at-saudi-halal-food-conference/,IFANCA at Saudi Halal Food Conference,Article,,"September 30, 2001",community and events,conference,title,"IFANCA has been invited to participate in Halal Foods Conference & Exhibition in Riyadh, Saudi Arabia from September 24-27. The Saudi Economic Development Center and the Saudi Arabian Standards Organization are sponsoring the Conference. IFANCA has been invited to share their expertise in supervisin",2026-10-04
https://ifanca.org/resources/e-numbers-for-food-additives-in-europe/,E-Numbers for Food Additives in Europe,Article,,"September 30, 2001",ingredients,e-numbers,title,E-numbers are reference numbers used by the European Union to facilitate identification of food additives. All food additives used in the European Union are identified by an E-number. The “E” stands for “Europe” or “European Union” or Edible. Normally each food additive is assigned a unique number. ,2026-10-04
https://ifanca.org/resources/illinois-halal-food-law/,Illinois Halal Food Law,Article,,"September 30, 2001",industry and certification,law,title,"Illinois Halal Food Law State of Illinois 92nd General Assembly Legislation AN ACT in relation to public health. Be it enacted by the people of the State of Illinois, represented in the General Assembly: Section 1. Short title. This Act may be cited as the Halal Food Act. Section 5. Definitions. As ",2026-10-04
https://ifanca.org/resources/halal-food-laws/,Halal Food Laws,Article,,"September 30, 2001",industry and certification,laws,title,"During the past year, Halal has come to the forefront of industry, educational institutions and even State government. For many years, astute food producers have been enjoying the benefits of marketing Halal products to Muslims around the world. Until the last decade, most Halal products were produc",2026-10-04
https://ifanca.org/resources/two-piece-capsules-designed-to-meet-halal-standards/,Two-Piece Capsules Designed to Meet Halal Standards,Article,,"September 30, 2001",ingredients,capsule,title,"Back in the early 1800’s, pharmacists were searching for a way to make unpalatable medicine more pleasant to take. The answer was an easy-to-swallow two-piece gelatin capsule that masks the taste and smell of its contents. Today, the two-piece gelatin capsule is the dosage form of choice all over th",2026-10-04
https://ifanca.org/resources/ifanca-enjoys-muslim-american-society-mas-convention-2001/,IFANCA Enjoys Muslim American Society (MAS) Convention 2001,Article,,"September 30, 2001",other,,no match,"IFANCA enjoyed participating in the MAS Convention 2001, held in Chicago. IFANCA discussed the food of Ahlul Kitab and how it applies to Muslims in non-Muslim countries and elsewhere and presented a workshop on How to Select Foods in the Market. Dr. Jaafar Al-Quaderi, IFANCA’s Religious Advisor, dis",2026-10-04
https://ifanca.org/resources/change-of-state-istihala/,Change of State—Istihala,Article,,"September 30, 2001",other,,no match,"Companies engaged in the production of food products have given humanity a wide variety of new and innovative products. With advertising and marketing efforts, these new products become popular among consumers. Years ago, foods were consumed immediately after being prepared. But in these days of pat",2026-10-04
https://ifanca.org/resources/international-halal-food-conference-2001/,International Halal Food Conference 2001,Article,,"September 30, 2001",community and events,conference,title,"Halal Conference 2001 was held at the Paris Hilton Hotel during May 13-15, 2001. This was IFANCA’s third conference over the last three years and the first in Europe. With anxiety over BSE and foot and mouth disease, the Conference provided an upbeat spirit in discussing Halal quality and independen",2026-10-04
https://ifanca.org/resources/editorial-fall-2001/,Editorial,Editorial,,"September 30, 2001",other,,no match,"Alhamdulillah was-salatu was-salaamu ‘ala rasoolillah. All thanks and praise is to ALLAH (S) and we ask that HIS blessings and peace be upon HIS Messenger, Muhammad (s). Assalaamu alaikum wa rahmatullahi wa barakatuhu! Attention to Halal Food is increasing among all sectors of society, consumers, pr",2026-10-04
https://ifanca.org/resources/upcoming-ifanca-activities/,Upcoming IFANCA Activities,Article,,"September 30, 2000",community and events,conference,opening text,"On October 30-31, IFANCA plans to be in Bangkok, Thailand for the HGH Back-up by Science conference. Dr. Chaudry will present a paper on some of the scientific evidence of Islamic guidance. On November 12-14, 2000, IFANCA plans to be in Buena Park, California, playing host to the Muslim community an",2026-10-04
https://ifanca.org/resources/food-beverage-exhibition-held-in-kuala-lumpur-malaysia/,"Food & Beverage Exhibition held in Kuala Lumpur, Malaysia",Article,,"September 30, 2000",health and nutrition,food,title,"Malaysia, the world leader in the implementation of Halal standards was the site of a recent International Food & Beverage Exhibition, which was organized by the FORUM EXPOSITION OF MALAYSIA from September 14 – 17, 2000 at the Kuala Lumpur World Pu trade Center in the heart of the city. The event wa",2026-10-04
https://ifanca.org/resources/alcohol-a-drink-a-chemical/,Alcohol—A Drink/A Chemical,Article,,"September 30, 2000",ingredients,alcohol,title,"They ask you concerning wine (Khamr) … (Quran, 2: 219) Muslims use the term alcohol as the name of the prohibited drink referred to in the Quran and Hadith as Khamr. In chemical terms alcohol is the name of a family of chemicals containing any number of organic groups plus any number of hydroxyl (OH",2026-10-04
https://ifanca.org/resources/the-halal-gelatin-story/,The Halal Gelatin Story,Article,,"September 30, 2000",ingredients,gelatin,title,"In 1992, a major producer of health and nutritional products contacted IFANCA. This company, whom we will refer to as Company A, supplies products to countries around the world. One of their local distributors in a Muslim country had told them that Muslim consumers would not accept supplements provi",2026-10-04
https://ifanca.org/resources/ifanca-and-halal-how-it-all-began/,IFANCA and Halal: How It All Began,Article,,"September 30, 2000",other,,no match,"Once upon a time, there was a young man by the name of Umar. He grew up in a farming community. Umar was a shepherd and he tended his sheep. There was an open prairie where he could graze his herd. By the grace of God they always had enough rain so that the sheep had ample grass to eat.",2026-10-04
https://ifanca.org/resources/the-food-meat-of-ahlul-kitab/,The Food (Meat) of Ahlul Kitab,Article,,"September 30, 2000",health and nutrition,food,title,"All praise is to ALLAH (S) and the peace and blessings of ALLAH (S) are sent to the Prophet Muhammad (s) leader of the Messengers and on his family and the Sahaba and those who follow their guidance until the Day of Judgement. These days, it has become common for Muslim communities to de-emphasize t",2026-10-04
https://ifanca.org/resources/editorial-fall-2000/,Editorial,Editorial,,"September 30, 2000",other,,no match,"Alhamdulillah was-salatu was-salaamu ‘ala rasoolillah. All thanks and praise is to ALLAH (S) and we ask that HIS blessings and peace be upon HIS Messenger, Muhammad (s). Assalaamu alaikum wa rahmatullahi wa barakatuhu! Welcome to this special issue of the Islamic Perspective. Over the years, IFANCA ",2026-10-04
https://ifanca.org/resources/asean-leading-the-way-to-the-halal-revolution/,ASEAN: Leading the Way to the Halal Revolution,Article,,"June 30, 1998",other,,no match,"Lets go to McDonald’s for lunch. It is all Halal. Far fetched? Not really; Not in Malaysia, Singapore or Indonesia. All of the two hundred plus McDonald’s in Malaysia are totally Halal, directly supervised by the Government. So are many of the other western style restaurants like KFC, A&W, Pizza Hut",2026-10-04
https://ifanca.org/resources/editorial-the-islamic-perspective-xv-issue-2/,"Editorial, The Islamic Perspective XV, Issue 2",Editorial,,"June 30, 1998",halal basics,islamic perspective,title,"IFANCA AT IFT FOOD EXPO: Institute of Food technologists (IFT) is leading the way for food professionals and food companies, into the next millennium. IFT organizes many activities. FOOD EXPO is one of them. FOOD EXPO is a place for free exchange of new technologies and services. This year, for the ",2026-10-04
https://ifanca.org/resources/the-islamic-perspective-xv-issue-2-summer-1998/,"The Islamic Perspective XV, Issue 2, Summer 1998",Quarterly,,"June 30, 1998",halal basics,islamic perspective,title,"Editorial ASEAN: Leading the Way to the Halal Revolution Download the issue here: The Islamic Perspective XV, Issue 2",2026-10-04
https://ifanca.org/resources/indonesian-delegates-visit-ifanca/,Indonesian Delegates Visit IFANCA,Article,,"March 31, 1998",other,,no match,IFANCA was honored to play host to some very distinguished guests from Indonesia Professor Dr. Aisjah and Mr. Endin who represented Majlis Ulama Indonesia (MUI) had detailed discussions with IFANCA staff. They were impressed with IFANCA’s commitment to Halal inspection and certification. They found ,2026-10-04
https://ifanca.org/resources/why-should-muslims-eat-halal/,Why Should Muslims Eat Halal?,Article,,"March 31, 1998",halal basics,why should muslims eat halal,title,Ever since the beginning of Mankind man has been instructed to follow specific guidelines by his Almighty Creator. Those who followed or tried their best in carrying out those instructions were termed as successful whereas those who didn’t were doomed. Among these guidelines was included a specific ,2026-10-04
https://ifanca.org/resources/is-kosher-gelatin-halal/,Is Kosher Gelatin Halal?,Article,Ingredients,"March 31, 1998",ingredients,gelatin,title,"IFANCA frequently receives inquiries about gelatin, especially Kosher gelatin. In yogurt, it is listed as Kosher gelatin in the ingredients on the label. In Jell-O dessert, gelatin is not listed as Kosher gelatin but the package (Jell-O) is labeled as Kosher, designated with letter “K.” Still in oth",2026-10-04
https://ifanca.org/resources/editorial-the-islamic-perspective-xv-issue-1/,"Editorial, The Islamic Perspective XV, Issue 1",Editorial,Ingredients,"March 31, 1998",halal basics,islamic perspective,title,"Alhamdu Lillah, Islamic Food and Nutrition Council of America (IFANCA) was once again called upon by many Muslim brothers and sisters to continue publishing a periodic newsletter. In the past the IFANCA published its newsletter “The Islamic Perspective.” IFANCA receives several inquiries about ingre",2026-10-04
https://ifanca.org/resources/the-islamic-perspective-xv-issue-1-spring-1998/,"The Islamic Perspective XV, Issue 1, Spring 1998",Quarterly,,"March 31, 1998",halal basics,islamic perspective,title,"Editorial Is Kosher Gelatin Halal? Why Should Muslims Eat Halal? Indonesian Delegates Visit IFANCA Download the issue here: The Islamic Perspective XV, Issue 1",2026-10-04
