url,title,type,topic,date,crawl_date
https://ifanca.org/resources/lemon-tiramisu/,Lemon Tiramisu,Recipe,Resources,"June 30, 2026",2026-10-04
https://ifanca.org/resources/beef-pasanday/,Beef Pasanday,Recipe,Resources,"June 30, 2026",2026-10-04
https://ifanca.org/resources/insulin-resistance-and-poor-glycemic-control-in-south-asians/,Insulin Resistance and Poor Glycemic Control in South Asians,Article,Resources,"June 30, 2026",2026-10-04
https://ifanca.org/resources/udang-balado-indonesian-chili-tomato-shrimp/,Udang Balado (Indonesian Chili-Tomato Shrimp),Recipe,Resources,"June 30, 2026",2026-10-04
https://ifanca.org/resources/cig-kofte/,Çiğ Köfte,Recipe,Resources,"June 30, 2026",2026-10-04
https://ifanca.org/resources/understanding-the-roots-of-vaccine-hesitancy/,Understanding the Roots of Vaccine Hesitancy,Article,Resources,"June 30, 2026",2026-10-04
https://ifanca.org/resources/the-final-push-global-coalition-pledges-1-9-billion-to-end-polio/,The Final Push: Global Coalition Pledges $1.9 Billion To End Polio,Article,Resources,"June 30, 2026",2026-10-04
https://ifanca.org/resources/forging-the-halal-mre-how-ifanca-helped-redefine-military-and-humanitarian-food-systems/,Forging the Halal MRE: How IFANCA Helped Redefine Military and Humanitarian Food Systems,Article,Resources,"June 30, 2026",2026-10-04
https://ifanca.org/resources/editors-note-9/,Editor’s Note,Editorial,Resources,"June 30, 2026",2026-10-04
https://ifanca.org/resources/from-the-publishers-desk-9/,From the Publisher’s Desk,Publisher's Note,Resources,"June 30, 2026",2026-10-04
https://ifanca.org/resources/gelatin-traceability-from-slaughterhouse-to-capsule/,Gelatin Traceability: From Slaughterhouse to Capsule,Article,Resources,"June 30, 2026",2026-10-04
https://ifanca.org/resources/from-bimaristans-to-modern-healthcare-medical-pioneers-of-the-islamic-world/,From Bimaristans to Modern Healthcare: Medical Pioneers of the Islamic World,Article,Resources,"June 30, 2026",2026-10-04
https://ifanca.org/resources/what-the-ifanca-unicef-partnership-reveals-about-high-impact-giving/,What the IFANCA-UNICEF Partnership Reveals About High-Impact Giving,Article,Resources,"June 30, 2026",2026-10-04
https://ifanca.org/resources/physical-education-builds-muscle-and-mind/,Physical Education Builds Muscle and Mind,Article,Resources,"March 31, 2026",2026-10-04
https://ifanca.org/resources/sugar-with-a-sprinkle-of-electrolytes/,Sugar with a Sprinkle of Electrolytes,Article,Resources,"March 31, 2026",2026-10-04
https://ifanca.org/resources/school-lunchbox-prep-simple-halal-and-healthy-ideas-for-busy-families/,"School Lunchbox Prep: Simple, Halal, and Healthy Ideas for Busy Families",Article,Resources,"March 31, 2026",2026-10-04
https://ifanca.org/resources/one-pan-lemon-herbed-chicken-with-vegetables/,One-Pan Lemon-Herbed Chicken with Vegetables,Recipe,Resources,"March 31, 2026",2026-10-04
https://ifanca.org/resources/antioxidant-rich-yogurt-parfait/,Antioxidant-Rich Yogurt Parfait,Recipe,Resources,"March 31, 2026",2026-10-04
https://ifanca.org/resources/chevda/,Chevda,Recipe,Resources,"March 31, 2026",2026-10-04
https://ifanca.org/resources/us-halal-academy-making-halal-training-inclusive-across-america/,US Halal Academy: Making Halal Training Inclusive Across America,Spotlight,Resources,"March 31, 2026",2026-10-04
https://ifanca.org/resources/pakistani-street-style-bun-kabob/,Pakistani Street-Style Bun Kabob,Recipe,Resources,"March 31, 2026",2026-10-04
https://ifanca.org/resources/education-community-and-cultural-outreach-how-ifancas-initiatives-serve-our-communities/,"Education, Community, and Cultural Outreach: How IFANCA’s Initiatives Serve Our Communities",Article,Resources,"March 31, 2026",2026-10-04
https://ifanca.org/resources/cultivating-the-future-of-halal-ifancas-impact-on-education-and-the-next-generation-of-food-scientists/,Cultivating the Future of Halal: IFANCA’s Impact on Education and the Next Generation of Food Scientists,Article,Resources,"March 31, 2026",2026-10-04
https://ifanca.org/resources/making-halal-dining-a-reality-on-campus/,Making Halal Dining a Reality on Campus,Article,Resources,"March 31, 2026",2026-10-04
https://ifanca.org/resources/a-seat-at-the-table-advocating-for-halal-food-and-muslim-student-needs-on-campus/,A Seat at the Table: Advocating for Halal Food and Muslim Student Needs on Campus,Article,Resources,"March 31, 2026",2026-10-04
https://ifanca.org/resources/editors-note-8/,Editor’s Note,Editorial,Resources,"March 31, 2026",2026-10-04
https://ifanca.org/resources/from-the-publishers-desk-8/,From the Publisher’s Desk,Publisher's Note,Resources,"March 31, 2026",2026-10-04
https://ifanca.org/resources/from-spice-routes-to-your-grill-the-global-journey-of-halal-flavors/,From Spice Routes to Your Grill: The Global Journey of Halal Flavors,Article,Resources,"December 11, 2025",2026-10-04
https://ifanca.org/resources/editors-note-7/,Editor’s Note,Article,Resources,"December 10, 2025",2026-10-04
https://ifanca.org/resources/from-the-publishers-desk-7/,From the Publisher’s Desk,Publisher's Note,Resources,"December 10, 2025",2026-10-04
https://ifanca.org/resources/thai-chili-mango-salad-with-chicken/,Thai Chili Mango Salad with Chicken,Recipe,Resources,"December 10, 2025",2026-10-04
https://ifanca.org/resources/tandoori-chicken-tacquitos/,Tandoori Chicken Taquitos,Recipe,Resources,"December 10, 2025",2026-10-04
https://ifanca.org/resources/ras-malai-milk-cake/,Ras Malai Milk Cake,Recipe,Resources,"December 10, 2025",2026-10-04
https://ifanca.org/resources/the-impact-of-halal-certification-on-u-s-exports/,The Impact of Halal Certification on U.S. Exports,Article,Resources,"December 10, 2025",2026-10-04
https://ifanca.org/resources/keta-salmon-with-zaatar-and-sumac/,Keta Salmon with Za’atar and Sumac,Recipe,Resources,"December 10, 2025",2026-10-04
https://ifanca.org/resources/gut-health-in-motion/,Gut Health in Motion,Article,Resources,"December 5, 2025",2026-10-04
https://ifanca.org/resources/business-with-integrity-how-islamic-ethics-shape-the-halal-economy/,Business with Integrity: How Islamic Ethics Shape the Halal Economy,Article,Resources,"December 5, 2025",2026-10-04
https://ifanca.org/resources/company-of-the-year-kerry/,Company of the Year: Kerry,Spotlight,Resources,"December 4, 2025",2026-10-04
https://ifanca.org/resources/sweetness-overload-taming-sugar-cravings/,Sweetness Overload: Taming Sugar Cravings,Article,Resources,"December 4, 2025",2026-10-04
https://ifanca.org/resources/zabihah-vs-halal-is-halal-not-enough/,Zabihah vs. Halal: Is “Halal” Not Enough?,Article,Resources,"December 4, 2025",2026-10-04
https://ifanca.org/resources/understanding-the-australian-government-authorized-halal-program-for-red-meat-exports/,Understanding the Australian Government Authorized Halal Program (AGAHP) for Red Meat Exports,Article,Resources,"April 22, 2025",2026-10-04
https://ifanca.org/resources/feeding-the-future-how-ifancas-halal-food-conference-is-shaping-a-more-ethical-inclusive-and-sustainable-world/,"Feeding the Future: How IFANCA’s Halal Food Conference Is Shaping a More Ethical, Inclusive, and Sustainable World",Article,Resources,"March 31, 2025",2026-10-04
https://ifanca.org/resources/cake-pops/,Cake Pops,Recipe,Resources,"March 31, 2025",2026-10-04
https://ifanca.org/resources/bridging-nutrition-and-faith-ensuring-halal-food-access-one-plate-at-a-time/,"Bridging Nutrition and Faith: Ensuring Halal Food Access, One Plate at a Time",Article,Resources,"March 31, 2025",2026-10-04
https://ifanca.org/resources/the-red-alert-on-fdc-red-no-3/,The Red Alert on FD&C Red No.3,Article,Resources,"March 31, 2025",2026-10-04
https://ifanca.org/resources/from-the-publishers-desk-6/,From The Publisher’s Desk,Publisher's Note,Resources,"March 31, 2025",2026-10-04
https://ifanca.org/resources/moroccan-lamb-tagine/,Moroccan Lamb Tagine,Recipe,Resources,"March 31, 2025",2026-10-04
https://ifanca.org/resources/editors-note-6/,Editor’s Note,Editorial,Resources,"March 31, 2025",2026-10-04
https://ifanca.org/resources/hyderabadi-dum-ka-gosht/,Hyderabadi Dum ka Gosht,Recipe,Resources,"March 31, 2025",2026-10-04
https://ifanca.org/resources/halal-explained-from-food-fundamentals-to-certi%ef%ac%81cation/,Halal Explained: From Food Fundamentals to Certiﬁcation,Article,Resources,"March 31, 2025",2026-10-04
https://ifanca.org/resources/ifanca-pioneering-trust-and-innovation-in-the-global-halal-industry/,IFANCA: Pioneering Trust and Innovation in the Global Halal Industry,Article,Resources,"March 31, 2025",2026-10-04
https://ifanca.org/resources/nigerian-jollof-rice/,Nigerian Jollof Rice,Recipe,Resources,"March 31, 2025",2026-10-04
https://ifanca.org/resources/low-cholesterol-lifestyle/,Low Cholesterol Lifestyle,Article,Resources,"March 31, 2025",2026-10-04
https://ifanca.org/resources/halal-from-down-under-australias-meat-exports-unpacked/,Halal From Down Under: Australia’s Meat Exports Unpacked,Article,Resources,"March 31, 2025",2026-10-04
https://ifanca.org/resources/ifancas-banquet-and-awards-night-celebrates-halal-excellence/,IFANCA’s Banquet and Awards Night Celebrates Halal Excellence,Article,Resources,"March 31, 2025",2026-10-04
https://ifanca.org/resources/from-freeze-to-feast-the-art-and-science-of-freeze-drying/,From Freeze to Feast: The Art and Science of Freeze-Drying,Article,Resources,"December 31, 2024",2026-10-04
https://ifanca.org/resources/spotlight-the-sabeel-center/,Spotlight: The Sabeel Center,Article,Resources,"December 31, 2024",2026-10-04
https://ifanca.org/resources/traditional-remedies-for-common-winter-illnesses/,Traditional Remedies for Common Winter Illnesses,Article,Resources,"December 31, 2024",2026-10-04
https://ifanca.org/resources/swicy-food-trend-a-sweet-and-spicy-revolution/,Swicy Food Trend: A Sweet and Spicy Revolution,Article,Resources,"December 31, 2024",2026-10-04
https://ifanca.org/resources/rooting-for-root-vegetables/,Rooting for Root Vegetables,Article,Resources,"December 31, 2024",2026-10-04
https://ifanca.org/resources/cold-weather-fuels-your-fitness/,Cold Weather Fuels Your Fitness,Article,Resources,"December 31, 2024",2026-10-04
https://ifanca.org/resources/artificial-intelligence-your-smart-partner-in-nutrition/,Artificial Intelligence: Your Smart Partner in Nutrition,Article,Resources,"December 31, 2024",2026-10-04
https://ifanca.org/resources/from-the-publishers-desk-5/,From the Publisher’s Desk,Publisher's Note,Resources,"December 31, 2024",2026-10-04
https://ifanca.org/resources/editors-note-5/,Editor’s Note,Editorial,Resources,"December 31, 2024",2026-10-04
https://ifanca.org/resources/sekoteng/,Sekoteng,Recipe,Resources,"December 31, 2024",2026-10-04
https://ifanca.org/resources/ginger-miso-soba-noodle-soup/,Ginger Miso Soba Noodle Soup,Recipe,Resources,"December 31, 2024",2026-10-04
https://ifanca.org/resources/kadha/,Kadha,Recipe,Resources,"December 31, 2024",2026-10-04
https://ifanca.org/resources/rutabaga-and-carrot-mash-with-chicken/,Rutabaga and Carrot Mash with Chicken,Recipe,Resources,"December 31, 2024",2026-10-04
https://ifanca.org/resources/zcell-reviving-our-tradition-of-ethical-living-learning/,ZCELL: Reviving Our Tradition of Ethical Living & Learning,Article,Resources,"September 30, 2024",2026-10-04
https://ifanca.org/resources/the-role-of-public-policy-in-expanding-halal-food-access-in-public-institutions/,The Role of Public Policy in Expanding Halal Food Access in Public Institutions,Article,Resources,"September 30, 2024",2026-10-04
https://ifanca.org/resources/low-impact-for-a-lifetime/,Low-Impact for a Lifetime,Article,Resources,"September 30, 2024",2026-10-04
https://ifanca.org/resources/pumpkin-spice-apple-cider/,Pumpkin Spice Apple Cider,Recipe,Resources,"September 30, 2024",2026-10-04
https://ifanca.org/resources/pumpkin-pie-baklava/,Pumpkin Pie Baklava,Recipe,Resources,"September 30, 2024",2026-10-04
https://ifanca.org/resources/spicy-honey-glazed-jalapeno-cornbread/,Spicy Honey-Glazed Jalapeño Cornbread,Recipe,Resources,"September 30, 2024",2026-10-04
https://ifanca.org/resources/coconut-curry-butternut-squash-soup/,Coconut Curry Butternut Squash Soup,Recipe,Resources,"September 30, 2024",2026-10-04
https://ifanca.org/resources/tikka-masala-spiced-roasted-turkey/,Tikka Masala-Spiced Roasted Turkey,Recipe,Resources,"September 30, 2024",2026-10-04
https://ifanca.org/resources/saffron-roads-journey-to-better/,Saffron Road’s Journey to Better®,Spotlight,Resources,"September 30, 2024",2026-10-04
https://ifanca.org/resources/nourishing-new-moms-through-traditional-foods/,Nourishing New Moms Through Traditional Foods,Article,Resources,"September 30, 2024",2026-10-04
https://ifanca.org/resources/harmony-with-hormonal-balance/,Harmony with Hormonal Balance,Article,Resources,"September 30, 2024",2026-10-04
https://ifanca.org/resources/pumpkins-gourds-squash-beyond-the-decor/,"Pumpkins, Gourds, & Squash: Beyond the Décor",Article,Resources,"September 30, 2024",2026-10-04
https://ifanca.org/resources/from-the-publishers-desk-4/,From the Publisher’s Desk,Publisher's Note,Resources,"September 30, 2024",2026-10-04
https://ifanca.org/resources/editors-note-4/,Editor’s Note,Editorial,Resources,"September 30, 2024",2026-10-04
https://ifanca.org/resources/shahi-tukray/,Shahi Tukray,Recipe,Resources,"June 30, 2024",2026-10-04
https://ifanca.org/resources/nargisi-koftay/,Nargisi Koftay,Recipe,Resources,"June 30, 2024",2026-10-04
https://ifanca.org/resources/rumali-roti/,Rumali Roti,Recipe,Resources,"June 30, 2024",2026-10-04
https://ifanca.org/resources/maash-ki-daal/,Maash Ki Daal,Recipe,Resources,"June 30, 2024",2026-10-04
https://ifanca.org/resources/yakhni-pulao/,Yakhni Pulao,Recipe,Resources,"June 30, 2024",2026-10-04
https://ifanca.org/resources/choqander-ka-raita/,Choqander Ka Raita,Recipe,Resources,"June 30, 2024",2026-10-04
https://ifanca.org/resources/shami-kebabs/,Shami Kebabs,Recipe,Resources,"June 30, 2024",2026-10-04
https://ifanca.org/resources/aloo-tikki-with-imli-chutney/,Aloo Tikki with Imli Chutney,Recipe,Resources,"June 30, 2024",2026-10-04
https://ifanca.org/resources/from-the-publishers-desk-3/,From the Publisher’s Desk,Publisher's Note,Resources,"June 30, 2024",2026-10-04
https://ifanca.org/resources/editors-note-3/,Editor’s Note,Editorial,Resources,"June 30, 2024",2026-10-04
https://ifanca.org/resources/tradition-of-dastarkhawn-a-culinary-tapestry-of-eating-together/,Tradition of Dastarkhawn: A Culinary Tapestry of Eating Together,Article,Resources,"June 30, 2024",2026-10-04
https://ifanca.org/resources/make-your-breathwork-for-you/,Make Your Breathwork for You,Article,Resources,"June 30, 2024",2026-10-04
https://ifanca.org/resources/weathering-the-storms-of-climate-anxiety/,Weathering the Storms of Climate Anxiety,Article,Resources,"June 30, 2024",2026-10-04
https://ifanca.org/resources/ashwagandha-traditional-wisdom-for-modern-wellness/,Ashwagandha: Traditional Wisdom for Modern Wellness,Article,Resources,"June 30, 2024",2026-10-04
https://ifanca.org/resources/diving-into-the-blue-zone/,Diving into the Blue Zone,Article,Resources,"June 30, 2024",2026-10-04
https://ifanca.org/resources/pioneering-food-diversity-how-ifanca-and-texas-am-university-are-leading-the-way/,Pioneering Food Diversity: How IFANCA and Texas A&M University are Leading the Way,Article,Resources,"June 30, 2024",2026-10-04
https://ifanca.org/resources/gulabi-chai/,Gulabi Chai,Recipe,Resources,"June 30, 2024",2026-10-04
https://ifanca.org/resources/chana-halwa/,Chana Halwa,Recipe,Resources,"June 30, 2024",2026-10-04
https://ifanca.org/resources/gyros-bread/,Gyros Bread,Recipe,Resources,"March 31, 2024",2026-10-04
https://ifanca.org/resources/spotlight-the-abrahamic-center-for-cultural-education-acce/,SPOTLIGHT: The Abrahamic Center for Cultural Education (ACCE),Article,Resources,"March 31, 2024",2026-10-04
https://ifanca.org/resources/chicken-taco-soup/,Chicken Taco Soup,Recipe,Resources,"March 31, 2024",2026-10-04
https://ifanca.org/resources/a-special-focus-on-mens-health/,A Special Focus on Men’s Health,Article,Resources,"March 31, 2024",2026-10-04
https://ifanca.org/resources/spiced-salmon-kebabs/,Spiced Salmon Kebabs,Recipe,Resources,"March 31, 2024",2026-10-04
https://ifanca.org/resources/ifancas-multifaceted-approach-to-food-security-and-health-equity/,IFANCA’s Multifaceted Approach to Food Security and Health Equity,Article,Resources,"March 31, 2024",2026-10-04
https://ifanca.org/resources/food-fraud-a-global-issue/,Food Fraud: A Global Issue,Article,Resources,"March 31, 2024",2026-10-04
https://ifanca.org/resources/balancing-modern-eating-habits-with-spiritual-wisdom-lessons-from-prophet-muhammads-%ef%b7%ba-diet/,Balancing Modern Eating Habits with Spiritual Wisdom: Lessons from Prophet Muhammad’s (ﷺ) Diet,Article,Resources,"March 31, 2024",2026-10-04
https://ifanca.org/resources/halal-or-not-decoding-ambiguous-ingredients/,Halal or Not? Decoding Ambiguous Ingredients,Article,Resources,"March 31, 2024",2026-10-04
https://ifanca.org/resources/viral-dubai-chocolate-knafeh-bar-2/,Viral Dubai Chocolate Knafeh Bar,Recipe,Resources,"March 31, 2024",2026-10-04
https://ifanca.org/resources/a-neat-way-to-stay-fit/,A NEAT Way to Stay Fit,Article,Resources,"March 31, 2024",2026-10-04
https://ifanca.org/resources/editors-note-2/,Editor’s Note,Editorial,Resources,"March 31, 2024",2026-10-04
https://ifanca.org/resources/from-the-publishers-desk-2/,From the Publisher’s Desk,Publisher's Note,Resources,"March 31, 2024",2026-10-04
https://ifanca.org/resources/the-call-to-calisthenics/,The Call to Calisthenics,Article,Resources,"December 31, 2023",2026-10-04
https://ifanca.org/resources/colorful-fall-quinoa-salad/,Colorful Fall Quinoa Salad,Recipe,Resources,"December 31, 2023",2026-10-04
https://ifanca.org/resources/a-special-focus-on-womens-health/,A Special Focus on Women’s Health,Article,Resources,"December 31, 2023",2026-10-04
https://ifanca.org/resources/turkey-and-barley-soup/,Turkey and Barley Soup,Recipe,Resources,"December 31, 2023",2026-10-04
https://ifanca.org/resources/slow-cooker-vegan-chili/,Slow Cooker Vegan Chili,Recipe,Resources,"December 31, 2023",2026-10-04
https://ifanca.org/resources/embracing-alternative-seafood-for-a-sustainable-future/,Embracing Alternative Seafood for a Sustainable Future,Article,Resources,"December 31, 2023",2026-10-04
https://ifanca.org/resources/coconut-brownie-bites/,Coconut Brownie Bites,Recipe,Resources,"December 31, 2023",2026-10-04
https://ifanca.org/resources/food-for-thought/,Food For Thought,Article,Resources,"December 31, 2023",2026-10-04
https://ifanca.org/resources/golden-turmeric-latte/,Golden Turmeric Latte,Recipe,Resources,"December 31, 2023",2026-10-04
https://ifanca.org/resources/good-grief/,Good Grief,Article,Resources,"December 31, 2023",2026-10-04
https://ifanca.org/resources/editors-note/,Editor’s Note,Editorial,Resources,"December 31, 2023",2026-10-04
https://ifanca.org/resources/embracing-alternative-seafood-for-a-sustainable-future-2/,Embracing Alternative Seafood for a Sustainable Future,Article,Resources,"December 31, 2023",2026-10-04
https://ifanca.org/resources/food-and-nutrition-security-impact-millions-of-u-s-households/,Food and Nutrition Security Impact Millions of U.S. Households,Article,Resources,"December 31, 2023",2026-10-04
https://ifanca.org/resources/banana-coconut-granola/,Banana Coconut Granola,Recipe,Resources,"December 31, 2023",2026-10-04
https://ifanca.org/resources/ensuring-equitable-access-to-halal-foods-for-students-takeaways-from-ifancas-interactive-session-at-the-society-for-nutrition-education-and-behavior-sneb-annual-conference/,Ensuring Equitable Access to Halal Foods for Students,Article,,"November 30, 2023",2026-10-04
https://ifanca.org/resources/stretch-to-impress/,Stretch to Impress,Article,,"September 30, 2023",2026-10-04
https://ifanca.org/resources/the-clean-label-trend/,The Clean Label Trend,Article,,"September 30, 2023",2026-10-04
https://ifanca.org/resources/chocolate-zucchini-muffins/,Chocolate Zucchini Muffins,Recipe,,"September 30, 2023",2026-10-04
https://ifanca.org/resources/salsa-black-beans-rice/,Salsa Black Beans & Rice,Recipe,,"September 30, 2023",2026-10-04
https://ifanca.org/resources/watermelon-cucumber-quinoa-salad/,Watermelon & Cucumber Quinoa Salad,Recipe,,"September 30, 2023",2026-10-04
https://ifanca.org/resources/immunity-bone-broth/,Immunity Bone Broth,Recipe,,"September 30, 2023",2026-10-04
https://ifanca.org/resources/phobias-where-fear-and-anxiety-collide/,Phobias: Where Fear and Anxiety Collide,Article,,"September 30, 2023",2026-10-04
https://ifanca.org/resources/aging-with-grace/,Aging with Grace,Article,,"September 30, 2023",2026-10-04
https://ifanca.org/resources/self-checks/,Self-Checks,Article,,"September 30, 2023",2026-10-04
https://ifanca.org/resources/yaupon/,Yaupon,Article,,"September 30, 2023",2026-10-04
https://ifanca.org/resources/from-the-publishers-desk-fall-2023/,From the Publisher’s Desk,Editorial,,"September 30, 2023",2026-10-04
https://ifanca.org/resources/editors-note-fall-2023/,Editor’s Note,Editorial,,"September 30, 2023",2026-10-04
https://ifanca.org/resources/women-and-weightlifting/,Women and Weightlifting,Article,,"June 30, 2023",2026-10-04
https://ifanca.org/resources/putting-food-safety-first-the-ins-and-outs-of-food-recalls/,Putting (Food) Safety First? The Ins and Outs of Food Recalls,Article,,"June 30, 2023",2026-10-04
https://ifanca.org/resources/growing-up-with-vertical-farms/,Growing Up with Vertical Farms,Article,,"June 30, 2023",2026-10-04
https://ifanca.org/resources/gluten-free-sweet-potato-scones/,Gluten-Free Sweet Potato Scones,Recipe,,"June 30, 2023",2026-10-04
https://ifanca.org/resources/shrimp-fried-cauliflower-rice/,Shrimp Fried Cauliflower Rice,Recipe,,"June 30, 2023",2026-10-04
https://ifanca.org/resources/coconut-millet-banana-bread/,Coconut Millet Banana Bread,Recipe,,"June 30, 2023",2026-10-04
https://ifanca.org/resources/zucchini-noodles-with-arugula-sundried-tomatoes-and-pine-nuts/,"Zucchini “Noodles” with Arugula, Sundried Tomatoes, and Pine Nuts",Recipe,,"June 30, 2023",2026-10-04
https://ifanca.org/resources/chocolate-avocado-pudding/,Chocolate Avocado Pudding,Recipe,,"June 30, 2023",2026-10-04
https://ifanca.org/resources/the-many-faces-of-community-care/,The Many Faces of Community Care,Article,,"June 30, 2023",2026-10-04
https://ifanca.org/resources/sugar-reduction-the-sweet-and-low-of-it/,Sugar Reduction: The Sweet and Low of It,Article,,"June 30, 2023",2026-10-04
https://ifanca.org/resources/chrono-nutrition-how-eating-on-a-schedule-may-improve-your-well-being/,Chrono-nutrition: How Eating on a Schedule May Improve Your Well-being,Spotlight,,"June 30, 2023",2026-10-04
https://ifanca.org/resources/millet/,Millet,Article,,"June 30, 2023",2026-10-04
https://ifanca.org/resources/from-the-publishers-desk-summer-2023/,From the Publisher’s Desk,Editorial,,"June 30, 2023",2026-10-04
https://ifanca.org/resources/editors-note-summer-2023/,Editor’s Note,Editorial,,"June 30, 2023",2026-10-04
https://ifanca.org/resources/biohacking-your-lifestyle/,Biohacking Your Lifestyle,Article,,"March 31, 2023",2026-10-04
https://ifanca.org/resources/regenerative-agriculture-replenishing-the-earths-resources/,Regenerative Agriculture: Replenishing the Earth’s Resources,Article,,"March 31, 2023",2026-10-04
https://ifanca.org/resources/eating-well-on-a-budget/,Eating Well on a Budget,Article,,"March 31, 2023",2026-10-04
https://ifanca.org/resources/scrambled-eggs-with-peppers-kale/,Scrambled Eggs with Peppers & Kale,Recipe,,"March 31, 2023",2026-10-04
https://ifanca.org/resources/maple-baked-beans/,Maple Baked Beans,Recipe,,"March 31, 2023",2026-10-04
https://ifanca.org/resources/spiced-chickpeas-with-spinach-and-rice/,Spiced Chickpeas with Spinach & Rice,Recipe,,"March 31, 2023",2026-10-04
https://ifanca.org/resources/burnout-a-k-a-the-great-exhaustion/,"Burnout, a.k.a. “The Great Exhaustion”",Article,,"March 31, 2023",2026-10-04
https://ifanca.org/resources/a-spotlight-on-healthy-food-choices-and-what-that-even-means/,A Spotlight on “Healthy” Food Choices—And What That Even Means,Article,,"March 31, 2023",2026-10-04
https://ifanca.org/resources/all-about-antioxidants/,All About Antioxidants,Article,,"March 31, 2023",2026-10-04
https://ifanca.org/resources/yummy-yuzu/,Yummy Yuzu,Article,,"March 31, 2023",2026-10-04
https://ifanca.org/resources/from-the-publishers-desk-spring-2023/,From the Publisher’s Desk,Editorial,,"March 31, 2023",2026-10-04
https://ifanca.org/resources/editors-note-spring-2023/,Editor’s Note,Editorial,,"March 31, 2023",2026-10-04
https://ifanca.org/resources/spotlight-on-award-winning-companies-at-ifancas-40th-anniversary-celebration/,Spotlight on Award-Winning Companies at IFANCA’s 40th Anniversary Celebration,Spotlight,,"December 31, 2022",2026-10-04
https://ifanca.org/resources/ifanca-joins-unicef-delegation-to-jordan-as-part-of-ongoing-partnership-to-address-food-and-health-insecurity/,IFANCA Joins UNICEF Delegation to Jordan as Part of Ongoing Partnership to Address Food and Health Insecurity,Photo Story,,"December 31, 2022",2026-10-04
https://ifanca.org/resources/neuromuscular-training/,Neuromuscular Training,Article,,"December 31, 2022",2026-10-04
https://ifanca.org/resources/butter-chicken-cauliflower-rice/,Butter Chicken & Cauliflower Rice,Recipe,,"December 31, 2022",2026-10-04
https://ifanca.org/resources/one-pan-salmon-with-roasted-tomatoes-green-beans/,One-Pan Salmon with Roasted Tomatoes & Green Beans,Recipe,,"December 31, 2022",2026-10-04
https://ifanca.org/resources/creamy-chickpea-pasta-with-kale/,Creamy Chickpea Pasta with Kale,Recipe,,"December 31, 2022",2026-10-04
https://ifanca.org/resources/carrot-cake-chia-pudding/,Carrot Cake Chia Pudding,Recipe,,"December 31, 2022",2026-10-04
https://ifanca.org/resources/mental-wellness-and-social-media/,Mental Wellness and Social Media,Article,,"December 31, 2022",2026-10-04
https://ifanca.org/resources/your-brain-use-it-or-lose-it/,Your Brain: Use It or Lose It,Article,,"December 31, 2022",2026-10-04
https://ifanca.org/resources/food-for-thought-the-alternative-protein-revolution/,Food for Thought: The Alternative Protein Revolution,Article,,"December 31, 2022",2026-10-04
https://ifanca.org/resources/fiber-the-impactful-tourist/,Fiber: The Impactful Tourist,Article,,"December 31, 2022",2026-10-04
https://ifanca.org/resources/from-the-publishers-desk-winter-2022/,From the Publisher’s Desk,Editorial,,"December 31, 2022",2026-10-04
https://ifanca.org/resources/editors-note-winter-2022/,Editor’s Note,Editorial,,"December 31, 2022",2026-10-04
https://ifanca.org/resources/ifancas-40th-anniversary-banquet-and-conference/,IFANCA’s 40th Anniversary Banquet and Conference,Photo Story,,"September 30, 2022",2026-10-04
https://ifanca.org/resources/check-your-intensity/,Check Your Intensity,Article,,"September 30, 2022",2026-10-04
https://ifanca.org/resources/small-appliances-for-the-everyday-chef/,Small Appliances for the Everyday Chef,Article,,"September 30, 2022",2026-10-04
https://ifanca.org/resources/air-fryer-roasted-chicken/,Air Fryer “Roasted” Chicken,Recipe,,"September 30, 2022",2026-10-04
https://ifanca.org/resources/kimchi-fried-cauliflower-rice/,Kimchi Fried Cauliflower Rice,Recipe,,"September 30, 2022",2026-10-04
https://ifanca.org/resources/mushroom-garlic-quinoa/,Mushroom Garlic Quinoa,Recipe,,"September 30, 2022",2026-10-04
https://ifanca.org/resources/meditation-for-a-calmer-state-of-mind/,Meditation for a Calmer State of Mind,Article,,"September 30, 2022",2026-10-04
https://ifanca.org/resources/gut-health-fall-2022/,Gut Health,Article,,"September 30, 2022",2026-10-04
https://ifanca.org/resources/is-gluten-free-the-new-normal/,Is Gluten-Free the New Normal?,Article,,"September 30, 2022",2026-10-04
https://ifanca.org/resources/mushrooms-natures-hidden-gem/,Mushrooms: Nature’s Hidden Gem,Article,,"September 30, 2022",2026-10-04
https://ifanca.org/resources/from-the-publishers-desk-fall-2022/,From the Publisher’s Desk,Editorial,,"September 30, 2022",2026-10-04
https://ifanca.org/resources/editors-note-fall-2022/,Editor’s Note,Editorial,,"September 30, 2022",2026-10-04
https://ifanca.org/resources/let-go-of-the-yo-yo/,Let Go of the Yo-Yo,Article,,"June 30, 2022",2026-10-04
https://ifanca.org/resources/saving-the-environment-one-bite-at-a-time/,"Saving the Environment, One Bite at a Time",Article,,"June 30, 2022",2026-10-04
https://ifanca.org/resources/baked-mackerel-and-salmon/,Baked Mackerel and Salmon,Recipe,,"June 30, 2022",2026-10-04
https://ifanca.org/resources/chickpea-cranberry-salad/,Chickpea Cranberry Salad,Recipe,,"June 30, 2022",2026-10-04
https://ifanca.org/resources/slow-roasted-salmon-with-citrus/,Slow-Roasted Salmon with Citrus,Recipe,,"June 30, 2022",2026-10-04
https://ifanca.org/resources/eba-with-okra-soup/,Eba with Okra Soup,Recipe,,"June 30, 2022",2026-10-04
https://ifanca.org/resources/can-therapy-be-virtual/,Can Therapy Be Virtual?,Article,,"June 30, 2022",2026-10-04
https://ifanca.org/resources/eyes-a-window-to-our-health/,Eyes: A Window to Our Health,Article,,"June 30, 2022",2026-10-04
https://ifanca.org/resources/meat-a-new-sustainability-solution/,“Meat” a New Sustainability Solution,Article,,"June 30, 2022",2026-10-04
https://ifanca.org/resources/adaptogens-take-center-stage/,Adaptogens Take Center Stage,Article,,"June 30, 2022",2026-10-04
https://ifanca.org/resources/from-the-publishers-desk-summer-2022/,From the Publisher’s Desk,Editorial,,"June 30, 2022",2026-10-04
https://ifanca.org/resources/editors-note-summer-2022/,Editor’s Note,Editorial,,"June 30, 2022",2026-10-04
https://ifanca.org/resources/spotlight-on-maya-cosmetics/,Spotlight on Maya Cosmetics,Spotlight,,"March 31, 2022",2026-10-04
https://ifanca.org/resources/physical-therapy-ive-heard-of-that/,Physical Therapy: I’ve Heard of That,Article,,"March 31, 2022",2026-10-04
https://ifanca.org/resources/telemedicine-whats-up-doc/,"Telemedicine: “What’s Up, Doc?”",Article,,"March 31, 2022",2026-10-04
https://ifanca.org/resources/green-leafy-nigerian-medley/,Green Leafy Nigerian Medley,Recipe,,"March 31, 2022",2026-10-04
https://ifanca.org/resources/overripe-pineapple-and-ginger-smoothie/,Overripe Pineapple and Ginger Smoothie,Recipe,,"March 31, 2022",2026-10-04
https://ifanca.org/resources/ginger-based-broth/,Ginger-Based Broth,Recipe,,"March 31, 2022",2026-10-04
https://ifanca.org/resources/nutty-yogurt-parfait/,Nutty Yogurt Parfait,Recipe,,"March 31, 2022",2026-10-04
https://ifanca.org/resources/in-pursuit-of-happiness-through-self-care/,In Pursuit of Happiness Through Self-Care,Article,,"March 31, 2022",2026-10-04
https://ifanca.org/resources/boost-your-immune-system/,Boost Your Immune System,Article,,"March 31, 2022",2026-10-04
https://ifanca.org/resources/upcycling-food-a-path-to-reducing-food-waste/,Upcycling Food: A Path to Reducing Food Waste,Article,,"March 31, 2022",2026-10-04
https://ifanca.org/resources/postbiotics/,Postbiotics,Article,,"March 31, 2022",2026-10-04
https://ifanca.org/resources/from-the-publishers-desk-spring-2022/,From the Publisher’s Desk,Editorial,,"March 31, 2022",2026-10-04
https://ifanca.org/resources/editors-note-spring-2022/,Editor’s Note,Editorial,,"March 31, 2022",2026-10-04
https://ifanca.org/resources/spotlight-on-enjoy-life-foods/,Spotlight on Enjoy Life™ Foods,Spotlight,,"December 31, 2021",2026-10-04
https://ifanca.org/resources/ifanca-and-unicef-usa-team-up-to-address-health-security/,IFANCA® and UNICEF USA Team Up to Address Health Security,Article,,"December 31, 2021",2026-10-04
https://ifanca.org/resources/ten-common-exercise-myths-debunked/,Ten Common Exercise Myths Debunked,Article,,"December 31, 2021",2026-10-04
https://ifanca.org/resources/environmental-price-of-packaging/,The Environmental Price of Packaging,Article,,"December 31, 2021",2026-10-04
https://ifanca.org/resources/shrimp-and-okra-gumbo/,Shrimp and Okra Gumbo,Recipe,,"December 31, 2021",2026-10-04
https://ifanca.org/resources/husnas-jalapeno-butternut-squash-soup/,Husna’s Jalapeño Butternut Squash Soup,Recipe,,"December 31, 2021",2026-10-04
https://ifanca.org/resources/spicy-citrus-wassail/,Spicy Citrus Wassail,Recipe,,"December 31, 2021",2026-10-04
https://ifanca.org/resources/ube-casserole/,Ube Casserole,Recipe,,"December 31, 2021",2026-10-04
https://ifanca.org/resources/minestrone-soup/,Minestrone Soup,Recipe,,"December 31, 2021",2026-10-04
https://ifanca.org/resources/fishermans-stew/,Fisherman’s Stew,Recipe,,"December 31, 2021",2026-10-04
https://ifanca.org/resources/egyptian-lentil-soup/,Egyptian Lentil Soup,Recipe,,"December 31, 2021",2026-10-04
https://ifanca.org/resources/chilled-peach-soup/,Chilled Peach Soup,Recipe,,"December 31, 2021",2026-10-04
https://ifanca.org/resources/chicken-noodle-soup/,Chicken Noodle Soup,Recipe,,"December 31, 2021",2026-10-04
https://ifanca.org/resources/broccoli-cheddar-soup/,Broccoli Cheddar Soup,Recipe,,"December 31, 2021",2026-10-04
https://ifanca.org/resources/soups-and-stews/,Soups and Stews,Article,,"December 31, 2021",2026-10-04
https://ifanca.org/resources/reconsidering-the-facts-of-traumatic-stress/,Reconsidering the Facts of Traumatic Stress,Article,,"December 31, 2021",2026-10-04
https://ifanca.org/resources/why-is-comfort-food-so-comfortable/,Why Is Comfort Food So Comfortable?,Article,,"December 31, 2021",2026-10-04
https://ifanca.org/resources/beverages-that-go-beyond-hydration/,Beverages That Go Beyond Hydration,Article,,"December 31, 2021",2026-10-04
https://ifanca.org/resources/ube-the-powerful-purple-yam/,Ube: The Powerful Purple Yam,Article,,"December 31, 2021",2026-10-04
https://ifanca.org/resources/from-the-publishers-desk-winter-2021/,From the Publisher’s Desk,Editorial,,"December 31, 2021",2026-10-04
https://ifanca.org/resources/editors-note-winter-2021/,Editor’s Note,Editorial,,"December 31, 2021",2026-10-04
https://ifanca.org/resources/pumpkin-pie-overnight-oats/,Pumpkin Pie Overnight Oats,Recipe,,"September 30, 2021",2026-10-04
https://ifanca.org/resources/spotlight-on-organic-valley/,Spotlight on Organic Valley®,Spotlight,,"September 30, 2021",2026-10-04
https://ifanca.org/resources/making-healthy-choices-outside-your-home/,Making Healthy Choices Outside Your Home,Article,,"September 30, 2021",2026-10-04
https://ifanca.org/resources/information-technology-red-carpet-edition/,Information Technology: Red Carpet Edition,Article,,"September 30, 2021",2026-10-04
https://ifanca.org/resources/are-there-bugs-in-our-food-medicine-and-make-up/,"Are There Bugs in Our Food, Medicine, and Make-Up?",Article,,"September 30, 2021",2026-10-04
https://ifanca.org/resources/homemade-yogurt-stovetop-method/,Homemade Yogurt (Instant Pot® and Stovetop Methods),Recipe,,"September 30, 2021",2026-10-04
https://ifanca.org/resources/yogurt-rice-with-jalapeno-cumin/,Yogurt Rice with Jalapeño & Cumin,Recipe,,"September 30, 2021",2026-10-04
https://ifanca.org/resources/spicy-guacamole/,Spicy Guacamole,Recipe,,"September 30, 2021",2026-10-04
https://ifanca.org/resources/understanding-eating-disorders/,Understanding Eating Disorders,Article,,"September 30, 2021",2026-10-04
https://ifanca.org/resources/alternative-therapy-a-holistic-way-to-health/,Alternative Therapy: A Holistic Way to Health,Article,,"September 30, 2021",2026-10-04
https://ifanca.org/resources/butters-condiments-and-spreads/,"Butters, Condiments, and Spreads",Article,,"September 30, 2021",2026-10-04
https://ifanca.org/resources/from-the-publishers-desk/,From the Publisher’s Desk,Editorial,,"September 30, 2021",2026-10-04
https://ifanca.org/resources/editors-note-fall-2021/,Editor’s Note,Editorial,,"September 30, 2021",2026-10-04
https://ifanca.org/resources/spotlight-on-saffron-road/,Spotlight on Saffron Road®,Spotlight,,"June 30, 2021",2026-10-04
https://ifanca.org/resources/a-lifelong-exercise-plan/,A Lifelong Exercise Plan,Article,,"June 30, 2021",2026-10-04
https://ifanca.org/resources/meal-kit-madness/,Meal Kit Madness,Article,,"June 30, 2021",2026-10-04
https://ifanca.org/resources/low-fodmap-superfood-kale-salad/,Low-FODMAP Superfood Kale Salad,Recipe,,"June 30, 2021",2026-10-04
https://ifanca.org/resources/nigerian-pepper-soup/,Nigerian Pepper Soup,Recipe,,"June 30, 2021",2026-10-04
https://ifanca.org/resources/sriracha-popcorn/,Sriracha Popcorn with Nori and Nutritional Yeast,Recipe,,"June 30, 2021",2026-10-04
https://ifanca.org/resources/nigerian-fried-rice/,Nigerian Fried Rice,Recipe,,"June 30, 2021",2026-10-04
https://ifanca.org/resources/onigiri/,Onigiri (Rice Balls),Recipe,,"June 30, 2021",2026-10-04
https://ifanca.org/resources/tahdeeg-tahdig/,Tahdeeg or Tahdig (Persian Rice),Recipe,,"June 30, 2021",2026-10-04
https://ifanca.org/resources/arroz-con-pollo/,Arroz con Pollo (Rice with Chicken),Recipe,,"June 30, 2021",2026-10-04
https://ifanca.org/resources/rizogalo-rice-pudding/,Rizogalo (Rice Pudding),Recipe,,"June 30, 2021",2026-10-04
https://ifanca.org/resources/vegetable-biryani/,Vegetable Biryani (Spicy Vegetable Rice Dish),Recipe,,"June 30, 2021",2026-10-04
https://ifanca.org/resources/mushroom-risotto/,Mushroom Risotto (Creamy Mushroom Rice),Recipe,,"June 30, 2021",2026-10-04
https://ifanca.org/resources/the-basics-of-making-rice/,The Basics of Making Rice,Recipe,,"June 30, 2021",2026-10-04
https://ifanca.org/resources/rice/,Rice,Recipe,,"June 30, 2021",2026-10-04
https://ifanca.org/resources/when-its-not-just-a-bad-mood/,When It’s Not Just a Bad Mood,Article,,"June 30, 2021",2026-10-04
https://ifanca.org/resources/a-dietitians-take-on-low-fodmap-diets/,A Dietitian’s Take on Low-FODMAP Diets,Article,,"June 30, 2021",2026-10-04
https://ifanca.org/resources/seaweed/,Seaweed,Article,,"June 30, 2021",2026-10-04
https://ifanca.org/resources/from-the-publishers-desk-summer-2021/,From the Publisher’s Desk,Editorial,,"June 30, 2021",2026-10-04
https://ifanca.org/resources/editors-note-summer-2021/,Editor’s Note,Editorial,,"June 30, 2021",2026-10-04
https://ifanca.org/resources/with-or-without-a-personal-trainer/,With or Without a Personal Trainer,Article,,"March 31, 2021",2026-10-04
https://ifanca.org/resources/instagram-indulgences/,Instagram Indulgences,Article,,"March 31, 2021",2026-10-04
https://ifanca.org/resources/the-joy-of-snacking/,The Joy of Snacking,Article,,"March 31, 2021",2026-10-04
https://ifanca.org/resources/cream-cheese-with-cucumber-nectarine-and-kiwi-salsa/,"Cream Cheese with Cucumber, Nectarine, and Kiwi Salsa",Recipe,,"March 31, 2021",2026-10-04
https://ifanca.org/resources/mango-matcha-smoothie/,Mango Matcha Smoothie,Recipe,,"March 31, 2021",2026-10-04
https://ifanca.org/resources/kimchi-based-miso-dressing/,Kimchi-Based Miso Dressing,Recipe,,"March 31, 2021",2026-10-04
https://ifanca.org/resources/classic-greek-baklava-diamonds/,Classic Greek Baklava Diamonds,Recipe,,"March 31, 2021",2026-10-04
https://ifanca.org/resources/baklava-by-any-other-name/,Baklava by Any Other Name Would Smell as Sweet,Article,,"March 31, 2021",2026-10-04
https://ifanca.org/resources/what-you-should-know-about-anxiety-disorders/,What You Should Know About Anxiety Disorders,Article,,"March 31, 2021",2026-10-04
https://ifanca.org/resources/making-nutrition-personal/,Making Nutrition Personal,Article,,"March 31, 2021",2026-10-04
https://ifanca.org/resources/korean-food-coming-to-a-dining-table-near-you/,Korean Food: Coming to a Dining Table near You,Article,,"March 31, 2021",2026-10-04
https://ifanca.org/resources/from-the-publishers-desk-spring-2021/,From the Publisher’s Desk,Editorial,,"March 31, 2021",2026-10-04
https://ifanca.org/resources/editors-note-spring-2021/,Editor’s Note,Editorial,,"March 31, 2021",2026-10-04
https://ifanca.org/resources/stand-against-sitting/,Stand Against Sitting,Article,,"December 31, 2020",2026-10-04
https://ifanca.org/resources/make-the-most-with-compost/,Make the Most with Compost,Article,,"December 31, 2020",2026-10-04
https://ifanca.org/resources/spicy-chickpea-salad/,Spicy Chickpea Salad,Recipe,,"December 31, 2020",2026-10-04
https://ifanca.org/resources/black-mustard-seed-cauliflower/,Black Mustard Seed Cauliflower,Recipe,,"December 31, 2020",2026-10-04
https://ifanca.org/resources/spicy-harissa-chicken/,Spicy Harissa Chicken,Recipe,,"December 31, 2020",2026-10-04
https://ifanca.org/resources/refreshing-star-fruit-tropical-salad/,Refreshing Star Fruit Tropical Salad,Recipe,,"December 31, 2020",2026-10-04
https://ifanca.org/resources/a-spice-that-passes-muster/,A Spice that Passes Muster,Article,,"December 31, 2020",2026-10-04
https://ifanca.org/resources/what-you-need-to-know-about-allergies/,What You Need to Know About Allergies,Article,,"December 31, 2020",2026-10-04
https://ifanca.org/resources/nootropics-medicine-for-your-mind/,Nootropics: Medicine for Your Mind,Article,,"December 31, 2020",2026-10-04
https://ifanca.org/resources/star-fruit/,Star Fruit,Article,,"December 31, 2020",2026-10-04
https://ifanca.org/resources/from-the-publishers-desk-winter-2020/,From the Publisher’s Desk,Editorial,,"December 31, 2020",2026-10-04
https://ifanca.org/resources/editors-note-winter-2020/,Editor’s Note,Editorial,,"December 31, 2020",2026-10-04
https://ifanca.org/resources/focus-on-intensity/,Focus on Intensity,Article,,"September 30, 2020",2026-10-04
https://ifanca.org/resources/vaccines-the-buzzword-for-2020/,Vaccines: The Buzzword for 2020,Article,,"September 30, 2020",2026-10-04
https://ifanca.org/resources/djaj-mhammar-baked-chicken/,Djaj Mhammar (Baked Chicken),Recipe,,"September 30, 2020",2026-10-04
https://ifanca.org/resources/moimoi-nigerian-bean-cake/,MoiMoi (Nigerian Bean Cake),Recipe,,"September 30, 2020",2026-10-04
https://ifanca.org/resources/sprouted-lentil-salad/,Sprouted Lentil Salad,Recipe,,"September 30, 2020",2026-10-04
https://ifanca.org/resources/berkoukes-with-harissa-paste/,Berkoukes with Harissa Paste,Recipe,,"September 30, 2020",2026-10-04
https://ifanca.org/resources/yogurt-and-honey/,Yogurt and Honey,Recipe,,"September 30, 2020",2026-10-04
https://ifanca.org/resources/lemon-potatoes/,Lemon Potatoes,Recipe,,"September 30, 2020",2026-10-04
https://ifanca.org/resources/stewed-zucchini/,Stewed Zucchini,Recipe,,"September 30, 2020",2026-10-04
https://ifanca.org/resources/baked-fish-with-aromatic-tomato-onion-sauce-plaki-style/,"Baked Fish with Aromatic Tomato-Onion Sauce, Plaki-Style",Recipe,,"September 30, 2020",2026-10-04
https://ifanca.org/resources/leg-of-lamb-with-garlic/,Leg of Lamb with Garlic,Recipe,,"September 30, 2020",2026-10-04
https://ifanca.org/resources/olive-rolls/,Olive Rolls,Recipe,,"September 30, 2020",2026-10-04
https://ifanca.org/resources/chickpea-soup/,Chickpea Soup,Recipe,,"September 30, 2020",2026-10-04
https://ifanca.org/resources/cucumber-salad-with-yogurt/,Cucumber Salad with Yogurt,Recipe,,"September 30, 2020",2026-10-04
https://ifanca.org/resources/meatballs-cocktail-size/,Meatballs—Cocktail Size,Recipe,,"September 30, 2020",2026-10-04
https://ifanca.org/resources/tzatziki-sauce/,Tzatziki Sauce,Recipe,,"September 30, 2020",2026-10-04
https://ifanca.org/resources/the-cuisine-of-greece/,The Cuisine of Greece,Article,,"September 30, 2020",2026-10-04
https://ifanca.org/resources/lentils/,Lentils,Article,,"September 30, 2020",2026-10-04
https://ifanca.org/resources/the-new-rise-of-intuitive-eating/,The New Rise of Intuitive Eating,Article,,"September 30, 2020",2026-10-04
https://ifanca.org/resources/say-hello-to-harissa/,Say Hello to Harissa,Article,,"September 30, 2020",2026-10-04
https://ifanca.org/resources/from-the-publishers-desk-fall-2020/,From the Publisher’s Desk,Editorial,,"September 30, 2020",2026-10-04
https://ifanca.org/resources/editors-note-fall-2020/,Editor’s Note,Editorial,,"September 30, 2020",2026-10-04
https://ifanca.org/resources/fitness-at-a-distance/,Fitness at a Distance,Article,,"June 30, 2020",2026-10-04
https://ifanca.org/resources/cultured-meat-food-of-the-future-or-weird-science/,Cultured Meat: Food of the Future or Weird Science?,Article,,"June 30, 2020",2026-10-04
https://ifanca.org/resources/cbd-the-next-wonder-supplement/,CBD: The Next Wonder Supplement?,Article,,"June 30, 2020",2026-10-04
https://ifanca.org/resources/shakshuka/,Shakshuka,Recipe,,"June 30, 2020",2026-10-04
https://ifanca.org/resources/freekah-pilaf-with-zaatar-chicken/,Freekah Pilaf with Za’atar Chicken,Recipe,,"June 30, 2020",2026-10-04
https://ifanca.org/resources/crockpot-beef-stew-with-saffron-road-korean-stir-fry-simmer-sauce/,Crockpot Beef Stew with Saffron Road Korean Stir Fry Simmer Sauce,Recipe,,"June 30, 2020",2026-10-04
https://ifanca.org/resources/fattoush/,Fattoush,Recipe,,"June 30, 2020",2026-10-04
https://ifanca.org/resources/roasted-figs-and-almonds/,Roasted Figs and Almonds,Recipe,,"June 30, 2020",2026-10-04
https://ifanca.org/resources/lentils-rice-and-caramelized-onions/,"Lentils, Rice and Caramelized Onions",Recipe,,"June 30, 2020",2026-10-04
https://ifanca.org/resources/lamb-with-eggplant-and-rice/,Lamb with Eggplant and Rice,Recipe,,"June 30, 2020",2026-10-04
https://ifanca.org/resources/sumac-crusted-tuna/,Sumac Crusted Tuna,Recipe,,"June 30, 2020",2026-10-04
https://ifanca.org/resources/lamb-meatball-soup/,Lamb Meatball Soup,Recipe,,"June 30, 2020",2026-10-04
https://ifanca.org/resources/walnut-dressing/,Walnut Dressing,Recipe,,"June 30, 2020",2026-10-04
https://ifanca.org/resources/grilled-halloumi-cheese-with-garlic-and-mint/,Grilled Halloumi Cheese with Garlic and Mint,Recipe,,"June 30, 2020",2026-10-04
https://ifanca.org/resources/seven-spice-seasoning/,Seven Spice Seasoning,Recipe,,"June 30, 2020",2026-10-04
https://ifanca.org/resources/the-cuisine-of-lebanon/,The Cuisine of Lebanon,Article,,"June 30, 2020",2026-10-04
https://ifanca.org/resources/wheat/,Wheat,Article,,"June 30, 2020",2026-10-04
https://ifanca.org/resources/lactose-intolerance/,Lactose Intolerance,Article,,"June 30, 2020",2026-10-04
https://ifanca.org/resources/collagen-chronicles/,Collagen Chronicles,Article,,"June 30, 2020",2026-10-04
https://ifanca.org/resources/from-the-publishers-desk-summer-2020/,From the Publisher’s Desk,Editorial,,"June 30, 2020",2026-10-04
https://ifanca.org/resources/editors-note-summer-2020/,Editor’s Note,Editorial,,"June 30, 2020",2026-10-04
https://ifanca.org/resources/ready-set-ramadan/,Ready…Set…Ramadan!,Article,,"March 31, 2020",2026-10-04
https://ifanca.org/resources/a-breath-of-fresh-air/,A Breath of Fresh Air,Article,,"March 31, 2020",2026-10-04
https://ifanca.org/resources/upcoming-culinary-trends/,Upcoming Culinary Trends,Article,,"March 31, 2020",2026-10-04
https://ifanca.org/resources/savory-carrot-leek-and-sweet-potato-soup/,"Savory Carrot, Leek and Sweet Potato Soup",Recipe,,"March 31, 2020",2026-10-04
https://ifanca.org/resources/zucchini-and-date-brownies/,Zucchini and Date Brownies,Recipe,,"March 31, 2020",2026-10-04
https://ifanca.org/resources/masbhat-ad-darwish/,Masbhat ad-Darwish,Recipe,,"March 31, 2020",2026-10-04
https://ifanca.org/resources/poached-fish-with-roasted-tomato-sauce/,Poached Fish with Roasted Tomato Sauce,Recipe,,"March 31, 2020",2026-10-04
https://ifanca.org/resources/dates-the-fruit-of-paradise/,Dates: The Fruit of Paradise,Article,,"March 31, 2020",2026-10-04
https://ifanca.org/resources/keeping-up-with-the-ketos/,Keeping Up with the Ketos,Article,,"March 31, 2020",2026-10-04
https://ifanca.org/resources/prebiotics/,Prebiotics,Article,,"March 31, 2020",2026-10-04
https://ifanca.org/resources/from-the-publishers-desk-spring-2020/,From the Publisher’s Desk,Editorial,,"March 31, 2020",2026-10-04
https://ifanca.org/resources/editors-note-spring-2020/,Editor’s Note,Editorial,,"March 31, 2020",2026-10-04
https://ifanca.org/resources/moooove-over-milk-new-dairy/,Moooove Over Milk…The New “Dairy”,Article,,"December 31, 2019",2026-10-04
https://ifanca.org/resources/mitigating-disease-with-a-healthier-lifestyle/,Mitigating Disease with a Healthier Lifestyle,Article,,"December 31, 2019",2026-10-04
https://ifanca.org/resources/dates-on-food-labels/,Dates on Food Labels,Article,,"December 31, 2019",2026-10-04
https://ifanca.org/resources/spirulina-and-almond-milk-superfood-protein-smoothie/,Spirulina and Almond Milk Superfood Protein Smoothie,Recipe,,"December 31, 2019",2026-10-04
https://ifanca.org/resources/vegan-vanilla-bean-and-oat-milk-smoothie/,Vegan Vanilla Bean and Oat Milk Smoothie,Recipe,,"December 31, 2019",2026-10-04
https://ifanca.org/resources/spicy-catfish-soup/,Spicy Catfish Soup,Recipe,,"December 31, 2019",2026-10-04
https://ifanca.org/resources/banana-parsley-winter-salad/,Banana and Parsley Winter Salad,Recipe,,"December 31, 2019",2026-10-04
https://ifanca.org/resources/the-appeel-of-bananas/,The “ApPEEL of Bananas”,Article,,"December 31, 2019",2026-10-04
https://ifanca.org/resources/for-the-love-of-spice/,For the Love of Spice!,Article,,"December 31, 2019",2026-10-04
https://ifanca.org/resources/vegetable-stock-basic/,Vegetable Stock (Basic),Recipe,,"December 31, 2019",2026-10-04
https://ifanca.org/resources/beef-stock-basic/,Beef Stock (Basic),Recipe,,"December 31, 2019",2026-10-04
https://ifanca.org/resources/chicken-stock-basic/,Chicken Stock (Basic),Recipe,,"December 31, 2019",2026-10-04
https://ifanca.org/resources/soups-and-stews-winter-2019/,Soups and Stews,Article,,"December 31, 2019",2026-10-04
https://ifanca.org/resources/from-the-publishers-desk-winter-2019/,From the Publisher’s Desk,Editorial,,"December 31, 2019",2026-10-04
https://ifanca.org/resources/editors-note-winter-2019/,Editor’s Note,Editorial,,"December 31, 2019",2026-10-04
https://ifanca.org/resources/whats-your-major-mal-function/,What’s Your Major Mal-Function?,Article,,"September 30, 2019",2026-10-04
https://ifanca.org/resources/feeding-nine-billion-people/,Feeding Nine Billion People,Article,,"September 30, 2019",2026-10-04
https://ifanca.org/resources/whats-in-a-name-food-label-laws/,What’s in a Name: Food Label Laws,Article,,"September 30, 2019",2026-10-04
https://ifanca.org/resources/plant-based-chickpea-omelet/,Plant-Based Chickpea Omelet,Recipe,,"September 30, 2019",2026-10-04
https://ifanca.org/resources/pea-protein-superfood-powder-smoothie/,Pea Protein Superfood Powder Smoothie,Recipe,,"September 30, 2019",2026-10-04
https://ifanca.org/resources/palestinian-msakhan-rolls/,Palestinian Msakhan Rolls,Recipe,,"September 30, 2019",2026-10-04
https://ifanca.org/resources/dark-cocoa-powder-and-cacao-nibs-superfood-powder-smoothie/,Dark Cocoa Powder and Cacao Nibs Superfood Powder Smoothie,Recipe,,"September 30, 2019",2026-10-04
https://ifanca.org/resources/onions-where-sweet-meets-tangy/,Onions: Where Sweet Meets Tangy,Article,,"September 30, 2019",2026-10-04
https://ifanca.org/resources/the-rise-of-plant-based-meat/,The Rise of Plant-Based Meat,Article,,"September 30, 2019",2026-10-04
https://ifanca.org/resources/food-handling-basics/,Food Handling Basics,Article,,"September 30, 2019",2026-10-04
https://ifanca.org/resources/super-powders-to-the-rescue/,Super Powders to the Rescue,Article,,"September 30, 2019",2026-10-04
https://ifanca.org/resources/from-the-publishers-desk-fall-2019/,From the Publisher’s Desk,Editorial,,"September 30, 2019",2026-10-04
https://ifanca.org/resources/editors-note-fall-2019/,Editor’s Note,Editorial,,"September 30, 2019",2026-10-04
https://ifanca.org/resources/exercising-your-heart-muscle/,Exercising Your Heart Muscle,Article,,"June 30, 2019",2026-10-04
https://ifanca.org/resources/obesity/,Obesity,Article,,"June 30, 2019",2026-10-04
https://ifanca.org/resources/why-organics/,Why Organics?,Article,,"June 30, 2019",2026-10-04
https://ifanca.org/resources/cilantro-and-lentil-soup/,Cilantro and Lentil Soup,Recipe,,"June 30, 2019",2026-10-04
https://ifanca.org/resources/detox-ginger-turmeric-tea/,Detox Ginger-Turmeric Tea,Recipe,,"June 30, 2019",2026-10-04
https://ifanca.org/resources/ramadan-smoothie/,Ramadan Smoothie,Recipe,,"June 30, 2019",2026-10-04
https://ifanca.org/resources/cheesecake-stuffed-strawberries/,Cheesecake Stuffed Strawberries,Recipe,,"June 30, 2019",2026-10-04
https://ifanca.org/resources/why-ginger-should-be-added-to-your-day/,Why Ginger Should Be Added to Your Day,Article,,"June 30, 2019",2026-10-04
https://ifanca.org/resources/abdominal-turbulence/,Abdominal Turbulence,Article,,"June 30, 2019",2026-10-04
https://ifanca.org/resources/managing-our-plastic-addiction/,Managing Our Plastic Addiction,Article,,"June 30, 2019",2026-10-04
https://ifanca.org/resources/from-the-publishers-desk-summer-2019/,From the Publisher’s Desk,Editorial,,"June 30, 2019",2026-10-04
https://ifanca.org/resources/editors-note-summer-2019/,Editor’s Note,Editorial,,"June 30, 2019",2026-10-04
https://ifanca.org/resources/lets-get-hard-core/,Let’s Get Hard Core,Article,,"March 31, 2019",2026-10-04
https://ifanca.org/resources/protein-more-than-meats-the-eye/,Protein—More Than Meats (The Eye),Article,,"March 31, 2019",2026-10-04
https://ifanca.org/resources/heart-healthy-banana-and-guava-smoothie/,Heart-Healthy Banana and Guava Smoothie,Recipe,,"March 31, 2019",2026-10-04
https://ifanca.org/resources/bamia-okra-soup/,Bamia (Okra) Soup,Recipe,,"March 31, 2019",2026-10-04
https://ifanca.org/resources/garlic-based-pepper-soup/,Garlic-Based Pepper Soup,Recipe,,"March 31, 2019",2026-10-04
https://ifanca.org/resources/grass-fed/,Grass-Fed,Article,,"March 31, 2019",2026-10-04
https://ifanca.org/resources/take-charge-of-your-heart-health/,Take Charge of Your Heart Health,Article,,"March 31, 2019",2026-10-04
https://ifanca.org/resources/garlic/,Garlic,Article,,"March 31, 2019",2026-10-04
https://ifanca.org/resources/deceptive-chefs-homemade-kimchi/,Deceptive Chef’s Homemade Kimchi,Recipe,,"March 31, 2019",2026-10-04
https://ifanca.org/resources/deceptive-chefs-5-star-dill-pickles/,Deceptive Chef’s 5 Star Dill Pickles,Recipe,,"March 31, 2019",2026-10-04
https://ifanca.org/resources/fermenting-foods-for-future-fare/,Fermenting Foods for Future Fare,Article,,"March 31, 2019",2026-10-04
https://ifanca.org/resources/from-the-publishers-desk-spring-2019/,From the Publisher’s Desk,Editorial,,"March 31, 2019",2026-10-04
https://ifanca.org/resources/editors-note-spring-2019/,Editor’s Note,Editorial,,"March 31, 2019",2026-10-04
https://ifanca.org/resources/weight-management-what-do-we-have-to-lose/,Weight Management: What Do We Have to Lose?,Article,,"December 31, 2018",2026-10-04
https://ifanca.org/resources/realign-your-mind-and-body-with-pilates/,Realign Your Mind and Body with Pilates,Article,,"December 31, 2018",2026-10-04
https://ifanca.org/resources/riced-cauliflower-taco-salad/,Riced Cauliflower Taco Salad,Recipe,,"December 31, 2018",2026-10-04
https://ifanca.org/resources/shrimp-and-vegetable-stir-fry/,Shrimp and Vegetable Stir Fry,Recipe,,"December 31, 2018",2026-10-04
https://ifanca.org/resources/maryams-super-red-power-fruit-salad/,Maryam’s “Super Red Power” Fruit Salad,Recipe,,"December 31, 2018",2026-10-04
https://ifanca.org/resources/ultimate-black-bean-burger/,The Ultimate Black Bean Burger,Recipe,,"December 31, 2018",2026-10-04
https://ifanca.org/resources/creamy-chunky-potato-soup-with-pesto-chickpea-dip/,Creamy Chunky Potato Soup with Pesto Chickpea Dip,Recipe,,"December 31, 2018",2026-10-04
https://ifanca.org/resources/natural-organic-and-synthetic/,"Natural, Organic, and Synthetic",Article,,"December 31, 2018",2026-10-04
https://ifanca.org/resources/pomegranates/,Pomegranates,Article,,"December 31, 2018",2026-10-04
https://ifanca.org/resources/vitamins-and-minerals/,Vitamins and Minerals,Article,,"December 31, 2018",2026-10-04
https://ifanca.org/resources/hair-form-and-function/,Hair: Form and Function,Article,,"December 31, 2018",2026-10-04
https://ifanca.org/resources/going-vegan-the-push-and-pull-of-a-plant-based-diet/,Going Vegan: The Push and Pull of a Plant-Based Diet,Article,,"December 31, 2018",2026-10-04
https://ifanca.org/resources/plethora-of-purple-produce/,Plethora of Purple Produce,Article,,"December 31, 2018",2026-10-04
https://ifanca.org/resources/from-the-publishers-desk-winter-2018/,From the Publisher’s Desk,Editorial,,"December 31, 2018",2026-10-04
https://ifanca.org/resources/editors-note-winter-2018/,Editor’s Note,Editorial,,"December 31, 2018",2026-10-04
https://ifanca.org/resources/running/,Running,Article,,"September 30, 2018",2026-10-04
https://ifanca.org/resources/islamic-perspective-on-animal-welfare/,Islamic Perspective on Animal Welfare,Article,,"September 30, 2018",2026-10-04
https://ifanca.org/resources/microwave-omelet/,Microwave Omelet,Recipe,,"September 30, 2018",2026-10-04
https://ifanca.org/resources/quinoa-tabbouleh/,Quinoa Tabbouleh,Recipe,,"September 30, 2018",2026-10-04
https://ifanca.org/resources/taco-salad/,Taco Salad,Recipe,,"September 30, 2018",2026-10-04
https://ifanca.org/resources/veggie-and-egg-scramble/,Veggie and Egg Scramble,Recipe,,"September 30, 2018",2026-10-04
https://ifanca.org/resources/diabetic-diets/,Diabetic Diets,Article,,"September 30, 2018",2026-10-04
https://ifanca.org/resources/eggs/,Eggs,Article,,"September 30, 2018",2026-10-04
https://ifanca.org/resources/insulin-resistance/,Insulin Resistance,Article,,"September 30, 2018",2026-10-04
https://ifanca.org/resources/sleep-disorders/,Sleep Disorders,Article,,"September 30, 2018",2026-10-04
https://ifanca.org/resources/sweet-meets-spicy-chai-latte/,Sweet Meets Spicy: Chai Latte!,Article,,"September 30, 2018",2026-10-04
https://ifanca.org/resources/alternate-flours/,Alternate Flours,Article,,"September 30, 2018",2026-10-04
https://ifanca.org/resources/from-the-publishers-desk-fall-2018/,From the Publisher’s Desk,Editorial,,"September 30, 2018",2026-10-04
https://ifanca.org/resources/editors-note-fall-2018/,Editor’s Note,Editorial,,"September 30, 2018",2026-10-04
https://ifanca.org/resources/swimming/,Swimming,Article,,"June 30, 2018",2026-10-04
https://ifanca.org/resources/aromatics/,Aromatics,Article,,"June 30, 2018",2026-10-04
https://ifanca.org/resources/sodium-sneaky-villain-hidden-hero/,Sodium: Sneaky Villain & Hidden Hero,Article,,"June 30, 2018",2026-10-04
https://ifanca.org/resources/herb-veggie-baked-spicy-mackerel/,Herb & Veggie-Baked Spicy Mackerel,Recipe,,"June 30, 2018",2026-10-04
https://ifanca.org/resources/persimmon-fruit-salad/,Persimmon Fruit Salad,Recipe,,"June 30, 2018",2026-10-04
https://ifanca.org/resources/dodo-a-k-a-fried-plantains/,“Dodo” (a.k.a. “Fried Plantains”),Recipe,,"June 30, 2018",2026-10-04
https://ifanca.org/resources/salt/,Salt,Article,,"June 30, 2018",2026-10-04
https://ifanca.org/resources/breast-cancer/,Breast Cancer,Article,,"June 30, 2018",2026-10-04
https://ifanca.org/resources/gut-health/,Gut Health,Article,,"June 30, 2018",2026-10-04
https://ifanca.org/resources/alternative-sugars/,Alternative Sugars,Article,,"June 30, 2018",2026-10-04
https://ifanca.org/resources/food-on-wheels/,Food on Wheels,Article,,"June 30, 2018",2026-10-04
https://ifanca.org/resources/from-the-publishers-desk-summer-2018/,From the Publisher’s Desk,Editorial,,"June 30, 2018",2026-10-04
https://ifanca.org/resources/editors-note-summer-2018/,Editor’s Note,Editorial,,"June 30, 2018",2026-10-04
https://ifanca.org/resources/when-dinner-makes-218-billion-worth-of-trash/,When Dinner Makes $218 Billion Worth of Trash,Article,,"March 31, 2018",2026-10-04
https://ifanca.org/resources/say-cheese/,Say Cheese!,Article,,"March 31, 2018",2026-10-04
https://ifanca.org/resources/panko-breaded-chicken/,Panko Breaded Chicken,Recipe,,"March 31, 2018",2026-10-04
https://ifanca.org/resources/moimoi-a-nigerian-delicacy/,MoiMoi: A Nigerian Delicacy,Recipe,,"March 31, 2018",2026-10-04
https://ifanca.org/resources/lentil-soup-shorabat-addas/,Lentil Soup “Shorabat Addas”,Recipe,,"March 31, 2018",2026-10-04
https://ifanca.org/resources/focaccia-pizza/,Focaccia Pizza,Recipe,,"March 31, 2018",2026-10-04
https://ifanca.org/resources/meat/,Meat,Article,,"March 31, 2018",2026-10-04
https://ifanca.org/resources/whats-up-with-turmeric/,What’s Up with Turmeric?,Article,,"March 31, 2018",2026-10-04
https://ifanca.org/resources/finding-your-fit/,Finding Your Fit,Article,,"March 31, 2018",2026-10-04
https://ifanca.org/resources/the-sunshine-vitamin/,The Sunshine Vitamin,Article,,"March 31, 2018",2026-10-04
https://ifanca.org/resources/celebrating-halal/,Celebrating Halal,Article,,"March 31, 2018",2026-10-04
https://ifanca.org/resources/from-the-publishers-desk-spring-2018/,From the Publisher’s Desk,Editorial,,"March 31, 2018",2026-10-04
https://ifanca.org/resources/editors-note-spring-2018/,Editor’s Note,Editorial,,"March 31, 2018",2026-10-04
https://ifanca.org/resources/halal-on-campus/,Halal on Campus,Article,,"December 31, 2017",2026-10-04
https://ifanca.org/resources/addicted-to-flavors/,Addicted to Flavors,Article,,"December 31, 2017",2026-10-04
https://ifanca.org/resources/savory-morning-porridge/,Savory Morning Porridge,Recipe,,"December 31, 2017",2026-10-04
https://ifanca.org/resources/spinach-and-fruit-smoothie/,Spinach and Fruit Smoothie,Recipe,,"December 31, 2017",2026-10-04
https://ifanca.org/resources/grandma-sallys-mushrooms/,Grandma Sally’s Mushrooms,Recipe,,"December 31, 2017",2026-10-04
https://ifanca.org/resources/truffled-pasta/,Truffled Pasta,Recipe,,"December 31, 2017",2026-10-04
https://ifanca.org/resources/to-die-for-carrot-cake/,To-Die-For Carrot Cake,Recipe,,"December 31, 2017",2026-10-04
https://ifanca.org/resources/a-mold-sold-at-the-cost-of-gold/,A Mold Sold at the Cost of Gold,Article,,"December 31, 2017",2026-10-04
https://ifanca.org/resources/nutrients-for-kids/,Nutrients for Kids,Article,,"December 31, 2017",2026-10-04
https://ifanca.org/resources/the-body-at-war-with-itself/,The Body at War with Itself,Article,,"December 31, 2017",2026-10-04
https://ifanca.org/resources/drinking-your-vegetables/,Drinking Your Vegetables,Article,,"December 31, 2017",2026-10-04
https://ifanca.org/resources/out-of-the-box-parties/,Out of the Box Parties,Article,,"December 31, 2017",2026-10-04
https://ifanca.org/resources/from-the-publishers-desk-winter-2017/,From the Publisher’s Desk,Editorial,,"December 31, 2017",2026-10-04
https://ifanca.org/resources/editors-note-winter-2017/,Editor’s Note,Editorial,,"December 31, 2017",2026-10-04
https://ifanca.org/resources/the-color-wheel/,The Color Wheel,Article,,"September 30, 2017",2026-10-04
https://ifanca.org/resources/your-food-is-better-traveled-than-you/,Your Food Is Better Traveled Than You,Article,,"September 30, 2017",2026-10-04
https://ifanca.org/resources/a-quick-quesadilla/,A Quick Quesadilla,Recipe,,"September 30, 2017",2026-10-04
https://ifanca.org/resources/macedonian-eggplant-salad/,Macedonian Eggplant Salad,Recipe,,"September 30, 2017",2026-10-04
https://ifanca.org/resources/creamy-cauliflower-soup/,Creamy Cauliflower Soup,Recipe,,"September 30, 2017",2026-10-04
https://ifanca.org/resources/baked-quince/,Baked Quince,Recipe,,"September 30, 2017",2026-10-04
https://ifanca.org/resources/whats-nice-about-niacin/,What’s Nice About Niacin?,Article,,"September 30, 2017",2026-10-04
https://ifanca.org/resources/the-mysterious-quince/,The Mysterious Quince,Article,,"September 30, 2017",2026-10-04
https://ifanca.org/resources/smile/,Smile!,Article,,"September 30, 2017",2026-10-04
https://ifanca.org/resources/fabulously-fit-fabulously-pregnant/,"Fabulously Fit, Fabulously Pregnant",Article,,"September 30, 2017",2026-10-04
https://ifanca.org/resources/keeping-the-taste-not-the-waste/,"Keeping the Taste, Not the Waste",Article,,"September 30, 2017",2026-10-04
https://ifanca.org/resources/from-the-publishers-desk-fall-2017/,From the Publisher’s Desk,Editorial,,"September 30, 2017",2026-10-04
https://ifanca.org/resources/editors-note-fall-2017/,Editor’s Note,Editorial,,"September 30, 2017",2026-10-04
https://ifanca.org/resources/oven-versus-microwave-cooking/,Oven Versus Microwave Cooking,Article,,"June 30, 2017",2026-10-04
https://ifanca.org/resources/coffee-healthy-treat-or-dangerous-indulgence/,Coffee: Healthy Treat or Dangerous Indulgence?,Article,,"June 30, 2017",2026-10-04
https://ifanca.org/resources/grape-ambrosia/,Grape Ambrosia,Recipe,,"June 30, 2017",2026-10-04
https://ifanca.org/resources/kabargah-a-kashmeri-delicacy/,"Kabargah, A Kashmeri Delicacy",Recipe,,"June 30, 2017",2026-10-04
https://ifanca.org/resources/the-great-greensby-yogurt-smoothie/,"The Great Greensby, Yogurt Smoothie",Recipe,,"June 30, 2017",2026-10-04
https://ifanca.org/resources/mexican-hot-chocolate-ice-cream/,Mexican Hot Chocolate Ice Cream,Recipe,,"June 30, 2017",2026-10-04
https://ifanca.org/resources/gelatin/,Gelatin,Article,Ingredients,"June 30, 2017",2026-10-04
https://ifanca.org/resources/grapes-natures-candy/,Grapes: Nature’s Candy,Article,,"June 30, 2017",2026-10-04
https://ifanca.org/resources/nutrition-bars/,Nutrition Bars,Article,,"June 30, 2017",2026-10-04
https://ifanca.org/resources/weight-fluctuations-during-ramadan/,Weight Fluctuations During Ramadan,Article,,"June 30, 2017",2026-10-04
https://ifanca.org/resources/cool-desserts/,Cool Desserts,Article,,"June 30, 2017",2026-10-04
https://ifanca.org/resources/food-trucks-a-touch-of-travel/,Food Trucks: A Touch of Travel,Article,,"June 30, 2017",2026-10-04
https://ifanca.org/resources/from-the-publishers-desk-summer-2017/,From the Publisher’s Desk,Editorial,,"June 30, 2017",2026-10-04
https://ifanca.org/resources/editors-note-summer-2017/,Editor’s Note,Editorial,,"June 30, 2017",2026-10-04
https://ifanca.org/resources/how-do-we-rank-a-global-health-review/,How Do We Rank? A Global Health Review,Article,,"March 31, 2017",2026-10-04
https://ifanca.org/resources/the-hunt-for-healthy-kids-meals/,The Hunt for Healthy Kids’ Meals,Article,,"March 31, 2017",2026-10-04
https://ifanca.org/resources/spring-smoothie/,Spring Smoothie,Recipe,,"March 31, 2017",2026-10-04
https://ifanca.org/resources/egg-salad/,Egg Salad,Recipe,,"March 31, 2017",2026-10-04
https://ifanca.org/resources/curried-red-lentils/,Curried Red Lentils,Recipe,,"March 31, 2017",2026-10-04
https://ifanca.org/resources/shaved-asparagus-citrus-salad/,Shaved Asparagus Citrus Salad,Recipe,,"March 31, 2017",2026-10-04
https://ifanca.org/resources/l-cysteine-a-friend-to-our-bodies/,L-Cysteine: A Friend to Our Bodies,Article,,"March 31, 2017",2026-10-04
https://ifanca.org/resources/extraordinary-barley/,Extraordinary Barley,Article,,"March 31, 2017",2026-10-04
https://ifanca.org/resources/fasting-for-your-health/,Fasting for Your Health,Article,,"March 31, 2017",2026-10-04
https://ifanca.org/resources/fueling-the-body-with-fermented-foods/,Fueling the Body with Fermented Foods,Article,,"March 31, 2017",2026-10-04
https://ifanca.org/resources/from-the-publishers-desk-spring-2017/,From the Publisher’s Desk,Editorial,,"March 31, 2017",2026-10-04
https://ifanca.org/resources/editors-note-spring-2017/,Editor’s Note,Editorial,,"March 31, 2017",2026-10-04
https://ifanca.org/resources/homemade-face-wash/,Homemade Face Wash,Recipe,,"December 31, 2016",2026-10-04
https://ifanca.org/resources/immune-boosting-roller/,Immune Boosting Roller,Article,,"December 31, 2016",2026-10-04
https://ifanca.org/resources/non-toxic-household-cleaner/,Non-Toxic Household Cleaner,Article,,"December 31, 2016",2026-10-04
https://ifanca.org/resources/the-power-of-a-single-drop-could-essential-oils-be-the-cure/,The Power of a Single Drop: Could Essential Oils Be the Cure?,Article,,"December 31, 2016",2026-10-04
https://ifanca.org/resources/food-for-thought-understanding-food-addiction/,Food for Thought: Understanding Food Addiction,Article,,"December 31, 2016",2026-10-04
https://ifanca.org/resources/banana-bread/,Banana Bread,Recipe,,"December 31, 2016",2026-10-04
https://ifanca.org/resources/triple-berry-smoothie/,Triple Berry Smoothie,Recipe,,"December 31, 2016",2026-10-04
https://ifanca.org/resources/slow-cooker-fasoolia-khadra-beef-and-green-bean-stew/,Slow-Cooker Fasoolia Khadra (Beef and Green Bean Stew),Recipe,,"December 31, 2016",2026-10-04
https://ifanca.org/resources/savory-spicy-winter-muffins/,Savory Spicy Winter Muffins,Recipe,,"December 31, 2016",2026-10-04
https://ifanca.org/resources/thiamine-a-wonder-vitamin/,Thiamine: A Wonder Vitamin,Article,,"December 31, 2016",2026-10-04
https://ifanca.org/resources/the-versatility-of-vinegar/,The Versatility of Vinegar,Article,,"December 31, 2016",2026-10-04
https://ifanca.org/resources/staying-active-a-lifetime-of-fitness/,Staying Active: A Lifetime of Fitness,Article,,"December 31, 2016",2026-10-04
https://ifanca.org/resources/healing-your-headaches/,Healing Your Headaches,Article,,"December 31, 2016",2026-10-04
https://ifanca.org/resources/the-deets-on-detox-water/,The Deets on Detox Water,Article,,"December 31, 2016",2026-10-04
https://ifanca.org/resources/flour-power/,Flour Power,Article,,"December 31, 2016",2026-10-04
https://ifanca.org/resources/from-the-publishers-desk-winter-2016/,From the Publisher’s Desk,Editorial,,"December 31, 2016",2026-10-04
https://ifanca.org/resources/editors-note-winter-2016/,Editor’s Note,Editorial,,"December 31, 2016",2026-10-04
https://ifanca.org/resources/at-war-with-food/,At War with Food,Article,,"September 30, 2016",2026-10-04
https://ifanca.org/resources/a-look-at-yoga-and-islam/,A Look at Yoga & Islam,Article,,"September 30, 2016",2026-10-04
https://ifanca.org/resources/roasted-vegetable-risotto/,Roasted Vegetable Risotto,Recipe,,"September 30, 2016",2026-10-04
https://ifanca.org/resources/pumpkin-power-smoothie/,Pumpkin Power Smoothie,Recipe,,"September 30, 2016",2026-10-04
https://ifanca.org/resources/butternut-squash-chickpea-and-lentil-stew/,"Butternut Squash, Chickpea, and Lentil Stew",Recipe,,"September 30, 2016",2026-10-04
https://ifanca.org/resources/paleo-breakfast-of-champions/,Paleo Breakfast of Champions,Recipe,,"September 30, 2016",2026-10-04
https://ifanca.org/resources/the-enzyme-enigma/,The Enzyme Enigma,Article,,"September 30, 2016",2026-10-04
https://ifanca.org/resources/dont-be-bored-by-gourd/,Don’t Be Bored by Gourd,Article,,"September 30, 2016",2026-10-04
https://ifanca.org/resources/choosing-wisely-the-best-ways-to-get-your-daily-dose-of-carbs/,Choosing Wisely: The Best Ways to Get Your Daily Dose of Carbs,Article,,"September 30, 2016",2026-10-04
https://ifanca.org/resources/a-greasy-situation-your-guide-to-cooking-oils/,A Greasy Situation: Your Guide to Cooking Oils,Article,,"September 30, 2016",2026-10-04
https://ifanca.org/resources/specialty-diets-fad-or-for-real/,Specialty Diets: Fad or for Real?,Article,,"September 30, 2016",2026-10-04
https://ifanca.org/resources/from-the-publishers-desk-fall-2016/,From the Publisher’s Desk,Editorial,,"September 30, 2016",2026-10-04
https://ifanca.org/resources/editors-note-fall-2016/,Editor’s Note,Editorial,,"September 30, 2016",2026-10-04
https://ifanca.org/resources/battle-royale-which-food-storage-method-is-best/,Battle Royale: Which Food Storage Method Is Best?,Article,,"June 30, 2016",2026-10-04
https://ifanca.org/resources/halalification-more-than-a-pinch-of-imagination/,Halalification: More Than a Pinch of Imagination,Article,,"June 30, 2016",2026-10-04
https://ifanca.org/resources/lemon-kulfi/,Lemon Kulfi,Recipe,,"June 30, 2016",2026-10-04
https://ifanca.org/resources/sparkling-pomegranate-and-mint-cooler/,Sparkling Pomegranate and Mint Cooler,Recipe,,"June 30, 2016",2026-10-04
https://ifanca.org/resources/perfect-tomato-cream-sauce-with-pasta/,Perfect Tomato Cream Sauce with Pasta,Recipe,,"June 30, 2016",2026-10-04
https://ifanca.org/resources/corn-cakes-with-tomato-avocado-relish/,Corn Cakes with Tomato Avocado Relish,Recipe,,"June 30, 2016",2026-10-04
https://ifanca.org/resources/sauteed-kale/,Sautéed Kale,Recipe,,"June 30, 2016",2026-10-04
https://ifanca.org/resources/refreshing-watermelon-shrimp-salad/,Refreshing Watermelon Shrimp Salad,Recipe,,"June 30, 2016",2026-10-04
https://ifanca.org/resources/summers-favorite-melon/,Summer’s Favorite Melon,Article,,"June 30, 2016",2026-10-04
https://ifanca.org/resources/what-are-you-in-the-mood-for/,What Are You in the Mood for?,Article,,"June 30, 2016",2026-10-04
https://ifanca.org/resources/store-to-door-the-convenience-of-grocery-delivery/,Store-to-Door: The Convenience of Grocery Delivery,Article,,"June 30, 2016",2026-10-04
https://ifanca.org/resources/avocado-kale-and-coconut-the-trend-that-wont-end/,"Avocado, Kale, and Coconut: The Trend That Won’t End",Article,,"June 30, 2016",2026-10-04
https://ifanca.org/resources/from-the-publishers-desk-summer-2016/,From the Publisher’s Desk,Editorial,,"June 30, 2016",2026-10-04
https://ifanca.org/resources/editors-note-summer-2016/,Editor’s Note,Editorial,,"June 30, 2016",2026-10-04
https://ifanca.org/resources/food-waste-management/,Food Waste Management,Article,,"March 31, 2016",2026-10-04
https://ifanca.org/resources/halal-is-mainstream/,Halal Is Mainstream,Article,,"March 31, 2016",2026-10-04
https://ifanca.org/resources/golden-milk/,Golden Milk,Recipe,,"March 31, 2016",2026-10-04
https://ifanca.org/resources/rosewater-macarons/,Rosewater Macarons,Recipe,,"March 31, 2016",2026-10-04
https://ifanca.org/resources/spinach-and-endive-salad-with-crusted-scallops/,Spinach and Endive Salad with Crusted Scallops,Recipe,,"March 31, 2016",2026-10-04
https://ifanca.org/resources/mushroom-spinach-and-asparagus-frittata/,"Mushroom, Spinach, and Asparagus Frittata",Recipe,,"March 31, 2016",2026-10-04
https://ifanca.org/resources/milk-a-choice-beverage/,Milk: A Choice Beverage,Article,,"March 31, 2016",2026-10-04
https://ifanca.org/resources/how-diluting-face-to-face-contact-is-making-us-unhealthier-unhappier/,"How Diluting Face-to-Face Contact Is Making Us Unhealthier, Unhappier",Article,,"March 31, 2016",2026-10-04
https://ifanca.org/resources/marathon-training-its-more-than-just-running/,Marathon Training: It’s More Than Just Running,Article,,"March 31, 2016",2026-10-04
https://ifanca.org/resources/the-spice-of-life/,The Spice of Life,Article,,"March 31, 2016",2026-10-04
https://ifanca.org/resources/chocolate-chia-pudding/,Chocolate Chia Pudding,Recipe,,"March 31, 2016",2026-10-04
https://ifanca.org/resources/almond-parmesan-topping/,Almond “Parmesan” Topping,Recipe,,"March 31, 2016",2026-10-04
https://ifanca.org/resources/why-consumers-are-going-nuts-over-nuts-seeds/,Why Consumers Are Going Nuts Over Nuts & Seeds,Article,,"March 31, 2016",2026-10-04
https://ifanca.org/resources/from-the-publishers-desk-spring-2016/,From the Publisher’s Desk,Editorial,,"March 31, 2016",2026-10-04
https://ifanca.org/resources/editors-note-spring-2016/,Editor’s Note,Editorial,,"March 31, 2016",2026-10-04
https://ifanca.org/resources/halal-cooking-club/,Halal Cooking Club,Article,,"December 31, 2015",2026-10-04
https://ifanca.org/resources/ginger-beard-men/,Ginger-“Beard” Men,Recipe,,"December 31, 2015",2026-10-04
https://ifanca.org/resources/slow-cooked-lamb-with-fresh-figs/,Slow Cooked Lamb with Fresh Figs,Recipe,,"December 31, 2015",2026-10-04
https://ifanca.org/resources/tandoori-roasted-chicken/,Tandoori Roasted Chicken,Recipe,,"December 31, 2015",2026-10-04
https://ifanca.org/resources/baked-sweet-potatoes-with-sliced-apples-and-figs/,Baked Sweet Potatoes with Sliced Apples and Figs,Recipe,,"December 31, 2015",2026-10-04
https://ifanca.org/resources/fig-walnut-chocolate-chip-cookies/,Fig Walnut Chocolate Chip Cookies,Recipe,,"December 31, 2015",2026-10-04
https://ifanca.org/resources/thai-soup-with-healing-bone-broth/,Thai Soup with Healing Bone Broth,Recipe,,"December 31, 2015",2026-10-04
https://ifanca.org/resources/the-whey-of-the-world/,The “Whey” of the World,Article,,"December 31, 2015",2026-10-04
https://ifanca.org/resources/exceptional-food-of-the-quran-figs/,Exceptional Food of the Quran: Figs,Article,,"December 31, 2015",2026-10-04
https://ifanca.org/resources/battling-the-winter-blues-seasonal-affective-disorder/,Battling the Winter Blues: Seasonal Affective Disorder,Article,,"December 31, 2015",2026-10-04
https://ifanca.org/resources/itching-for-a-cure-dealing-with-eczema/,Itching for a Cure: Dealing with Eczema,Article,,"December 31, 2015",2026-10-04
https://ifanca.org/resources/classics-with-a-twist/,Classics with a Twist,Article,,"December 31, 2015",2026-10-04
https://ifanca.org/resources/how-does-your-indoor-garden-grow/,How Does Your Indoor Garden Grow?,Article,,"December 31, 2015",2026-10-04
https://ifanca.org/resources/from-the-publishers-desk-winter-2015/,From the Publisher’s Desk,Editorial,,"December 31, 2015",2026-10-04
https://ifanca.org/resources/editors-note-winter-2015/,Editor’s Note,Editorial,,"December 31, 2015",2026-10-04
https://ifanca.org/resources/family-time-in-the-kitchen/,Family Time in the Kitchen,Article,,"September 30, 2015",2026-10-04
https://ifanca.org/resources/faith-and-tradition-this-eid-ul-adha/,Faith and Tradition This Eid-ul-Adha,Article,,"September 30, 2015",2026-10-04
https://ifanca.org/resources/kitchen-must-haves/,Kitchen Must-Haves,Article,,"September 30, 2015",2026-10-04
https://ifanca.org/resources/healthy-chicken-nuggets-baked-or-sauteed/,"Healthy Chicken Nuggets, Baked or Sautéed",Recipe,,"September 30, 2015",2026-10-04
https://ifanca.org/resources/roasted-root-vegetables/,Roasted Root Vegetables,Recipe,,"September 30, 2015",2026-10-04
https://ifanca.org/resources/open-face-crab-salad-sandwich/,Open Face Crab Salad Sandwich,Recipe,,"September 30, 2015",2026-10-04
https://ifanca.org/resources/spotlight-on-maple-lodge-farms/,Spotlight on Maple Lodge Farms,Spotlight,,"September 30, 2015",2026-10-04
https://ifanca.org/resources/sloppy-joe/,Sloppy Joe,Recipe,,"September 30, 2015",2026-10-04
https://ifanca.org/resources/give-beets-a-chance/,Give Beets a Chance,Article,,"September 30, 2015",2026-10-04
https://ifanca.org/resources/living-with-thyroid-disfunction/,Living with Thyroid Disfunction,Article,,"September 30, 2015",2026-10-04
https://ifanca.org/resources/the-healthy-diet-choosing-quality-over-quantity/,The Healthy Diet: Choosing Quality Over Quantity,Article,,"September 30, 2015",2026-10-04
https://ifanca.org/resources/halal-and-healthy-on-the-go/,Halal and Healthy on the Go,Article,,"September 30, 2015",2026-10-04
https://ifanca.org/resources/from-the-publishers-desk-fall-2015/,From the Publisher’s Desk,Editorial,,"September 30, 2015",2026-10-04
https://ifanca.org/resources/editors-note-fall-2015/,Editor’s Note,Editorial,,"September 30, 2015",2026-10-04
https://ifanca.org/resources/preserving-the-trust-ensuring-integrity-in-the-halal-food-industry/,Preserving the Trust: Ensuring Integrity in the Halal Food Industry,Article,,"June 30, 2015",2026-10-04
https://ifanca.org/resources/culinary-kids/,Culinary Kids,Article,,"June 30, 2015",2026-10-04
https://ifanca.org/resources/chocolate-hazelnut-mixed-berry-smoothie/,Chocolate Hazelnut Mixed Berry Smoothie,Recipe,,"June 30, 2015",2026-10-04
https://ifanca.org/resources/chicken-roulade/,Chicken Roulade,Recipe,,"June 30, 2015",2026-10-04
https://ifanca.org/resources/bombay-breakfast-wrap/,Bombay Breakfast Wrap,Recipe,,"June 30, 2015",2026-10-04
https://ifanca.org/resources/black-bean-and-cucumber-summer-salad/,Black Bean and Cucumber Summer Salad,Recipe,,"June 30, 2015",2026-10-04
https://ifanca.org/resources/spotlight-on-saffron-road-summer-2015/,Spotlight on Saffron Road™,Spotlight,,"June 30, 2015",2026-10-04
https://ifanca.org/resources/the-skinny-on-lecithin/,The Skinny on Lecithin,Article,,"June 30, 2015",2026-10-04
https://ifanca.org/resources/cooling-cucumbers/,Cooling Cucumbers,Article,,"June 30, 2015",2026-10-04
https://ifanca.org/resources/fasting-and-furious-muslim-athletes-in-ramadan/,Fasting and Furious: Muslim Athletes in Ramadan,Article,,"June 30, 2015",2026-10-04
https://ifanca.org/resources/breakfast-at-dinner/,Breakfast at Dinner,Article,,"June 30, 2015",2026-10-04
https://ifanca.org/resources/from-the-publishers-desk-summer-2015/,From the Publisher’s Desk,Editorial,,"June 30, 2015",2026-10-04
https://ifanca.org/resources/editors-note-summer-2015/,Editor’s Note,Editorial,,"June 30, 2015",2026-10-04
https://ifanca.org/resources/frying-with-faith-muslim-chefs-in-the-meat-of-the-matter/,Frying with Faith: Muslim Chefs in the Meat of the Matter,Article,,"March 31, 2015",2026-10-04
https://ifanca.org/resources/toxic-cookware-is-it-time-to-ban-your-pots-and-pans/,Toxic Cookware: Is It Time to Ban Your Pots and Pans?,Article,,"March 31, 2015",2026-10-04
https://ifanca.org/resources/coconut-ginger-glazed-salmon/,Coconut Ginger Glazed Salmon,Recipe,,"March 31, 2015",2026-10-04
https://ifanca.org/resources/three-bean-chicken-chili/,Three-Bean Chicken Chili,Recipe,,"March 31, 2015",2026-10-04
https://ifanca.org/resources/shrimp-leek-and-spinach-pasta/,"Shrimp, Leek, and Spinach Pasta",Recipe,,"March 31, 2015",2026-10-04
https://ifanca.org/resources/no-mayo-tuna-salad/,No-Mayo Tuna Salad,Recipe,,"March 31, 2015",2026-10-04
https://ifanca.org/resources/spotlight-on-jm-foods/,Spotlight on J&M® Foods,Spotlight,,"March 31, 2015",2026-10-04
https://ifanca.org/resources/glycerin-a-common-ingredient/,Glycerin: A Common Ingredient,Article,,"March 31, 2015",2026-10-04
https://ifanca.org/resources/gods-creatures-of-the-sea/,God’s Creatures of the Sea,Article,,"March 31, 2015",2026-10-04
https://ifanca.org/resources/eat-this-not-that/,"Eat This, Not That!",Article,,"March 31, 2015",2026-10-04
https://ifanca.org/resources/sleep-hygiene-how-to-get-that-good-nights-sleep/,Sleep Hygiene: How to Get That Good Night’s Sleep,Article,,"March 31, 2015",2026-10-04
https://ifanca.org/resources/local-meets-global-flavor/,Local Meets Global Flavor,Article,,"March 31, 2015",2026-10-04
https://ifanca.org/resources/from-the-publishers-desk-spring-2015/,From the Publisher’s Desk,Editorial,,"March 31, 2015",2026-10-04
https://ifanca.org/resources/editors-note-spring-2015/,Editor’s Note,Editorial,,"March 31, 2015",2026-10-04
https://ifanca.org/resources/vegan-muslims-plant-based-and-proud/,Vegan Muslims: Plant-Based and Proud,Article,,"December 31, 2014",2026-10-04
https://ifanca.org/resources/caring-for-the-skin-god-gave-us/,Caring for the Skin God Gave Us,Article,,"December 31, 2014",2026-10-04
https://ifanca.org/resources/apple-spice-cake/,Apple Spice Cake,Recipe,,"December 31, 2014",2026-10-04
https://ifanca.org/resources/vegetable-curry/,Vegetable Curry,Recipe,,"December 31, 2014",2026-10-04
https://ifanca.org/resources/olive-cheese-bruschetta/,Olive & Cheese Bruschetta,Recipe,,"December 31, 2014",2026-10-04
https://ifanca.org/resources/spotlight-on-amara-cosmetics/,Spotlight on Amara Cosmetics,Spotlight,,"December 31, 2014",2026-10-04
https://ifanca.org/resources/folic-acid-the-unborn-childs-lifeline/,Folic Acid: The Unborn Child’s Lifeline,Article,,"December 31, 2014",2026-10-04
https://ifanca.org/resources/the-sweetness-of-honey/,The Sweetness of Honey,Article,,"December 31, 2014",2026-10-04
https://ifanca.org/resources/folly-or-fodder-clearing-the-air-on-gmos/,Folly or Fodder? Clearing the Air on GMOs,Article,,"December 31, 2014",2026-10-04
https://ifanca.org/resources/stress-and-your-health/,Stress and Your Health,Article,,"December 31, 2014",2026-10-04
https://ifanca.org/resources/futuristic-food-trends-not-your-mamas-kitchen-anymore/,Futuristic Food Trends: Not Your Mama’s Kitchen Anymore,Article,,"December 31, 2014",2026-10-04
https://ifanca.org/resources/a-secret-ingredient/,A Secret Ingredient,Article,,"December 31, 2014",2026-10-04
https://ifanca.org/resources/from-the-publishers-desk-winter-2014/,From the Publisher’s Desk,Editorial,,"December 31, 2014",2026-10-04
https://ifanca.org/resources/editors-note-winter-2014/,Editor’s Note,Editorial,,"December 31, 2014",2026-10-04
https://ifanca.org/resources/development-supported-agriculture-more-than-just-a-backyard-garden/,Development-Supported Agriculture: More Than Just a Backyard Garden,Article,,"September 30, 2014",2026-10-04
https://ifanca.org/resources/halal-while-traveling/,Halal While Traveling,Article,,"September 30, 2014",2026-10-04
https://ifanca.org/resources/classic-carrot-cake-with-mascarpone-cream/,Classic Carrot Cake with Mascarpone Cream,Recipe,,"September 30, 2014",2026-10-04
https://ifanca.org/resources/ginger-pomegranate-chicken-with-couscous/,Ginger Pomegranate Chicken with Couscous,Recipe,,"September 30, 2014",2026-10-04
https://ifanca.org/resources/dragonfruit-salad/,Dragonfruit Salad,Recipe,,"September 30, 2014",2026-10-04
https://ifanca.org/resources/chai-oatmeal/,Chai Oatmeal,Recipe,,"September 30, 2014",2026-10-04
https://ifanca.org/resources/spotlight-on-organic-valley-fall-2014/,Spotlight on Organic Valley,Spotlight,,"September 30, 2014",2026-10-04
https://ifanca.org/resources/a-taste-of-heaven-pomegranates/,A Taste of Heaven: Pomegranates,Article,,"September 30, 2014",2026-10-04
https://ifanca.org/resources/liquid-sun-its-what-the-doctor-forgot-to-order/,Liquid Sun: It’s What the Doctor Forgot to Order,Article,,"September 30, 2014",2026-10-04
https://ifanca.org/resources/breakfast-is-best/,Breakfast Is Best,Article,,"September 30, 2014",2026-10-04
https://ifanca.org/resources/fighting-seasonal-allergies-the-all-natural-way/,Fighting Seasonal Allergies the All-Natural Way,Article,,"September 30, 2014",2026-10-04
https://ifanca.org/resources/forget-apples-and-oranges-excite-your-palate-with-these-exotic-fruits/,Forget Apples & Oranges: Excite Your Palate with These Exotic Fruits,Article,,"September 30, 2014",2026-10-04
https://ifanca.org/resources/three-step-cauliflower-rice/,Three-Step Cauliflower “Rice”,Recipe,,"September 30, 2014",2026-10-04
https://ifanca.org/resources/brighten-your-plate-with-colorful-cauliflower/,Brighten Your Plate with Colorful Cauliflower,Article,,"September 30, 2014",2026-10-04
https://ifanca.org/resources/from-the-publishers-desk-fall-2014/,From the Publisher’s Desk,Editorial,,"September 30, 2014",2026-10-04
https://ifanca.org/resources/editors-note-fall-2014/,Editor’s Note,Editorial,,"September 30, 2014",2026-10-04
https://ifanca.org/resources/blessings-in-disguise-the-long-days-of-ramadan/,Blessings in Disguise: The Long Days of Ramadan,Article,,"June 30, 2014",2026-10-04
https://ifanca.org/resources/crafty-fun-while-fasting/,Crafty Fun While Fasting!,Article,,"June 30, 2014",2026-10-04
https://ifanca.org/resources/slow-cooker-cashew-ginger-chicken/,Slow Cooker Cashew Ginger Chicken,Recipe,,"June 30, 2014",2026-10-04
https://ifanca.org/resources/slow-cooker-lamb/,Slow Cooker Lamb,Recipe,,"June 30, 2014",2026-10-04
https://ifanca.org/resources/watermelon-and-feta-salad/,Watermelon and Feta Salad,Recipe,,"June 30, 2014",2026-10-04
https://ifanca.org/resources/pickled-beets/,Pickled Beets,Recipe,,"June 30, 2014",2026-10-04
https://ifanca.org/resources/cabbage-apple-and-kohlrabi-slaw/,"Cabbage, Apple, and Kohlrabi Slaw",Recipe,,"June 30, 2014",2026-10-04
https://ifanca.org/resources/medjool-date-power-balls/,Medjool Date Power Balls,Recipe,,"June 30, 2014",2026-10-04
https://ifanca.org/resources/spotlight-on-bard-valley-natural-delights/,Spotlight on Bard Valley Natural Delights,Spotlight,,"June 30, 2014",2026-10-04
https://ifanca.org/resources/understanding-mono-and-diglycerides/,Understanding Mono- and Diglycerides,Article,,"June 30, 2014",2026-10-04
https://ifanca.org/resources/fruit-of-heaven/,Fruit of Heaven,Article,,"June 30, 2014",2026-10-04
https://ifanca.org/resources/mouthwatering-mango-lassi/,Mouthwatering Mango Lassi,Recipe,,"June 30, 2014",2026-10-04
https://ifanca.org/resources/simplifying-suhoor-is-as-easy-as-a-b-c/,"Simplifying Suhoor Is as Easy as A, B, C…",Article,,"June 30, 2014",2026-10-04
https://ifanca.org/resources/the-art-of-canning/,The Art of Canning,Article,,"June 30, 2014",2026-10-04
https://ifanca.org/resources/exploring-exotic-vegetables/,Exploring Exotic Vegetables,Article,,"June 30, 2014",2026-10-04
https://ifanca.org/resources/from-the-publishers-desk-summer-2014/,From the Publisher’s Desk,Editorial,,"June 30, 2014",2026-10-04
https://ifanca.org/resources/editors-note-summer-2014/,Editor’s Note,Editorial,,"June 30, 2014",2026-10-04
https://ifanca.org/resources/pregnancy-and-diabetes/,Pregnancy and Diabetes,Article,,"March 31, 2014",2026-10-04
https://ifanca.org/resources/make-room-for-a-fresh-spring/,Make Room for a Fresh Spring,Article,,"March 31, 2014",2026-10-04
https://ifanca.org/resources/childhood-hunger-from-dirt-paths-to-school-hallways/,Childhood Hunger: From Dirt Paths to School Hallways,Article,,"March 31, 2014",2026-10-04
https://ifanca.org/resources/vegetable-freekeh-pilaf/,Vegetable Freekeh Pilaf,Recipe,,"March 31, 2014",2026-10-04
https://ifanca.org/resources/umami-bomb-burger/,Umami Bomb Burger,Recipe,,"March 31, 2014",2026-10-04
https://ifanca.org/resources/kibbeh-batata-lebanese-mashed-potatoes-with-bulgur/,Kibbeh Batata (Lebanese Mashed Potatoes with Bulgur),Recipe,,"March 31, 2014",2026-10-04
https://ifanca.org/resources/homemade-yogurt/,Homemade Yogurt,Recipe,,"March 31, 2014",2026-10-04
https://ifanca.org/resources/vegetable-egg-cheddar-strata/,"Vegetable, Egg & Cheddar Strata",Recipe,,"March 31, 2014",2026-10-04
https://ifanca.org/resources/spotlight-on-cabot-creamery-cooperative/,Spotlight on Cabot Creamery Cooperative,Spotlight,,"March 31, 2014",2026-10-04
https://ifanca.org/resources/do-you-always-know-what-youre-eating/,Do You Always Know What You’re Eating?,Article,,"March 31, 2014",2026-10-04
https://ifanca.org/resources/olives-olive-oil-fad-or-fab/,Olives & Olive Oil: Fad or Fab?,Article,,"March 31, 2014",2026-10-04
https://ifanca.org/resources/health-and-halal-theres-an-app-for-that/,Health and Halal? There’s an App for That,Article,,"March 31, 2014",2026-10-04
https://ifanca.org/resources/got-umami/,Got Umami?,Article,,"March 31, 2014",2026-10-04
https://ifanca.org/resources/probing-probiotics/,Probing Probiotics,Article,,"March 31, 2014",2026-10-04
https://ifanca.org/resources/get-your-freekeh-on/,Get Your Freekeh On!,Article,,"March 31, 2014",2026-10-04
https://ifanca.org/resources/from-the-publishers-desk-spring-2014/,From the Publisher’s Desk,Editorial,,"March 31, 2014",2026-10-04
https://ifanca.org/resources/editors-note-spring-2014/,Editor’s Note,Editorial,,"March 31, 2014",2026-10-04
https://ifanca.org/resources/the-uncocoa/,The “Uncocoa”,Recipe,,"December 31, 2013",2026-10-04
https://ifanca.org/resources/homemade-cold-comforter/,Homemade Cold Comforter,Recipe,,"December 31, 2013",2026-10-04
https://ifanca.org/resources/the-cold-war/,The “Cold War”,Article,,"December 31, 2013",2026-10-04
https://ifanca.org/resources/vegan-chili/,Vegan Chili,Recipe,,"December 31, 2013",2026-10-04
https://ifanca.org/resources/not-like-mama-used-to-make-vegetarians-and-vegans-redefine-comfort-food/,Not Like Mama Used to Make: Vegetarians and Vegans Redefine “Comfort Food”,Article,,"December 31, 2013",2026-10-04
https://ifanca.org/resources/warming-up-with-winter-crafts/,Warming Up with Winter Crafts,Article,,"December 31, 2013",2026-10-04
https://ifanca.org/resources/healthified-chocolate-chip-cookies/,Healthified Chocolate Chip Cookies,Recipe,,"December 31, 2013",2026-10-04
https://ifanca.org/resources/vegetarian-lasagna/,Vegetarian Lasagna,Recipe,,"December 31, 2013",2026-10-04
https://ifanca.org/resources/lighten-up-eating-well-this-winter/,Lighten Up: Eating Well This Winter,Article,,"December 31, 2013",2026-10-04
https://ifanca.org/resources/ifanca-is-the-islamic-economy-award-recipient-for-compliance-and-standardization/,IFANCA® Is the Islamic Economy Award Recipient for Compliance and Standardization,Article,,"December 31, 2013",2026-10-04
https://ifanca.org/resources/keep-moving-this-winter/,Keep Moving This Winter,Article,,"December 31, 2013",2026-10-04
https://ifanca.org/resources/azimas-mantu-recipe/,Azima’s Mantu Recipe,Recipe,,"December 31, 2013",2026-10-04
https://ifanca.org/resources/happiness-in-a-bowl-comfort-food-from-around-the-world/,Happiness in a Bowl: Comfort Food from Around the World,Article,,"December 31, 2013",2026-10-04
https://ifanca.org/resources/home-baked-bread/,Home-Baked Bread,Recipe,,"December 31, 2013",2026-10-04
https://ifanca.org/resources/apple-cake/,Apple Cake,Recipe,,"December 31, 2013",2026-10-04
https://ifanca.org/resources/homemade-hot-cocoa/,Homemade Hot Cocoa,Recipe,,"December 31, 2013",2026-10-04
https://ifanca.org/resources/make-your-house-a-home-an-aromatic-endeavor/,Make Your House a Home: An Aromatic Endeavor,Article,,"December 31, 2013",2026-10-04
https://ifanca.org/resources/h2o-remixed-staying-hydrated-during-the-winter/,H2O Remixed: Staying Hydrated During the Winter,Article,,"December 31, 2013",2026-10-04
https://ifanca.org/resources/from-the-publishers-desk-winter-2013/,From the Publisher’s Desk,Editorial,,"December 31, 2013",2026-10-04
https://ifanca.org/resources/editors-note-winter-2013/,Editor’s Note,Editorial,,"December 31, 2013",2026-10-04
https://ifanca.org/resources/ifanca-halal-certified-retail-products-available-in-the-us-market/,IFANCA® Halal Certified Retail Products Available in the US Market,Article,,"September 30, 2013",2026-10-04
https://ifanca.org/resources/chocolate-cheese-truffles/,Chocolate Cheese Truffles,Recipe,,"September 30, 2013",2026-10-04
https://ifanca.org/resources/banana-date-bread/,Banana Date Bread,Recipe,,"September 30, 2013",2026-10-04
https://ifanca.org/resources/meat-loaf/,Meat Loaf,Recipe,,"September 30, 2013",2026-10-04
https://ifanca.org/resources/chicken-soup-sandwich/,Chicken Soup & Sandwich,Recipe,,"September 30, 2013",2026-10-04
https://ifanca.org/resources/simmering-special-soup/,Simmering Special Soup,Recipe,,"September 30, 2013",2026-10-04
https://ifanca.org/resources/egg-sandwich/,Egg Sandwich,Recipe,,"September 30, 2013",2026-10-04
https://ifanca.org/resources/school-snacking-and-success/,"School, Snacking, and Success",Article,,"September 30, 2013",2026-10-04
https://ifanca.org/resources/healthy-snacks/,Healthy Snacks,Article,,"September 30, 2013",2026-10-04
https://ifanca.org/resources/parental-tips/,Parental Tips,Article,,"September 30, 2013",2026-10-04
https://ifanca.org/resources/lunchtime-bliss/,Lunchtime Bliss,Article,,"September 30, 2013",2026-10-04
https://ifanca.org/resources/modesty-a-challenge-for-teenage-muslim-girls/,Modesty—A Challenge for Teenage Muslim Girls,Article,,"September 30, 2013",2026-10-04
https://ifanca.org/resources/avocado-lime-popsicles/,Avocado Lime Popsicles,Recipe,,"September 30, 2013",2026-10-04
https://ifanca.org/resources/changing-eating-habits/,Changing Eating Habits,Article,,"September 30, 2013",2026-10-04
https://ifanca.org/resources/preparing-children-with-special-dietary-needs-for-school/,Preparing Children with Special Dietary Needs for School,Article,,"September 30, 2013",2026-10-04
https://ifanca.org/resources/creative-and-attractive-snacks/,Creative and Attractive Snacks,Article,,"September 30, 2013",2026-10-04
https://ifanca.org/resources/from-the-publishers-desk-fall-2013/,From the Publisher’s Desk,Editorial,,"September 30, 2013",2026-10-04
https://ifanca.org/resources/editors-note-fall-2013/,Editor’s Note,Editorial,,"September 30, 2013",2026-10-04
https://ifanca.org/resources/sports-energy-drinks-should-you-believe-the-hype/,Sports & Energy Drinks: Should You Believe The Hype?,Article,,"June 30, 2013",2026-10-04
https://ifanca.org/resources/water-the-source-of-life/,Water: The Source of Life,Article,,"June 30, 2013",2026-10-04
https://ifanca.org/resources/strawberry-and-feta-salad/,Strawberry and Feta Salad,Recipe,,"June 30, 2013",2026-10-04
https://ifanca.org/resources/vegetable-pizza/,Vegetable Pizza,Recipe,,"June 30, 2013",2026-10-04
https://ifanca.org/resources/pan-grilled-chicken-burger/,Pan Grilled Chicken Burger,Recipe,,"June 30, 2013",2026-10-04
https://ifanca.org/resources/roasted-brussels-sprouts/,Roasted Brussels Sprouts,Recipe,,"June 30, 2013",2026-10-04
https://ifanca.org/resources/oven-roasted-potato-wedges/,Oven Roasted Potato Wedges,Recipe,,"June 30, 2013",2026-10-04
https://ifanca.org/resources/carrot-rice-pudding/,Carrot Rice Pudding,Recipe,,"June 30, 2013",2026-10-04
https://ifanca.org/resources/carrot-halwa/,Carrot Halwa,Recipe,,"June 30, 2013",2026-10-04
https://ifanca.org/resources/low-calorie-bread-pudding/,Low Calorie Bread Pudding,Recipe,,"June 30, 2013",2026-10-04
https://ifanca.org/resources/halal-united-an-integrated-approach/,Halal United: An Integrated Approach,Article,,"June 30, 2013",2026-10-04
https://ifanca.org/resources/cucumber-smoothies/,Cucumber Smoothies,Recipe,,"June 30, 2013",2026-10-04
https://ifanca.org/resources/veggielicious-delicious/,Veggielicious Delicious,Article,,"June 30, 2013",2026-10-04
https://ifanca.org/resources/explore-the-history-of-halal-consumer-magazine/,Explore the History of Halal Consumer Magazine,Article,,"June 30, 2013",2026-10-04
https://ifanca.org/resources/fasting-your-way-to-better-health/,Fasting Your Way to Better Health,Article,,"June 30, 2013",2026-10-04
https://ifanca.org/resources/simply-the-best-halal-and-wholesome/,Simply the Best: Halal and Wholesome,Article,,"June 30, 2013",2026-10-04
https://ifanca.org/resources/moderation-is-the-key/,Moderation Is the Key,Article,,"June 30, 2013",2026-10-04
https://ifanca.org/resources/healthy-desserts-fact-or-myth/,Healthy Desserts—Fact or Myth?,Article,,"June 30, 2013",2026-10-04
https://ifanca.org/resources/junk-food-ones-junk-food-can-be-anothers-lifeline/,Junk Food—One’s Junk Food Can Be Another’s Lifeline,Article,,"June 30, 2013",2026-10-04
https://ifanca.org/resources/food-choices-in-the-land-of-abundance/,Food Choices in the Land of Abundance,Article,,"June 30, 2013",2026-10-04
https://ifanca.org/resources/from-the-publishers-desk-summer-2013/,From the Publisher’s Desk,Editorial,,"June 30, 2013",2026-10-04
https://ifanca.org/resources/editors-note-summer-2013/,Editor’s Note,Editorial,,"June 30, 2013",2026-10-04
https://ifanca.org/resources/healthful-wonder-foods/,Healthful Wonder Foods,Article,,"March 31, 2013",2026-10-04
https://ifanca.org/resources/the-perfect-cup-of-tea/,The Perfect Cup of Tea,Article,,"March 31, 2013",2026-10-04
https://ifanca.org/resources/falafel-and-cucumber-sauce/,Falafel and Cucumber Sauce,Recipe,,"March 31, 2013",2026-10-04
https://ifanca.org/resources/moroccan-grilled-lamb-chops/,Moroccan Grilled Lamb Chops,Recipe,,"March 31, 2013",2026-10-04
https://ifanca.org/resources/roast-breast-of-lamb-moroccan-style/,Roast Breast of Lamb Moroccan Style,Recipe,,"March 31, 2013",2026-10-04
https://ifanca.org/resources/eating-for-your-heart/,Eating for Your Heart,Article,,"March 31, 2013",2026-10-04
https://ifanca.org/resources/baklava/,Baklava,Recipe,,"March 31, 2013",2026-10-04
https://ifanca.org/resources/lentil-rice/,Lentil Rice,Recipe,,"March 31, 2013",2026-10-04
https://ifanca.org/resources/stuffed-zucchini/,Stuffed Zucchini,Recipe,,"March 31, 2013",2026-10-04
https://ifanca.org/resources/stuffed-grape-leaves/,Stuffed Grape Leaves,Recipe,,"March 31, 2013",2026-10-04
https://ifanca.org/resources/salmon-panzanella/,Salmon Panzanella,Recipe,,"March 31, 2013",2026-10-04
https://ifanca.org/resources/tomato-salad/,Tomato Salad,Recipe,,"March 31, 2013",2026-10-04
https://ifanca.org/resources/hummus/,Hummus,Recipe,,"March 31, 2013",2026-10-04
https://ifanca.org/resources/quick-easy-grilled-fish-fillets/,Quick & Easy Grilled Fish Fillets,Recipe,,"March 31, 2013",2026-10-04
https://ifanca.org/resources/get-grilling/,Get Grilling,Article,,"March 31, 2013",2026-10-04
https://ifanca.org/resources/lower-your-risk-of-cardiovascular-diseases-with-the-mediterranean-diet/,Lower Your Risk of Cardiovascular Diseases with the Mediterranean Diet,Article,,"March 31, 2013",2026-10-04
https://ifanca.org/resources/the-culture-of-mediterranean-cuisine/,The Culture of Mediterranean Cuisine,Article,,"March 31, 2013",2026-10-04
https://ifanca.org/resources/halal-word-puzzle/,Halal Word Puzzle,Puzzle,,"March 31, 2013",2026-10-04
https://ifanca.org/resources/another-warning-dont-ignore-flavors-in-your-food/,Another Warning: Don’t Ignore Flavors in Your Food,Article,,"March 31, 2013",2026-10-04
https://ifanca.org/resources/globalization-of-halal/,Globalization of Halal,Article,,"March 31, 2013",2026-10-04
https://ifanca.org/resources/the-health-benefits-of-eating-greens/,The Health Benefits of Eating Greens,Article,,"March 31, 2013",2026-10-04
https://ifanca.org/resources/eat-halal-eat-healthy/,"Eat Halal, Eat Healthy",Article,,"March 31, 2013",2026-10-04
https://ifanca.org/resources/bring-a-bit-of-mediterranean-lifestyle-into-your-home/,Bring a Bit of Mediterranean Lifestyle into Your Home,Article,,"March 31, 2013",2026-10-04
https://ifanca.org/resources/from-the-publishers-desk-spring-2013/,From the Publisher’s Desk,Editorial,,"March 31, 2013",2026-10-04
https://ifanca.org/resources/editors-note-spring-2013/,Editor’s Note,Editorial,,"March 31, 2013",2026-10-04
https://ifanca.org/resources/fordson-faith-football-and-the-american-dream/,"Fordson: Faith, Football and the American Dream",Article,,"December 31, 2012",2026-10-04
https://ifanca.org/resources/food-for-the-soul/,Food for the Soul,Article,,"December 31, 2012",2026-10-04
https://ifanca.org/resources/comfort-foods-across-cultures/,Comfort Foods Across Cultures,Article,,"December 31, 2012",2026-10-04
https://ifanca.org/resources/the-dietitian-is-in-a-prescription-to-aging-gracefully/,The Dietitian Is In—A Prescription to Aging Gracefully,Article,,"December 31, 2012",2026-10-04
https://ifanca.org/resources/food-fraud-on-us-dining-tables/,Food Fraud on US Dining Tables,Article,,"December 31, 2012",2026-10-04
https://ifanca.org/resources/the-case-for-halal-certification-if-there-is-no-meat-in-a-product/,The Case for Halal Certification if There Is No Meat in a Product,Article,,"December 31, 2012",2026-10-04
https://ifanca.org/resources/halal-for-entrepreneurs-your-key-to-new-markets/,Halal for Entrepreneurs: Your Key to New Markets,Article,,"December 31, 2012",2026-10-04
https://ifanca.org/resources/the-buzz-on-facebook-com-halalconsumer/,The Buzz on Facebook.com/HalalConsumer,Article,,"December 31, 2012",2026-10-04
https://ifanca.org/resources/whey-to-go-the-best-kept-health-weight-management-secret/,Whey to Go: The Best Kept Health (& Weight Management) Secret,Article,,"December 31, 2012",2026-10-04
https://ifanca.org/resources/the-fit-muslim-come-rain-or-snow/,The Fit Muslim—Come Rain or Snow,Article,,"December 31, 2012",2026-10-04
https://ifanca.org/resources/butternut-squash-soup/,Butternut Squash Soup,Recipe,,"December 31, 2012",2026-10-04
https://ifanca.org/resources/spiced-brownies/,Spiced Brownies,Recipe,,"December 31, 2012",2026-10-04
https://ifanca.org/resources/eggplant-and-arugula-salad/,Eggplant and Arugula Salad,Recipe,,"December 31, 2012",2026-10-04
https://ifanca.org/resources/spicy-haute-dining/,Spicy Haute Dining,Article,,"December 31, 2012",2026-10-04
https://ifanca.org/resources/does-it-have-to-be-organic/,Does It Have to Be Organic?,Article,,"December 31, 2012",2026-10-04
https://ifanca.org/resources/when-the-price-is-not-always-right/,When the Price Is Not Always Right,Article,,"December 31, 2012",2026-10-04
https://ifanca.org/resources/from-the-publishers-desk-winter-2012/,From the Publisher’s Desk,Editorial,,"December 31, 2012",2026-10-04
https://ifanca.org/resources/editors-note-winter-2012/,Editor’s Note,Editorial,,"December 31, 2012",2026-10-04
https://ifanca.org/resources/speckled-chocolate-chip-cookies/,Speckled Chocolate Chip Cookies,Recipe,,"September 30, 2012",2026-10-04
https://ifanca.org/resources/peanut-butter-cookies/,Peanut Butter Cookies,Recipe,,"September 30, 2012",2026-10-04
https://ifanca.org/resources/oatmeal-berry-bars/,Oatmeal-Berry Bars,Recipe,,"September 30, 2012",2026-10-04
https://ifanca.org/resources/crepes/,Crêpes,Recipe,,"September 30, 2012",2026-10-04
https://ifanca.org/resources/chocolate-brownies/,Chocolate Brownies,Recipe,,"September 30, 2012",2026-10-04
https://ifanca.org/resources/apple-crisp/,Apple Crisp,Recipe,,"September 30, 2012",2026-10-04
https://ifanca.org/resources/get-your-bean-flour-fix/,Get Your Bean Flour Fix,Recipe,,"September 30, 2012",2026-10-04
https://ifanca.org/resources/clean-labels-a-story-of-consumer-clout/,Clean Labels: A Story of Consumer Clout,Article,,"September 30, 2012",2026-10-04
https://ifanca.org/resources/give-thanks-like-there-is-no-tomorrow/,Give Thanks Like There Is No Tomorrow,Article,,"September 30, 2012",2026-10-04
https://ifanca.org/resources/chewy-ginger-cookies/,Chewy Ginger Cookies,Recipe,,"September 30, 2012",2026-10-04
https://ifanca.org/resources/maple-walnut-sticky-bars-with-clove-scented-shortbread/,Maple Walnut Sticky Bars with Clove Scented Shortbread,Recipe,,"September 30, 2012",2026-10-04
https://ifanca.org/resources/cornmeal-rosemary-cookies/,Cornmeal Rosemary Cookies,Recipe,,"September 30, 2012",2026-10-04
https://ifanca.org/resources/oat-crisps-with-cranberries-and-orange/,Oat Crisps with Cranberries and Orange,Recipe,,"September 30, 2012",2026-10-04
https://ifanca.org/resources/thanksgiving-treats-with-malika-ameen/,Thanksgiving Treats with Malika Ameen,Article,,"September 30, 2012",2026-10-04
https://ifanca.org/resources/snack-on-this-the-not-so-lowly-lentil-makes-a-comeback/,Snack on This: The Not-So-Lowly Lentil Makes a Comeback,Article,,"September 30, 2012",2026-10-04
https://ifanca.org/resources/seekh-kebab-outdoor-grilling/,Seekh Kebab (Outdoor Grilling),Recipe,,"September 30, 2012",2026-10-04
https://ifanca.org/resources/chapli-kebab-burgers/,Chapli Kebab Burgers,Recipe,,"September 30, 2012",2026-10-04
https://ifanca.org/resources/dopiyaaza-wrap/,Dopiyaaza Wrap,Recipe,,"September 30, 2012",2026-10-04
https://ifanca.org/resources/beef-sandwich/,Beef Sandwich,Recipe,,"September 30, 2012",2026-10-04
https://ifanca.org/resources/getting-a-head-start-pilgrims-hajj-bound-younger/,"Getting a Head Start: Pilgrims Hajj Bound, Younger",Article,,"September 30, 2012",2026-10-04
https://ifanca.org/resources/food-deserts-scarcity-in-the-lands-of-plenty/,Food Deserts: Scarcity in the Lands of Plenty,Article,,"September 30, 2012",2026-10-04
https://ifanca.org/resources/the-buzz-on-facebook-com-halal-consumer-fall-2012/,The Buzz on Facebook.com/HalalConsumer,Article,,"September 30, 2012",2026-10-04
https://ifanca.org/resources/hand-slaughter-sparing-animal-suffering/,Hand Slaughter – Sparing Animal Suffering,Article,,"September 30, 2012",2026-10-04
https://ifanca.org/resources/do-it-yourself-udhiyah-sacrifices-on-the-rise-in-the-usa/,Do-it-Yourself Udhiyah Sacrifices on the Rise in the USA,Article,,"September 30, 2012",2026-10-04
https://ifanca.org/resources/halal-is-it-here-yet/,Halal: Is It Here Yet?,Article,,"September 30, 2012",2026-10-04
https://ifanca.org/resources/unwrapped-packaging-you-can-eat/,Unwrapped: Packaging You Can Eat,Article,,"September 30, 2012",2026-10-04
https://ifanca.org/resources/from-the-publishers-desk-fall-2012/,From the Publisher’s Desk,Editorial,,"September 30, 2012",2026-10-04
https://ifanca.org/resources/editors-note-fall-2012/,Editor’s Note,Editorial,,"September 30, 2012",2026-10-04
https://ifanca.org/resources/halal-on-the-go-vacationing-while-muslim/,Halal on the Go: Vacationing While Muslim,Article,,"June 30, 2012",2026-10-04
https://ifanca.org/resources/think-outside-the-envelope-creative-eid-gifts-from-five-muslim-owned-companies/,Think Outside the Envelope: Creative Eid Gifts from Five Muslim-Owned Companies,Article,,"June 30, 2012",2026-10-04
https://ifanca.org/resources/national-school-lunch-standards-get-a-makeover-schools-raise-the-bar/,National School Lunch Standards Get a Makeover & Schools Raise the Bar,Article,,"June 30, 2012",2026-10-04
https://ifanca.org/resources/the-a-z-of-makeup/,The A-Z of Makeup,Article,,"June 30, 2012",2026-10-04
https://ifanca.org/resources/dearborns-meals-on-wheels-delivers-a-recipe-for-halal-success/,Dearborn’s Meals on Wheels Delivers a Recipe for Halal Success,Article,,"June 30, 2012",2026-10-04
https://ifanca.org/resources/ka-ching-the-economic-impact-of-ramadan/,Ka-Ching! The Economic Impact of Ramadan,Article,,"June 30, 2012",2026-10-04
https://ifanca.org/resources/a-farm-to-fridge-journey-into-the-world-of-halal-a-midan-webinar/,A Farm to Fridge Journey into the World of Halal: A MIDAN Webinar,Article,,"June 30, 2012",2026-10-04
https://ifanca.org/resources/halal-finds-a-home-at-university-of-chicago/,Halal Finds a Home at University of Chicago,Article,,"June 30, 2012",2026-10-04
https://ifanca.org/resources/sharing-the-essence-of-ramadan/,Sharing the Essence of Ramadan,Article,,"June 30, 2012",2026-10-04
https://ifanca.org/resources/in-the-spirit-of-ramadan/,In the Spirit of Ramadan,Article,,"June 30, 2012",2026-10-04
https://ifanca.org/resources/a-childs-first-fast/,A Child’s First Fast,Article,,"June 30, 2012",2026-10-04
https://ifanca.org/resources/from-the-publishers-desk-summer-2012/,From the Publisher’s Desk,Editorial,,"June 30, 2012",2026-10-04
https://ifanca.org/resources/editors-note-summer-2012/,Editor’s Note,Editorial,,"June 30, 2012",2026-10-04
https://ifanca.org/resources/halal-shoppers-quick-reference-guide-to-products/,Halal Shopper’s Quick Reference Guide to Products,Guide,,"April 25, 2012",2026-10-04
https://ifanca.org/resources/palestinian-anzac-biscuits/,Palestinian Anzac Biscuits,Recipe,,"March 31, 2012",2026-10-04
https://ifanca.org/resources/malaysian-banana-and-coconut-pudding/,Malaysian Banana and Coconut Pudding,Recipe,,"March 31, 2012",2026-10-04
https://ifanca.org/resources/indo-pak-kalakund/,Indo-Pak Kalakund,Recipe,,"March 31, 2012",2026-10-04
https://ifanca.org/resources/sudanese-baseema-cake/,Sudanese Baseema Cake,Recipe,,"March 31, 2012",2026-10-04
https://ifanca.org/resources/syrian-baklava/,Syrian Baklava,Recipe,,"March 31, 2012",2026-10-04
https://ifanca.org/resources/kids-in-the-kitchen-a-cooking-competition/,Kids in the Kitchen: A Cooking Competition!,Article,,"March 31, 2012",2026-10-04
https://ifanca.org/resources/foods-of-paradise/,Foods of Paradise,Article,,"March 31, 2012",2026-10-04
https://ifanca.org/resources/portion-control-a-new-years-resolution/,Portion Control: A New Year’s Resolution,Article,,"March 31, 2012",2026-10-04
https://ifanca.org/resources/its-good-for-you/,It’s Good for You,Article,,"March 31, 2012",2026-10-04
https://ifanca.org/resources/demystifying-food-labels/,Demystifying Food Labels,Article,,"March 31, 2012",2026-10-04
https://ifanca.org/resources/halal-and-nutrition-workshops-at-a-venue-near-you/,Halal and Nutrition Workshops: At a Venue Near You,Article,,"March 31, 2012",2026-10-04
https://ifanca.org/resources/refreshing-peach-tea/,Refreshing Peach Tea,Recipe,,"March 31, 2012",2026-10-04
https://ifanca.org/resources/spring-strawberry-lemonade/,Spring Strawberry Lemonade,Recipe,,"March 31, 2012",2026-10-04
https://ifanca.org/resources/skinny-french-vanilla-iced-coffee/,Skinny French Vanilla Iced Coffee,Recipe,,"March 31, 2012",2026-10-04
https://ifanca.org/resources/creme-caramel-iced-coffee/,Crème Caramel Iced Coffee,Recipe,,"March 31, 2012",2026-10-04
https://ifanca.org/resources/a-splash-of-hazelnut-syrup/,A Splash of Hazelnut Syrup,Article,,"March 31, 2012",2026-10-04
https://ifanca.org/resources/ifancas-religious-advisor-passes-away/,IFANCA’s Religious Advisor Passes Away,Article,,"March 31, 2012",2026-10-04
https://ifanca.org/resources/waste-not-want-not/,"Waste Not, Want Not",Article,,"March 31, 2012",2026-10-04
https://ifanca.org/resources/drinking-your-way-to-wellness/,Drinking Your Way to Wellness,Article,,"March 31, 2012",2026-10-04
https://ifanca.org/resources/from-the-publishers-desk-spring-2012/,From the Publisher’s Desk,Editorial,,"March 31, 2012",2026-10-04
https://ifanca.org/resources/editors-note-spring-2012/,Editor’s Note,Editorial,,"March 31, 2012",2026-10-04
https://ifanca.org/resources/halal-shoppers-guide-to-ingredients/,Halal Shopper’s Guide to Ingredients,Guide,Ingredients,"September 21, 2011",2026-10-04
https://ifanca.org/resources/coconut-flan/,Coconut Flan,Recipe,,"March 31, 2011",2026-10-04
https://ifanca.org/resources/shrimp-scampi-mediterraneo/,Shrimp Scampi Mediterraneo,Recipe,,"March 31, 2011",2026-10-04
https://ifanca.org/resources/chickpea-sun-dried-tomato-salad/,Chickpea & Sun-Dried Tomato Salad,Recipe,,"March 31, 2011",2026-10-04
https://ifanca.org/resources/cooking-with-yvonne/,Cooking with Yvonne,Article,,"March 31, 2011",2026-10-04
https://ifanca.org/resources/halal-certification-101-for-entreprenuers/,Halal Certification 101 For Entreprenuers,Article,,"March 31, 2011",2026-10-04
https://ifanca.org/resources/underserved-american-muslim-halal-food-needs/,Underserved American-Muslim Halal Food Needs,Article,,"March 31, 2011",2026-10-04
https://ifanca.org/resources/a-healthy-smile-goes-a-long-way/,A Healthy Smile Goes a Long Way,Article,,"March 31, 2011",2026-10-04
https://ifanca.org/resources/sugar-vs-high-fructose-corn-syrup/,Sugar vs. High Fructose Corn Syrup,Article,,"March 31, 2011",2026-10-04
https://ifanca.org/resources/traditional-ingredients-make-a-comeback/,Traditional Ingredients Make a Comeback,Article,,"March 31, 2011",2026-10-04
https://ifanca.org/resources/lactose-not-just-in-milk/,Lactose—Not Just in Milk,Article,,"March 31, 2011",2026-10-04
https://ifanca.org/resources/sauces-and-marinades-a-halal-perspective/,Sauces and Marinades: A Halal Perspective,Article,,"March 31, 2011",2026-10-04
https://ifanca.org/resources/a-learning-curve-food-ingredients-additives-processing-aids-in-the-food-industry/,"A Learning Curve: Food Ingredients, Additives & Processing Aids in the Food Industry",Article,,"March 31, 2011",2026-10-04
https://ifanca.org/resources/ifanca-in-the-media/,IFANCA in the Media,Article,,"March 31, 2011",2026-10-04
https://ifanca.org/resources/ifanca-news/,IFANCA News,Article,,"March 31, 2011",2026-10-04
https://ifanca.org/resources/us-companies-cut-back-on-salt/,US Companies Cut Back on Salt,Article,,"March 31, 2011",2026-10-04
https://ifanca.org/resources/halal-new-frontiers-13th-international-halal-food-conference-2011/,Halal: New Frontiers: 13th International Halal Food Conference 2011,Article,,"March 31, 2011",2026-10-04
https://ifanca.org/resources/from-the-publishers-desk-spring-2011/,From the Publisher’s Desk,Editorial,,"March 31, 2011",2026-10-04
https://ifanca.org/resources/editors-note-spring-2011/,Editor’s Note,Editorial,,"March 31, 2011",2026-10-04
https://ifanca.org/resources/ifanca-news-fall-2010/,IFANCA News,Article,,"September 30, 2010",2026-10-04
https://ifanca.org/resources/brand-new-concept-www-halalhealthy-com/,Brand New Concept: www.HalalHealthy.com,Article,,"September 30, 2010",2026-10-04
https://ifanca.org/resources/hygiene-products-for-hajj-pilgrims/,Hygiene Products for Hajj Pilgrims,Article,,"September 30, 2010",2026-10-04
https://ifanca.org/resources/ifanca-halal-certified-company-news/,IFANCA Halal-Certified Company News,Article,,"September 30, 2010",2026-10-04
https://ifanca.org/resources/halal-happenings/,Halal Happenings,Article,,"September 30, 2010",2026-10-04
https://ifanca.org/resources/americans-searching-for-halal-ifanca-at-nra-show/,Americans Searching for Halal: IFANCA at NRA Show,Article,,"September 30, 2010",2026-10-04
https://ifanca.org/resources/universities-giving-lip-service-to-halal/,Universities Giving Lip Service to Halal?,Article,,"September 30, 2010",2026-10-04
https://ifanca.org/resources/halal-foods-at-hospitals/,Halal Foods at Hospitals,Article,,"September 30, 2010",2026-10-04
https://ifanca.org/resources/halal-catering-goes-mainstream/,Halal Catering Goes Mainstream,Article,,"September 30, 2010",2026-10-04
https://ifanca.org/resources/sheer-khurma-sweet-vermicelli-with-milk/,Sheer Khurma (Sweet Vermicelli with Milk),Recipe,,"September 30, 2010",2026-10-04
https://ifanca.org/resources/lemon-and-black-pepper-rubbed-chicken-cutlets/,Lemon and Black Pepper Rubbed Chicken Cutlets,Recipe,,"September 30, 2010",2026-10-04
https://ifanca.org/resources/pot-roast/,Pot Roast,Recipe,,"September 30, 2010",2026-10-04
https://ifanca.org/resources/stir-fry-potato-wedges/,Stir Fry Potato Wedges,Recipe,,"September 30, 2010",2026-10-04
https://ifanca.org/resources/chicken-patty-melt-appetizers/,Chicken Patty Melt Appetizers,Recipe,,"September 30, 2010",2026-10-04
https://ifanca.org/resources/from-west-to-east-an-eid-ul-adha-feast/,"From West to East, an Eid-Ul-Adha Feast",Recipe,,"September 30, 2010",2026-10-04
https://ifanca.org/resources/the-benefits-of-hajj/,The Benefits of Hajj,Article,,"September 30, 2010",2026-10-04
https://ifanca.org/resources/from-the-publishers-desk-fall-2010/,From the Publisher’s Desk,Editorial,,"September 30, 2010",2026-10-04
https://ifanca.org/resources/editors-note-fall-2010/,Editor’s Note,Editorial,,"September 30, 2010",2026-10-04
https://ifanca.org/resources/honey-as-a-healer/,Honey as a Healer,Article,,"March 31, 2010",2026-10-04
https://ifanca.org/resources/double-crust-honey-crisp-apple-pie/,Double-Crust Honey Crisp Apple Pie,Recipe,,"March 31, 2010",2026-10-04
https://ifanca.org/resources/5-minute-frittata/,5-Minute Frittata,Recipe,,"March 31, 2010",2026-10-04
https://ifanca.org/resources/chicken-bouillabaisse/,Chicken Bouillabaisse,Recipe,,"March 31, 2010",2026-10-04
https://ifanca.org/resources/creamy-chicken-mushroom-pasta/,Creamy Chicken & Mushroom Pasta,Recipe,,"March 31, 2010",2026-10-04
https://ifanca.org/resources/banana-blueberry-loaf/,Banana Blueberry Loaf,Recipe,,"March 31, 2010",2026-10-04
https://ifanca.org/resources/bismillah-and-buon-appetito/,Bismillah and Buon Appetito!,Recipe,,"March 31, 2010",2026-10-04
https://ifanca.org/resources/aash-noodle-and-ground-beef-soup/,Aash (Noodle and Ground Beef Soup),Recipe,,"March 31, 2010",2026-10-04
https://ifanca.org/resources/mantu-dumplings/,Mantu (Dumplings),Recipe,,"March 31, 2010",2026-10-04
https://ifanca.org/resources/firney-rice-pudding/,Firney (Rice Pudding),Recipe,,"March 31, 2010",2026-10-04
https://ifanca.org/resources/kabuli-pulao/,Kabuli Pulao,Recipe,,"March 31, 2010",2026-10-04
https://ifanca.org/resources/afghani-comfort-foods/,Afghani Comfort Foods,Recipe,,"March 31, 2010",2026-10-04
https://ifanca.org/resources/spiritual-nourishment/,Spiritual Nourishment,Article,,"March 31, 2010",2026-10-04
https://ifanca.org/resources/the-significance-of-milk-choose-what-is-natural/,The Significance of Milk—Choose What is Natural,Article,,"March 31, 2010",2026-10-04
https://ifanca.org/resources/seed-of-blessing-a-natural-remedy/,Seed of Blessing—A Natural Remedy,Article,,"March 31, 2010",2026-10-04
https://ifanca.org/resources/test-your-halal-iq/,Test Your Halal IQ,Puzzle,,"March 31, 2010",2026-10-04
https://ifanca.org/resources/ifanca-halal-certified-company-news-spring-2010/,IFANCA Halal-Certified Company News,Article,,"March 31, 2010",2026-10-04
https://ifanca.org/resources/halal-happenings-spring-2010/,Halal Happenings,Article,,"March 31, 2010",2026-10-04
https://ifanca.org/resources/halal-as-a-way-of-life-a-mind-body-soul-connection/,"Halal as a Way of Life—A Mind, Body, Soul Connection",Article,,"March 31, 2010",2026-10-04
https://ifanca.org/resources/not-as-simple-anymore/,Not as Simple Anymore!,Article,,"March 31, 2010",2026-10-04
https://ifanca.org/resources/dietary-supplements-by-nutrilite/,Dietary Supplements by Nutrilite,Spotlight,,"March 31, 2010",2026-10-04
https://ifanca.org/resources/from-the-publishers-desk-spring-2010/,From the Publisher’s Desk,Editorial,,"March 31, 2010",2026-10-04
https://ifanca.org/resources/editors-note-spring-2010/,Editor’s Note,Editorial,,"March 31, 2010",2026-10-04
https://ifanca.org/resources/knock-out-ramadan-punch/,Knock-Out Ramadan Punch,Recipe,,"June 30, 2009",2026-10-04
https://ifanca.org/resources/halal-barbeque-chicken/,Halal Barbeque Chicken,Recipe,,"June 30, 2009",2026-10-04
https://ifanca.org/resources/creamy-casserole/,Creamy Casserole,Recipe,,"June 30, 2009",2026-10-04
https://ifanca.org/resources/raspberry-guacamole-tortilla-chips/,Raspberry Guacamole & Tortilla Chips,Recipe,,"June 30, 2009",2026-10-04
https://ifanca.org/resources/8-layer-taco-dip-tortilla-chips/,8-Layer Taco Dip & Tortilla Chips,Recipe,,"June 30, 2009",2026-10-04
https://ifanca.org/resources/shine-with-sunrider/,Shine with Sunrider®,Spotlight,Resources,"June 30, 2009",2026-10-04
https://ifanca.org/resources/green-food-packaging-why-halal-consumers-should-care/,Green Food Packaging & Why Halal Consumers Should Care,Article,,"June 30, 2009",2026-10-04
https://ifanca.org/resources/easy-breezy-iftaar-recipes/,"Easy, Breezy Iftaar Recipes",Article,,"June 30, 2009",2026-10-04
https://ifanca.org/resources/ramadan/,Ramadan,Article,,"June 30, 2009",2026-10-04
https://ifanca.org/resources/halal-happenings-summer-2009/,Halal Happenings,Article,,"June 30, 2009",2026-10-04
https://ifanca.org/resources/keeping-e-coli-at-bay/,Keeping E.Coli at Bay,Article,,"June 30, 2009",2026-10-04
https://ifanca.org/resources/e-numbers-what-should-muslim-consumers-know/,E-Numbers: What Should Muslim Consumers Know?,Article,,"June 30, 2009",2026-10-04
https://ifanca.org/resources/ifanca-halal-certified-company-news-summer-2009/,IFANCA Halal-Certified Company News,Article,,"June 30, 2009",2026-10-04
https://ifanca.org/resources/did-you-know/,Did You Know?,Puzzle,,"June 30, 2009",2026-10-04
https://ifanca.org/resources/mail-bag/,Mail Bag,Article,,"June 30, 2009",2026-10-04
https://ifanca.org/resources/chocolate-dipped-cranberry-cookies/,Chocolate Dipped Cranberry Cookies,Recipe,,"June 30, 2009",2026-10-04
https://ifanca.org/resources/cranberries-natures-medicine/,Cranberries—Nature’s Medicine,Article,,"June 30, 2009",2026-10-04
https://ifanca.org/resources/supplements-which-when-why/,"Supplements—Which, When & Why?",Article,,"June 30, 2009",2026-10-04
https://ifanca.org/resources/birth-to-three-the-golden-years-in-childhood-nutrition/,Birth to Three—The Golden Years in Childhood Nutrition,Article,,"June 30, 2009",2026-10-04
https://ifanca.org/resources/equal-service-for-equal-fees-muslim-students-seek-halal-food-service-on-campuses/,Equal-Service-for-Equal-Fees: Muslim Students Seek Halal Food Service on Campuses,Article,,"June 30, 2009",2026-10-04
https://ifanca.org/resources/from-the-publishers-desk-summer-2009/,From the Publisher’s Desk,Editorial,,"June 30, 2009",2026-10-04
https://ifanca.org/resources/editors-note-summer-2009/,Editor’s Note,Editorial,,"June 30, 2009",2026-10-04
https://ifanca.org/resources/halal-happenings-winter-2008/,Halal Happenings,Article,,"December 31, 2008",2026-10-04
https://ifanca.org/resources/ifanca-halal-certified-company-news-winter-2008/,IFANCA Halal-Certified Company News,Article,,"December 31, 2008",2026-10-04
https://ifanca.org/resources/global-leader-in-nutritionals-abbott-receives-halal-certification-world-wide/,"Global Leader in Nutritionals, Abbott Receives Halal Certification World-Wide",Spotlight,,"December 31, 2008",2026-10-04
https://ifanca.org/resources/vanilla-flavoring/,Vanilla Flavoring,Article,,"December 31, 2008",2026-10-04
https://ifanca.org/resources/is-vinegar-halal/,Is Vinegar Halal?,Article,,"December 31, 2008",2026-10-04
https://ifanca.org/resources/the-conscientious-halal-consumer/,"The Conscientious, Halal Consumer",Article,,"December 31, 2008",2026-10-04
https://ifanca.org/resources/halal-certified-cosmetics-and-personal-care-products-where-purity-comes-first/,Halal Certified Cosmetics and Personal Care Products: Where Purity Comes First,Article,,"December 31, 2008",2026-10-04
https://ifanca.org/resources/halal-organic-doubling-up-on-health/,Halal & Organic: Doubling Up On Health,Article,,"December 31, 2008",2026-10-04
https://ifanca.org/resources/from-the-desk-of-muhammad-munir-chaudry-president-ifanca/,"From the Desk of Muhammad Munir Chaudry President, IFANCA",Editorial,,"December 31, 2008",2026-10-04
https://ifanca.org/resources/editors-note-winter-2008/,Editor’s Note,Editorial,,"December 31, 2008",2026-10-04
https://ifanca.org/resources/important-days-in-the-islamic-calendar-in-2008-2009/,Important Days in the Islamic Calendar in 2008–2009,Article,,"June 30, 2008",2026-10-04
https://ifanca.org/resources/get-grilling-halal-top-sirloin-kebabs-with-avocado-sauce/,Get Grilling—Halal Top Sirloin Kebabs with Avocado Sauce,Recipe,,"June 30, 2008",2026-10-04
https://ifanca.org/resources/ifanca-mail-bag/,IFANCA Mail Bag,Article,,"June 30, 2008",2026-10-04
https://ifanca.org/resources/ifanca-in-the-news-summer-2008/,IFANCA in the News,Article,,"June 30, 2008",2026-10-04
https://ifanca.org/resources/halal-happenings-summer-2008/,Halal Happenings,Article,,"June 30, 2008",2026-10-04
https://ifanca.org/resources/ifanca-halal-certified-company-news-summer-2008/,IFANCA Halal-Certified Company News,Article,,"June 30, 2008",2026-10-04
https://ifanca.org/resources/reading-and-understanding-nutritional-labels/,Reading and Understanding Nutritional Labels,Article,,"June 30, 2008",2026-10-04
https://ifanca.org/resources/sell-by-use-by-best-if-used-by-what-do-all-those-dates-mean/,"Sell By, Use By, Best If Used By—What Do All those Dates Mean?",Article,,"June 30, 2008",2026-10-04
https://ifanca.org/resources/the-blessings-of-the-olive-tree/,The Blessings of the Olive Tree,Article,,"June 30, 2008",2026-10-04
https://ifanca.org/resources/test-your-food-iq/,Test Your Food IQ,Puzzle,,"June 30, 2008",2026-10-04
https://ifanca.org/resources/fats-oils-and-their-impact-on-health/,"Fats, Oils and Their Impact on Health",Article,,"June 30, 2008",2026-10-04
https://ifanca.org/resources/does-water-need-to-be-halal-certified/,Does Water Need to Be Halal-Certified?,Article,,"June 30, 2008",2026-10-04
https://ifanca.org/resources/why-zabiha-muslims-speak-up/,Why Zabiha? Muslims Speak Up,Article,,"June 30, 2008",2026-10-04
https://ifanca.org/resources/halal-vs-zabiha-whats-the-difference/,Halal vs. Zabiha : What’s the Difference?,Article,,"June 30, 2008",2026-10-04
https://ifanca.org/resources/get-to-know-us/,Get to Know Us,Article,,"June 30, 2008",2026-10-04
https://ifanca.org/resources/from-the-desk-of-muhammad-munir-chaudry-presidant-ifanca-summer-2008/,"From the Desk of Muhammad Munir Chaudry, President, IFANCA",Editorial,,"June 30, 2008",2026-10-04
https://ifanca.org/resources/editors-note-summer-2008/,Editor’s Note,Editorial,,"June 30, 2008",2026-10-04
https://ifanca.org/resources/fresh-frozen-or-canned-whats-best/,"Fresh, Frozen or Canned—What’s Best?",Article,,"December 31, 2007",2026-10-04
https://ifanca.org/resources/600-turkeys-delivered-during-thanksgiving-2007-turkey-drive/,600 Turkeys Delivered During Thanksgiving 2007 Turkey Drive!,Article,,"December 31, 2007",2026-10-04
https://ifanca.org/resources/ifanca-in-the-news-winter-2007/,IFANCA in the News,Article,,"December 31, 2007",2026-10-04
https://ifanca.org/resources/halal-happenings-winter-2007/,Halal Happenings,Article,,"December 31, 2007",2026-10-04
https://ifanca.org/resources/mediterranean-7-layer-bean-dip/,Mediterranean 7-Layer Bean Dip,Recipe,,"December 31, 2007",2026-10-04
https://ifanca.org/resources/banana-cream-tart/,Banana Cream Tart,Recipe,,"December 31, 2007",2026-10-04
https://ifanca.org/resources/ifanca-halal-certified-company-news-winter-2007/,IFANCA-Halal Certified Company News,Article,,"December 31, 2007",2026-10-04
https://ifanca.org/resources/get-to-know-us-ifanca-staff/,Get to Know Us,Article,,"December 31, 2007",2026-10-04
https://ifanca.org/resources/foodservice-distributors-and-the-halal-industry/,Foodservice Distributors and the Halal Industry,Article,,"December 31, 2007",2026-10-04
https://ifanca.org/resources/is-kontos-on-your-plate/,Is Kontos on your Plate?,Article,,"December 31, 2007",2026-10-04
https://ifanca.org/resources/from-the-publishers-desk-winter-2007/,From the Publisher’s Desk,Editorial,,"December 31, 2007",2026-10-04
https://ifanca.org/resources/editors-note-winter-2007/,Editor’s Note,Editorial,,"December 31, 2007",2026-10-04
https://ifanca.org/resources/chocolate-liquor-root-beer-cooking-wine-and-non-alcoholic-beer-are-they-halal/,"Chocolate Liquor, Root Beer, Cooking Wine and Non-Alcoholic Beer—Are they Halal?",Article,,"June 30, 2007",2026-10-04
https://ifanca.org/resources/following-the-prophetic-diet/,Following the Prophetic Diet,Article,,"June 30, 2007",2026-10-04
https://ifanca.org/resources/jump-start-your-weight-loss-diet-with-halal-whey-protein/,Jump Start Your Weight Loss Diet with Halal Whey Protein,Article,,"June 30, 2007",2026-10-04
https://ifanca.org/resources/ifanca-halal-certified-company-news-summer-2007/,IFANCA Halal-Certified Company News,Article,,"June 30, 2007",2026-10-04
https://ifanca.org/resources/halal-happenings-summer-2007/,Halal Happenings,Article,,"June 30, 2007",2026-10-04
https://ifanca.org/resources/ifanca-clients-honored-at-9th-international-halal-food-conference-and-banquet/,IFANCA Clients Honored at 9th International Halal Food Conference and Banquet,Article,,"June 30, 2007",2026-10-04
https://ifanca.org/resources/issues-affecting-the-halal-consumption-of-food/,Issues Affecting the Halal Consumption of Food,Article,,"June 30, 2007",2026-10-04
https://ifanca.org/resources/who-is-supplying-your-suppliers-insuring-the-halal-status-of-flavors-and-ingredients/,Who Is Supplying Your Suppliers? Insuring the Halal Status of Flavors and Ingredients,Article,,"June 30, 2007",2026-10-04
https://ifanca.org/resources/the-real-world-of-halal-from-a-manufacturers-viewpoint/,The Real World of Halal from a Manufacturer’s Viewpoint,Article,,"June 30, 2007",2026-10-04
https://ifanca.org/resources/25th-year-anniversary-ifanca-in-historic-perspective/,25th Year Anniversary: IFANCA in Historic Perspective,Article,,"June 30, 2007",2026-10-04
https://ifanca.org/resources/get-to-know-us-summer-2007/,Get to Know Us,Article,,"June 30, 2007",2026-10-04
https://ifanca.org/resources/homemade-halal-chicken-broth/,Homemade Halal Chicken Broth,Recipe,,"June 30, 2007",2026-10-04
https://ifanca.org/resources/chicken-corn-tortilla-soup/,Chicken Corn Tortilla Soup,Recipe,,"June 30, 2007",2026-10-04
https://ifanca.org/resources/cheddar-corn-bread/,Cheddar Corn Bread,Recipe,,"June 30, 2007",2026-10-04
https://ifanca.org/resources/ifanca-certified-halal-cabot-cheese-at-grocery-stores-nationwide/,IFANCA-Certified Halal Cabot Cheese at Grocery Stores Nationwide!,Spotlight,,"June 30, 2007",2026-10-04
https://ifanca.org/resources/al-safa-halal-zabiha-fast-food-in-the-frozen-food-aisle/,Al Safa Halal: Zabiha Fast Food in the Frozen Food Aisle,Spotlight,,"June 30, 2007",2026-10-04
https://ifanca.org/resources/from-the-publishers-desk-summer-2007/,From the Publisher’s Desk,Editorial,,"June 30, 2007",2026-10-04
https://ifanca.org/resources/editors-note-summer-2007/,Editor’s Note,Editorial,,"June 30, 2007",2026-10-04
https://ifanca.org/resources/halal-dairy-ingredients-now-available-for-muslim-food/,Halal Dairy Ingredients Now Available for Muslim Food,Article,,"March 31, 2007",2026-10-04
https://ifanca.org/resources/eating-out-alert-for-halal-customers/,Eating Out Alert for Halal Customers,Article,,"March 31, 2007",2026-10-04
https://ifanca.org/resources/pistachio-cake-recipe/,Pistachio Cake Recipe,Recipe,,"March 31, 2007",2026-10-04
https://ifanca.org/resources/go-nuts-with-paramount-farms-halal-certified-almonds-and-pistachios/,"Go Nuts with Paramount Farms, Halal Certified Almonds and Pistachios",Spotlight,,"March 31, 2007",2026-10-04
https://ifanca.org/resources/to-your-health-the-usda-gets-kids-going-with-new-guidelines-on-food/,To Your Health: The USDA Gets Kids Going with New Guidelines on Food,Article,,"March 31, 2007",2026-10-04
https://ifanca.org/resources/ifanca-certified-company-news/,IFANCA Certified Company News,Article,,"March 31, 2007",2026-10-04
https://ifanca.org/resources/halal-happenings-spring-2007/,Halal Happenings,Article,,"March 31, 2007",2026-10-04
https://ifanca.org/resources/get-to-know-us-spring-2007/,Get to Know Us,Article,,"March 31, 2007",2026-10-04
https://ifanca.org/resources/from-the-publishers-desk-spring-2007/,From the Publisher’s Desk,Editorial,,"March 31, 2007",2026-10-04
https://ifanca.org/resources/editors-note-spring-2007/,Editor’s Note,Editorial,,"March 31, 2007",2026-10-04
https://ifanca.org/resources/why-zabeeha-part-ii/,Why Zabeeha?—Part II,Article,,"September 30, 2006",2026-10-04
https://ifanca.org/resources/got-halal-american-universities-offer-halal-dining-services/,Got Halal? American Universities Offer Halal Dining Services,Article,,"September 30, 2006",2026-10-04
https://ifanca.org/resources/chesapeake-bay-style-crab-cakes/,Chesapeake Bay-Style Crab Cakes,Recipe,,"September 30, 2006",2026-10-04
https://ifanca.org/resources/lobster-bisque/,Lobster Bisque,Recipe,,"September 30, 2006",2026-10-04
https://ifanca.org/resources/lobster-for-lunch/,Lobster for Lunch,Recipe,,"September 30, 2006",2026-10-04
https://ifanca.org/resources/the-fountain-of-health/,The Fountain of Health,Article,,"September 30, 2006",2026-10-04
https://ifanca.org/resources/a-perfect-cup-of-tea/,A Perfect Cup of Tea,Article,,"September 30, 2006",2026-10-04
https://ifanca.org/resources/new-ifanca-halal-certified-companies/,New IFANCA Halal Certified Companies,Article,,"September 30, 2006",2026-10-04
https://ifanca.org/resources/ifanca-certified-company-news-fall-2006/,IFANCA Certified Company News,Article,,"September 30, 2006",2026-10-04
https://ifanca.org/resources/ifanca-in-the-news/,IFANCA in the News,Article,,"September 30, 2006",2026-10-04
https://ifanca.org/resources/halal-happenings-fall-2006/,Halal Happenings,Article,,"September 30, 2006",2026-10-04
https://ifanca.org/resources/get-to-know-us-fall-2006/,Get to Know Us,Article,,"September 30, 2006",2026-10-04
https://ifanca.org/resources/get-em-while-theyre-hot-halal-gyros/,Get ‘Em While They’re Hot! Halal Gyros!,Article,,"September 30, 2006",2026-10-04
https://ifanca.org/resources/from-the-publishers-desk-fall-2006/,From the Publisher’s Desk,Editorial,,"September 30, 2006",2026-10-04
https://ifanca.org/resources/editors-note-fall-2006/,Editor’s Note,Editorial,,"September 30, 2006",2026-10-04
https://ifanca.org/resources/the-last-sermon/,The Last Sermon,Article,,"March 31, 2006",2026-10-04
https://ifanca.org/resources/why-zabeeha/,Why Zabeeha?,Article,,"March 31, 2006",2026-10-04
https://ifanca.org/resources/whats-in-natural-and-artificial-flavors/,What’s in Natural and Artificial Flavors?,Article,,"March 31, 2006",2026-10-04
https://ifanca.org/resources/whats-amena-having-for-lunch/,What’s Amena Having for Lunch?,Article,,"March 31, 2006",2026-10-04
https://ifanca.org/resources/soups-for-spring/,Soups for Spring,Recipe,,"March 31, 2006",2026-10-04
https://ifanca.org/resources/chocolate-mousse-napoleons-with-strawberries-cream/,Chocolate Mousse Napoleons with Strawberries & Cream,Recipe,,"March 31, 2006",2026-10-04
https://ifanca.org/resources/banana-chocolate-samosas/,Banana Chocolate Samosas,Recipe,,"March 31, 2006",2026-10-04
https://ifanca.org/resources/garlic-sauce/,Garlic Sauce,Recipe,,"March 31, 2006",2026-10-04
https://ifanca.org/resources/buffalo-style-chicken-wings/,Buffalo Style Chicken Wings,Recipe,,"March 31, 2006",2026-10-04
https://ifanca.org/resources/finger-lickin-goodies/,Finger Lickin’ Goodies,Article,,"March 31, 2006",2026-10-04
https://ifanca.org/resources/a-spoonful-of-omega-3/,A Spoonful of Omega-3,Article,,"March 31, 2006",2026-10-04
https://ifanca.org/resources/heart-healthy-dark-chocolate/,Heart-Healthy Dark Chocolate,Article,,"March 31, 2006",2026-10-04
https://ifanca.org/resources/ifanca-operated-sabeel-food-pantry-boon-to-the-area/,IFANCA-Operated Sabeel Food Pantry Boon to the Area,Article,,"March 31, 2006",2026-10-04
https://ifanca.org/resources/compassionate-care-network-a-muslim-physicians-initiative/,Compassionate Care Network: A Muslim Physician’s Initiative,Article,,"March 31, 2006",2026-10-04
https://ifanca.org/resources/ifanca-aids-relief-efforts-in-pakistan-need-remains-dire/,IFANCA Aids Relief Efforts in Pakistan: Need Remains Dire,Article,,"March 31, 2006",2026-10-04
https://ifanca.org/resources/zunaira-zaheer-khader-memorial-scholarship/,Zunaira Zaheer Khader Memorial Scholarship,Article,,"March 31, 2006",2026-10-04
https://ifanca.org/resources/ifanca-sponsors-five-1000-scholarships-for-muslim-students/,"IFANCA Sponsors Five $1,000 Scholarships for Muslim Students",Article,,"March 31, 2006",2026-10-04
https://ifanca.org/resources/ifanca-at-conference-in-amsterdam-and-kuala-lumpur-in-2006/,IFANCA at Conference in Amsterdam and Kuala Lumpur in 2006,Article,,"March 31, 2006",2026-10-04
https://ifanca.org/resources/ifanca-at-south-african-halal-food-conferences/,IFANCA at South African Halal Food Conferences,Article,,"March 31, 2006",2026-10-04
https://ifanca.org/resources/ifanca-certified-company-news-spring-2006/,IFANCA-Certified Company News,Article,,"March 31, 2006",2026-10-04
https://ifanca.org/resources/jm-food-products-a-profile/,J&M Food Products: A Profile,Spotlight,,"March 31, 2006",2026-10-04
https://ifanca.org/resources/from-the-publishers-desk-spring-2006/,From the Publisher’s Desk,Editorial,,"March 31, 2006",2026-10-04
https://ifanca.org/resources/editors-note-spring-2006/,Editor’s Note,Editorial,,"March 31, 2006",2026-10-04
https://ifanca.org/resources/vanilla-flavoring-in-the-halal-industry/,Vanilla Flavoring in the Halal Industry,Article,,"September 30, 2005",2026-10-04
https://ifanca.org/resources/shoppers-guide/,Shopper’s Guide,Guide,Ingredients,"June 30, 2005",2026-10-04
https://ifanca.org/resources/seventh-international-halal-food-conference-to-be-held-in-durban-south-africa/,"Seventh International Halal Food Conference to Be Held in Durban, South Africa",Article,,"June 30, 2005",2026-10-04
https://ifanca.org/resources/the-ifanca-scholarship-grant-for-university-college-of-technology-and-management-kutpm-malaysia/,The IFANCA Scholarship Grant for University College of Technology and Management (KUTPM) Malaysia,Article,,"June 30, 2005",2026-10-04
https://ifanca.org/resources/gelatin-free-products-a-dream-come-true-for-many/,Gelatin Free Products—A Dream Come True for Many,Article,,"June 30, 2005",2026-10-04
https://ifanca.org/resources/zabiha-or-not-to-zabiha/,Zabiha or Not to Zabiha!,Article,,"June 30, 2005",2026-10-04
https://ifanca.org/resources/enjoy-halal-gyros/,Enjoy Halal Gyros!,Article,,"June 30, 2005",2026-10-04
https://ifanca.org/resources/the-food-meat-of-people-of-the-book/,The Food (Meat) of People of the Book,Article,,"June 30, 2005",2026-10-04
https://ifanca.org/resources/editorial/,Editorial,Editorial,,"June 30, 2005",2026-10-04
https://ifanca.org/resources/ifanca-regional-office-servicing-southeast-asia/,IFANCA Regional Office Servicing Southeast Asia,Article,,"September 30, 2004",2026-10-04
https://ifanca.org/resources/sabeel-food-pantry-holds-the-first-annual-volunteer-appreciation-lunch/,Sabeel Food Pantry Holds the First Annual Volunteer Appreciation Lunch,Article,,"September 30, 2004",2026-10-04
https://ifanca.org/resources/frequently-asked-questions-answers/,Frequently Asked: Questions & Answers,Article,,"September 30, 2004",2026-10-04
https://ifanca.org/resources/gelatin-manufacturing-uses-health-affects-and-issues-of-halal-haram/,"Gelatin: Manufacturing, Uses, Health Affects, and Issues of Halal/Haram",Article,,"September 30, 2004",2026-10-04
https://ifanca.org/resources/halvit-brand-halal-vitamins-available/,HALVIT™ Brand HALAL Vitamins Available,Spotlight,,"September 30, 2004",2026-10-04
https://ifanca.org/resources/hj-abdullah-fahim-director-ifanca-speaks-about-global-trend-in-halal-certification-at-the-halal-food-conference-malaysia/,"Hj. Abdullah Fahim; Director – IFANCA, Speaks About “Global Trend in Halal Certification at the Halal Food Conference Malaysia”",Article,,"September 30, 2004",2026-10-04
https://ifanca.org/resources/dr-mohamed-sadek-v-p-ifanca-discussed-monitoring-and-enforcement-of-halal-food-products-at-the-international-seminar-in-kuala-lumpur/,"Dr. Mohamed Sadek; V.P. IFANCA, Discussed “Monitoring and Enforcement of Halal Food Products at the International Seminar in Kuala Lumpur”",Article,,"September 30, 2004",2026-10-04
https://ifanca.org/resources/editorial-fall-2004/,Editorial,Editorial,,"September 30, 2004",2026-10-04
https://ifanca.org/resources/5th-international-halal-food-conference-proceeding-12-an-overview-of-halal-food-production-and-certification/,5th International Halal Food Conference Proceeding 12: An Overview of Halal Food Production and Certification,Article,,"September 30, 2003",2026-10-04
https://ifanca.org/resources/5th-international-halal-food-conference-proceeding-11-food-safety-as-it-relates-to-islam/,5th International Halal Food Conference Proceeding 11: Food Safety as It Relates to Islam,Article,,"September 30, 2003",2026-10-04
https://ifanca.org/resources/5th-international-halal-food-conference-proceedings-10-the-making-of-halal-french-fries/,5th International Halal Food Conference Proceedings 10: The Making of Halal French Fries,Article,,"September 30, 2003",2026-10-04
https://ifanca.org/resources/5th-international-halal-food-conference-proceedings-8-halal-products-and-certification-experience-at-capsugel/,5th International Halal Food Conference Proceedings 9: Halal Products and Certification Experience at Capsugel®,Article,,"September 30, 2003",2026-10-04
https://ifanca.org/resources/5th-international-halal-food-conference-proceedings-8-halal-in-the-firmenich-world/,5th International Halal Food Conference Proceedings 8: Halal in the Firmenich World,Article,,"September 30, 2003",2026-10-04
https://ifanca.org/resources/5th-international-halal-food-conference-proceedings-6-halal-certification-and-industrys-viewpoint/,5th International Halal Food Conference Proceedings 6: Halal Certification and Industry’s Viewpoint,Article,,"September 30, 2003",2026-10-04
https://ifanca.org/resources/5th-international-halal-food-conference-proceedings-7-standardizing-halal-certification/,5th International Halal Food Conference Proceedings 7: Standardizing Halal Certification,Article,,"September 30, 2003",2026-10-04
https://ifanca.org/resources/5th-international-halal-food-conference-proceedings-5-halal-certification-the-singapore-experience/,5th International Halal Food Conference Proceedings 5: Halal Certification—The Singapore Experience,Article,,"September 30, 2003",2026-10-04
https://ifanca.org/resources/5th-international-halal-food-conference-proceedings-4-indonesian-halal-certification-program/,5th International Halal Food Conference Proceedings 4: Indonesian Halal Certification Program,Article,,"September 30, 2003",2026-10-04
https://ifanca.org/resources/5th-international-halal-food-conference-proceedings-3-halal-certification-in-malaysia/,5th International Halal Food Conference Proceedings 3: Halal Certification in Malaysia,Article,,"September 30, 2003",2026-10-04
https://ifanca.org/resources/5th-international-halal-food-conference-proceedings-2-the-importance-of-halal-certification/,5th International Halal Food Conference Proceedings 2: The Importance of Halal Certification,Article,,"September 30, 2003",2026-10-04
https://ifanca.org/resources/5th-international-halal-food-conference-proceedings-1-halal-certification-learning-from-experience/,5th International Halal Food Conference Proceedings 1:  Halal Certification — Learning From Experience,Article,,"September 30, 2003",2026-10-04
https://ifanca.org/resources/editorial-fall-2003/,Editorial,Editorial,,"September 30, 2003",2026-10-04
https://ifanca.org/resources/shoppers-guide-spring-2003/,Shopper’s Guide,Guide,Ingredients,"March 31, 2003",2026-10-04
https://ifanca.org/resources/ifanca-in-the-news-spring-2003/,IFANCA in the News,Article,,"March 31, 2003",2026-10-04
https://ifanca.org/resources/halal-revisited/,Halal Revisited,Article,,"March 31, 2003",2026-10-04
https://ifanca.org/resources/gmo-issues-in-halal-food/,GMO Issues in Halal Food,Article,,"March 31, 2003",2026-10-04
https://ifanca.org/resources/animal-feed-how-serious-is-this-issue/,Animal Feed! How Serious Is This Issue?,Article,,"March 31, 2003",2026-10-04
https://ifanca.org/resources/benefits-of-ifanca-halal-certification/,Benefits of IFANCA Halal Certification,Article,,"March 31, 2003",2026-10-04
https://ifanca.org/resources/editorial-spring-2003/,Editorial,Editorial,,"March 31, 2003",2026-10-04
https://ifanca.org/resources/shoppers-guide-fall-2002/,Shopper’s Guide,Guide,Ingredients,"September 30, 2002",2026-10-04
https://ifanca.org/resources/presidents-message/,President’s Message,Editorial,,"September 30, 2002",2026-10-04
https://ifanca.org/resources/alcohol-a-great-sin-and-some-benefit/,Alcohol—A Great Sin and Some Benefit,Article,,"September 30, 2002",2026-10-04
https://ifanca.org/resources/enzymes-catalysts-for-life/,Enzymes—Catalysts for Life,Article,,"September 30, 2002",2026-10-04
https://ifanca.org/resources/dalail-e-shariah-the-evidence-of-islamic-law/,"Dalail-e-Shariah, The Evidence of Islamic Law",Article,,"September 30, 2002",2026-10-04
https://ifanca.org/resources/editorial-fall-2002/,Editorial,Editorial,,"September 30, 2002",2026-10-04
https://ifanca.org/resources/frequently-asked-questions-spring-2002/,Frequently Asked Questions,Article,,"March 31, 2002",2026-10-04
https://ifanca.org/resources/historical-perspective-on-halal-certification/,Historical Perspective on Halal Certification,Article,,"March 31, 2002",2026-10-04
https://ifanca.org/resources/editorial-spring-2002/,Editorial,Editorial,,"March 31, 2002",2026-10-04
https://ifanca.org/resources/shoppers-guide-fall-2001/,Shopper’s Guide,Guide,Ingredients,"September 30, 2001",2026-10-04
https://ifanca.org/resources/list-of-some-questionable-e-numbers-to-be-aware-of/,List of Some Questionable E-Numbers to Be Aware of,Article,,"September 30, 2001",2026-10-04
https://ifanca.org/resources/ifanca-at-saudi-halal-food-conference/,IFANCA at Saudi Halal Food Conference,Article,,"September 30, 2001",2026-10-04
https://ifanca.org/resources/e-numbers-for-food-additives-in-europe/,E-Numbers for Food Additives in Europe,Article,,"September 30, 2001",2026-10-04
https://ifanca.org/resources/illinois-halal-food-law/,Illinois Halal Food Law,Article,,"September 30, 2001",2026-10-04
https://ifanca.org/resources/halal-food-laws/,Halal Food Laws,Article,,"September 30, 2001",2026-10-04
https://ifanca.org/resources/two-piece-capsules-designed-to-meet-halal-standards/,Two-Piece Capsules Designed to Meet Halal Standards,Article,,"September 30, 2001",2026-10-04
https://ifanca.org/resources/ifanca-enjoys-muslim-american-society-mas-convention-2001/,IFANCA Enjoys Muslim American Society (MAS) Convention 2001,Article,,"September 30, 2001",2026-10-04
https://ifanca.org/resources/change-of-state-istihala/,Change of State—Istihala,Article,,"September 30, 2001",2026-10-04
https://ifanca.org/resources/international-halal-food-conference-2001/,International Halal Food Conference 2001,Article,,"September 30, 2001",2026-10-04
https://ifanca.org/resources/editorial-fall-2001/,Editorial,Editorial,,"September 30, 2001",2026-10-04
https://ifanca.org/resources/upcoming-ifanca-activities/,Upcoming IFANCA Activities,Article,,"September 30, 2000",2026-10-04
https://ifanca.org/resources/food-beverage-exhibition-held-in-kuala-lumpur-malaysia/,"Food & Beverage Exhibition held in Kuala Lumpur, Malaysia",Article,,"September 30, 2000",2026-10-04
https://ifanca.org/resources/alcohol-a-drink-a-chemical/,Alcohol—A Drink/A Chemical,Article,,"September 30, 2000",2026-10-04
https://ifanca.org/resources/the-halal-gelatin-story/,The Halal Gelatin Story,Article,,"September 30, 2000",2026-10-04
https://ifanca.org/resources/ifanca-and-halal-how-it-all-began/,IFANCA and Halal: How It All Began,Article,,"September 30, 2000",2026-10-04
https://ifanca.org/resources/the-food-meat-of-ahlul-kitab/,The Food (Meat) of Ahlul Kitab,Article,,"September 30, 2000",2026-10-04
https://ifanca.org/resources/editorial-fall-2000/,Editorial,Editorial,,"September 30, 2000",2026-10-04
https://ifanca.org/resources/asean-leading-the-way-to-the-halal-revolution/,ASEAN: Leading the Way to the Halal Revolution,Article,,"June 30, 1998",2026-10-04
https://ifanca.org/resources/editorial-the-islamic-perspective-xv-issue-2/,"Editorial, The Islamic Perspective XV, Issue 2",Editorial,,"June 30, 1998",2026-10-04
https://ifanca.org/resources/the-islamic-perspective-xv-issue-2-summer-1998/,"The Islamic Perspective XV, Issue 2, Summer 1998",Quarterly,,"June 30, 1998",2026-10-04
https://ifanca.org/resources/indonesian-delegates-visit-ifanca/,Indonesian Delegates Visit IFANCA,Article,,"March 31, 1998",2026-10-04
https://ifanca.org/resources/why-should-muslims-eat-halal/,Why Should Muslims Eat Halal?,Article,,"March 31, 1998",2026-10-04
https://ifanca.org/resources/is-kosher-gelatin-halal/,Is Kosher Gelatin Halal?,Article,Ingredients,"March 31, 1998",2026-10-04
https://ifanca.org/resources/editorial-the-islamic-perspective-xv-issue-1/,"Editorial, The Islamic Perspective XV, Issue 1",Editorial,Ingredients,"March 31, 1998",2026-10-04
https://ifanca.org/resources/the-islamic-perspective-xv-issue-1-spring-1998/,"The Islamic Perspective XV, Issue 1, Spring 1998",Quarterly,,"March 31, 1998",2026-10-04
